EXT_SOURCE_3,EXT_SOURCE_2,EXT_SOURCE_1,PAYMENT_RATE,DAYS_EMPLOYED,AMT_ANNUITY,INSTAL_DPD_MEAN,CODE_GENDER,APPROVED_CNT_PAYMENT_MEAN,ACTIVE_DAYS_CREDIT_MAX,INSTAL_AMT_PAYMENT_SUM,CC_CNT_DRAWINGS_ATM_CURRENT_MEAN,OWN_CAR_AGE,ANNUITY_INCOME_PERC,DAYS_ID_PUBLISH,NAME_EDUCATION_TYPE_Higher education,INSTAL_PAYMENT_PERC_MEAN,POS_MONTHS_BALANCE_SIZE,INSTAL_DAYS_ENTRY_PAYMENT_MAX,PREV_NAME_CONTRACT_STATUS_Refused_MEAN,BURO_DAYS_CREDIT_MEAN,BURO_AMT_CREDIT_MAX_OVERDUE_MEAN,DAYS_REGISTRATION,BURO_AMT_CREDIT_SUM_DEBT_MEAN,ACTIVE_DAYS_CREDIT_ENDDATE_MIN,APPROVED_AMT_DOWN_PAYMENT_MAX,POS_SK_DPD_DEF_MEAN,INCOME_CREDIT_PERC,DAYS_LAST_PHONE_CHANGE,PREV_APP_CREDIT_PERC_MEAN,INSTAL_PAYMENT_DIFF_MEAN,INSTAL_DBD_MAX,INSTAL_AMT_PAYMENT_MEAN,INSTAL_AMT_PAYMENT_MIN,CLOSED_DAYS_CREDIT_ENDDATE_MAX,INSTAL_DBD_MEAN,ACTIVE_AMT_CREDIT_MAX_OVERDUE_MEAN,CLOSED_DAYS_CREDIT_VAR,BURO_CREDIT_TYPE_Microloan_MEAN,BURO_AMT_CREDIT_SUM_MEAN,APPROVED_AMT_ANNUITY_MEAN,PREV_NAME_YIELD_GROUP_high_MEAN,ACTIVE_DAYS_CREDIT_UPDATE_MEAN,REGION_POPULATION_RELATIVE,CC_CNT_DRAWINGS_CURRENT_VAR,POS_NAME_CONTRACT_STATUS_Active_MEAN,BURO_CREDIT_ACTIVE_Closed_MEAN,FLAG_DOCUMENT_3,REFUSED_DAYS_DECISION_MAX,ACTIVE_DAYS_CREDIT_VAR,PREV_APP_CREDIT_PERC_VAR,PREV_HOUR_APPR_PROCESS_START_MEAN,INSTAL_PAYMENT_DIFF_MAX,REGION_RATING_CLIENT_W_CITY,REFUSED_APP_CREDIT_PERC_MIN,NAME_FAMILY_STATUS_Married,TOTALAREA_MODE,PREV_NAME_YIELD_GROUP_low_action_MEAN,DEF_30_CNT_SOCIAL_CIRCLE,NAME_CONTRACT_TYPE,ACTIVE_AMT_CREDIT_SUM_LIMIT_MEAN,PREV_NAME_PRODUCT_TYPE_walk-in_MEAN,PREV_NAME_TYPE_SUITE_nan_MEAN,PREV_NAME_TYPE_SUITE_Unaccompanied_MEAN,YEARS_BEGINEXPLUATATION_AVG,BURO_STATUS_0_MEAN_MEAN,PREV_NAME_YIELD_GROUP_low_normal_MEAN,BURO_AMT_CREDIT_SUM_OVERDUE_MEAN,HOUR_APPR_PROCESS_START,PREV_NAME_CLIENT_TYPE_New_MEAN,BURO_CREDIT_TYPE_Mortgage_MEAN,BURO_CREDIT_TYPE_Credit card_MEAN,PREV_WEEKDAY_APPR_PROCESS_START_THURSDAY_MEAN,NAME_INCOME_TYPE_Working,PREV_NAME_YIELD_GROUP_middle_MEAN,PREV_NAME_SELLER_INDUSTRY_Connectivity_MEAN,PREV_WEEKDAY_APPR_PROCESS_START_MONDAY_MEAN,PREV_PRODUCT_COMBINATION_Cash X-Sell: high_MEAN,BURO_STATUS_1_MEAN_MEAN,LANDAREA_AVG,POS_NAME_CONTRACT_STATUS_Signed_MEAN,PREV_PRODUCT_COMBINATION_Cash X-Sell: low_MEAN,PREV_WEEKDAY_APPR_PROCESS_START_WEDNESDAY_MEAN
0.5108563,0.544933,0.044202287,0.07900698,-2602.0,15696.0,0.6166667,1,18.0,-416.93738,762885.56,0.5662409,12.061121,0.218,-17,0,1.1054996,60.0,-48.0,0.3,-1083.0499,5242.4604,-372.0,160390.22,1011.9233,3424.5,0.3,0.3624173,-1440.0,0.88655674,-1155.1844,54.0,12714.76,3.915,774.7538,10.783334,2529.067,431962.28,0.0042077564,378081.47,10916.406,0.3,-132.19705,0.025164,15.13074,0.95,0.58311266,1,-272.0,307208.47,0.015745908,13.3,16460.1,2,1.0,1,0.5093,0.0,0.0,0,12823.701,0.1,0.4,0.2,0.9866,0.4571111,0.0,49.54514,15,0.1,0.014233142,0.23965093,0.1,0,0.2,0.2,0.2,0.0,0.014199425,0.2754,0.0,0.0,0.0
0.69255906,0.5873646,0.5430373,0.039654545,-810.0,9814.5,1.0654914,1,13.592881,-293.0,678578.9,0.5662409,12.061121,0.044329267,50,1,1.3829919,29.516104,-327.7884,0.1108971,-1397.4615,1157.1188,-532.0,722091.75,-387.0,11083.136,0.21486607,0.89454544,-3.0,0.96875226,-363.87296,37.84903,18754.361,5198.1606,31118.0,12.26564,0.0,494547.44,0.0,664636.44,13925.762,0.23777755,-439.4,0.015221,15.13074,0.90468615,0.61538464,1,-728.6427,35851.5,0.07275849,12.661583,6724.2266,2,0.8679975,1,0.2222,0.068525076,0.0,0,0.0,0.080552734,0.47940668,0.2845134,0.9831,0.4571111,0.21002875,0.0,13,0.35041127,0.07692308,0.23076923,0.14514303,0,0.25491133,0.2090302,0.14553413,0.027647203,0.014199425,0.06633385,0.010587371,0.053136926,0.14762497
0.5108563,0.64363486,0.5021294,0.10526043,-1273.0,54855.0,2.25,0,10.0,-416.93738,46223.504,0.5662409,12.061121,0.152375,49,1,0.8333333,11.0,-752.0,0.0,-1083.0499,5242.4604,-4059.0,160390.22,1011.9233,3780.0,0.0,0.6907986,-1059.0,1.1105263,771.78,33.0,3851.9587,0.18,774.7538,6.1666665,2529.067,431962.28,0.0042077564,378081.47,4630.68,0.5,-132.19705,0.04622,15.13074,0.90909094,0.58311266,0,-728.6427,307208.47,0.07275849,18.5,4630.5,1,0.8679975,0,0.1025479,0.0,0.0,0,12823.701,0.0,1.0,0.0,0.9777348,0.4571111,0.0,49.54514,14,0.5,0.014233142,0.23965093,0.0,0,0.0,0.5,0.0,0.0,0.014199425,0.06633385,0.0,0.0,0.0
0.36061257,0.7461676,0.5021294,0.048266646,-5153.0,39816.0,0.14705883,0,36.0,-235.0,1455854.1,0.5662409,6.0,0.1106,62,0,0.9705882,32.0,-4.0,0.5,-1127.4286,0.0,-8905.0,497359.28,345.0,11083.136,0.0,0.43640727,-3638.0,0.8824512,1336.9196,34.0,42819.24,1116.18,-165.0,5.352941,0.0,163810.92,0.0,1060445.6,45455.266,0.0,-13.666667,0.04622,15.13074,1.0,0.5714286,1,-639.0,237449.33,0.00279909,17.5,44339.086,1,0.8450407,1,0.1025479,0.5,0.0,0,0.0,0.5,0.5,0.5,0.9777348,0.6665389,0.0,0.0,18,0.0,0.0,0.14285715,0.5,0,0.5,0.0,0.0,0.0,0.03142857,0.06633385,0.0,0.0,0.5
0.48665315,0.64846027,0.5021294,0.036122397,-7076.0,22689.0,0.16666667,1,6.0,-695.0,143114.05,0.5662409,12.061121,0.16806667,14,0,1.0,13.0,-1465.0,0.33333334,-1086.1666,0.0,-7108.0,226285.2,704.0,18000.0,0.0,0.21492897,-1827.0,0.35543913,0.0,7.0,11926.17,11795.985,-20.0,3.3333333,2529.067,844018.94,0.0,331223.25,11594.003,0.0,-25.0,0.018801,15.13074,0.9230769,0.6666667,1,-773.0,0.0,0.3790109,8.666667,0.0,2,0.0,1,0.236,0.0,0.0,0,12823.701,0.0,0.6666667,0.33333334,0.9786,0.4571111,0.0,0.0,7,0.33333334,0.0,0.16666667,0.33333334,1,0.33333334,0.0,0.0,0.0,0.014199425,0.121,0.0,0.0,0.0
0.3893388,0.47933787,0.24555756,0.08058529,-3720.0,25204.5,29.2,1,10.0,-416.93738,129060.05,0.5662409,12.061121,0.22404,-8,0,0.7,47.0,-106.0,0.0,-239.0,5242.4604,-4263.0,0.0,1011.9233,1800.0,0.0,0.35969153,-2464.0,0.9750957,1801.3185,34.0,4302.0015,7.245,-55.0,7.6,2529.067,431962.28,0.0,40410.0,5670.3823,0.0,-132.19705,0.030755,15.13074,0.9574468,1.0,0,-728.6427,307208.47,0.00996963,15.0,8101.17,2,0.8679975,1,0.1349,0.0,0.0,0,12823.701,0.0,0.5,0.0,0.9935,0.75,1.0,0.0,10,0.5,0.0,0.0,0.0,1,0.0,0.5,0.5,0.0,0.0,0.0747,0.0,0.0,0.0
0.3539876,0.68403345,0.5021294,0.054236226,-1011.0,11695.5,0.0,1,3.0,-82.0,45868.637,0.5662409,10.0,0.10396,-73,0,1.0,7.0,-117.0,0.0,-82.0,0.0,-2120.0,73273.5,103.0,0.0,0.0,0.5217028,-1787.0,0.971978,0.0,16.0,7644.7725,7643.835,774.7538,12.333333,0.0,431962.28,0.0,109037.7,4947.48,0.0,-17.0,0.030755,0.0,0.85714287,0.0,1,-728.6427,307208.47,0.0015704625,20.0,0.0,2,0.8679975,1,0.1025479,0.0,0.0,0,0.0,0.5,0.0,0.0,0.9777348,0.4571111,0.0,0.0,15,1.0,0.0,0.0,1.0,1,0.5,0.0,0.0,0.0,0.014199425,0.06633385,0.0,0.0,0.0
0.00052726525,0.049435828,0.5021294,0.07738853,-6073.0,38272.5,0.0,1,8.0,-182.0,118681.516,0.5662409,12.061121,0.2835,-99,1,1.0,7.0,-251.0,0.0,-1286.0,0.0,-4963.0,16767.0,183.0,4500.0,0.0,0.27297544,-182.0,1.0233885,0.0,14.0,19780.252,19777.365,-821.0,10.5,0.0,1587762.0,0.0,113020.5,14563.755,0.5,-27.0,0.031329,15.13074,0.85714287,0.6666667,1,-728.6427,307208.47,0.0010940467,11.5,0.0,2,0.8679975,0,0.0688,0.0,0.0,0,0.0,0.0,1.0,0.0,0.9881,0.3978836,0.5,0.0,8,0.5,0.0,0.0,0.0,0,0.0,1.0,0.0,0.0,0.058035713,0.0479,0.0,0.0,1.0
0.7062051,0.26531175,0.5021294,0.03977118,-8823.0,45333.0,0.07692308,1,7.3333335,-416.93738,119231.1,0.5662409,12.061121,0.40296,-65,0,1.0,16.0,-48.0,0.0,-1751.0,0.0,-11802.0,0.0,1011.9233,22455.0,0.0,0.09869759,-92.0,1.6171193,0.0,55.0,9171.623,3969.315,-1299.0,17.615385,2529.067,672159.0,0.0,188475.0,5690.67,0.33333334,-132.19705,0.031329,15.13074,0.8125,1.0,0,-728.6427,307208.47,0.70790464,13.666667,0.0,2,0.8679975,1,0.1029,0.0,0.0,0,12823.701,0.0,0.0,0.0,0.9767,0.4571111,0.6666667,0.0,10,0.0,0.0,0.0,0.0,0,0.0,0.33333334,0.33333334,0.0,0.014199425,0.0277,0.0625,0.0,0.6666667
0.35729328,0.4726074,0.5021294,0.0755704,-905.0,12222.0,0.0,1,7.6666665,-56.0,217346.58,0.5662409,12.061121,0.12345455,25,0,1.0,37.0,-259.0,0.0,-395.77777,0.0,-4395.0,54551.164,191.0,9522.0,0.0,0.61213136,-153.0,1.1044792,0.0,47.0,6792.0806,3496.635,-241.0,14.40625,0.0,170676.33,0.0,77820.516,6826.23,0.5,-27.333334,0.015221,0.0,0.8918919,0.33333334,1,-728.6427,45562.266,0.051324375,12.166667,0.0,2,0.8679975,1,0.1025479,0.0,0.0,0,0.0,0.0,0.33333334,0.33333334,0.9777348,0.6805355,0.16666667,0.0,9,0.16666667,0.0,0.11111111,0.0,0,0.16666667,0.6666667,0.33333334,0.0,0.0,0.06633385,0.027027028,0.0,0.0
0.63970757,0.41273442,0.3457172,0.05145065,-280.0,17077.5,0.0,1,9.0,-1116.0,241169.17,0.5662409,12.061121,0.253,-16,0,1.0,11.0,-614.0,0.33333334,-1818.0,5242.4604,-3471.0,47686.5,-957.0,0.0,0.0,0.20336226,-956.0,0.96815854,0.0,21.0,30146.146,13812.525,1051.0,12.875,2529.067,431962.28,0.0,175500.0,15610.928,0.33333334,-927.0,0.006305,15.13074,0.8181818,0.25,1,-845.0,835092.3,0.003041636,6.3333335,0.0,3,1.0,1,0.1025479,0.0,0.0,0,0.0,0.0,0.6666667,0.33333334,0.9777348,0.26861814,0.33333334,0.0,9,0.33333334,0.0,0.25,0.6666667,0,0.33333334,0.33333334,0.0,0.0,0.005624368,0.06633385,0.0,0.0,0.0
0.24318647,0.45307046,0.5021294,0.04922,-809.0,11074.5,1.2413793,0,8.666667,-223.0,219229.42,0.5662409,2.0,0.082033336,-70,0,0.82758623,26.0,-12.0,0.25,-473.66666,0.0,-3232.0,25117.5,1108.0,9000.0,0.03846154,0.6,-555.0,0.9666466,1364.161,26.0,7559.6353,428.625,774.7538,9.068966,0.0,431962.28,0.0,22500.0,8665.725,0.25,-400.33334,0.0228,15.13074,0.88461536,0.0,1,-495.0,47125.332,0.0028152561,16.0,9198.945,2,0.96595746,1,0.1025479,0.0,1.0,0,0.0,0.0,0.75,0.25,0.9777348,0.33333334,0.25,0.0,15,0.25,0.0,1.0,0.25,0,0.5,0.5,0.0,0.0,0.33333334,0.06633385,0.03846154,0.0,0.0
0.43473324,0.6496756,0.5021294,0.09254,-1300.0,20821.5,0.0,1,10.0,-183.0,208706.53,0.5662409,12.061121,0.17137037,-104,0,1.4029319,11.0,-8.0,0.0,-183.0,5242.4604,-1015.0,226692.0,1643.0,14400.0,0.0,0.54,-684.0,1.0316771,-4543.0527,26.0,18973.322,13036.455,774.7538,19.09091,2529.067,431962.28,0.0,238500.0,11199.094,0.2,-22.0,0.019101,15.13074,0.90909094,0.0,1,-728.6427,307208.47,0.009933491,12.6,0.0,2,0.8679975,1,0.1025479,0.0,0.0,0,0.0,0.0,0.6,0.4,0.9777348,0.4571111,0.2,0.0,9,0.2,0.0,0.0,0.4,1,0.4,0.0,0.2,0.0,0.014199425,0.06633385,0.0,0.0,0.0
0.7463002,0.2930897,0.5021294,0.05582946,-8052.0,14166.0,0.0,1,9.5,-374.0,264763.22,0.5662409,12.061121,0.12592,-89,1,1.0,46.0,-571.0,0.0,-1539.0,0.0,-257.0,31275.0,1452.0,22500.0,0.0,0.44337246,-1448.0,1.1331627,0.0,42.0,7155.7627,3530.07,-206.0,15.756757,2529.067,474952.28,0.0,94351.836,6463.7773,0.2,-17.0,0.030755,15.13074,0.8913044,0.875,1,-728.6427,307208.47,0.086467326,12.4,0.0,2,0.8679975,0,0.1025479,0.0,0.0,0,0.0,0.0,0.4,0.2,0.9777348,0.4571111,0.4,0.0,16,0.2,0.0,0.0,0.2,0,0.2,0.6,0.2,0.0,0.014199425,0.06633385,0.02173913,0.0,0.2
0.48845518,0.7890653,0.20827334,0.029346189,-3847.0,35419.5,0.0,0,15.0,-184.0,741156.2,0.5662409,12.061121,0.08285263,-43,0,1.1012805,21.0,-184.0,0.0,-660.0,9705.0,-4971.0,912460.5,351.0,18000.0,0.0,0.3541974,-586.0,1.0166005,-2554.47,18.0,37057.81,18388.62,-554.0,7.4,0.0,431962.28,0.0,1089583.6,22985.37,0.5,-287.0,0.072508,15.13074,0.9047619,0.2,1,-728.6427,93602.25,0.026115786,16.0,0.0,1,0.8679975,0,0.0597,0.0,0.0,0,0.0,0.5,0.5,0.0,0.9732,0.4571111,0.0,0.0,19,0.5,0.0,0.6,0.0,0,0.5,0.0,0.0,0.0,0.014199425,0.0,0.0,0.0,0.0
0.5406544,0.5152225,0.5021294,0.067209095,-1468.0,22711.5,0.07638889,1,18.0,-362.0,2628948.5,0.41379312,15.0,0.16823334,-122,0,0.9930556,94.0,-3.0,0.4,-803.6667,0.0,-2436.0,90985.5,368.0,0.0,0.0,0.3994993,-1116.0,0.85319775,177.61563,19.0,18256.586,8.73,-999.0,3.6805556,0.0,431962.28,0.0,127485.0,20598.307,0.3,-17.0,0.020246,2.9729064,0.9574468,0.33333334,1,-315.0,112812.5,0.105348654,9.3,24873.795,3,0.85344625,1,0.2004,0.0,1.0,0,0.0,0.5,0.4,0.6,0.9965,0.83201057,0.1,0.0,8,0.1,0.0,0.33333334,0.0,1,0.2,0.0,0.3,0.0,0.018518519,0.1267,0.0,0.0,0.4
0.30467218,0.1997947,0.39894375,0.054466557,-846.0,32760.0,0.0,1,10.0,-17.0,130598.37,0.5662409,12.061121,0.48533332,-59,0,1.0,9.0,-33.0,0.5,-27.5,5242.4604,-5456.0,117704.25,350.0,0.0,0.0,0.11222505,-287.0,0.9595549,0.0,28.0,14510.93,13122.45,774.7538,17.0,2529.067,431962.28,0.0,117704.25,13122.45,0.5,-17.5,0.010966,15.13074,1.0,0.0,1,-17.0,220.5,0.0032716102,13.0,0.0,2,1.0,1,0.1025479,0.0,0.0,0,0.0,0.0,0.5,0.0,0.9777348,0.75,0.0,0.0,9,0.5,0.0,0.0,0.0,1,0.5,0.5,0.5,0.0,0.0,0.06633385,0.0,0.0,0.0
0.5108563,0.14287089,0.5021294,0.039029703,-931.0,17739.0,0.0,1,18.0,-416.93738,115225.11,0.5662409,12.061121,0.3942,-97,0,1.0,13.0,-34.0,0.5,-1083.0499,5242.4604,-2948.0,160390.22,1011.9233,0.0,0.0,0.0990099,-496.0,0.8632597,0.0,27.0,8863.47,8863.47,774.7538,16.692308,2529.067,431962.28,0.0042077564,378081.47,8863.47,0.0,-132.19705,0.030755,15.13074,1.0,0.58311266,1,-408.0,307208.47,0.0,9.5,0.0,2,0.8632597,1,0.1025479,0.0,0.0,0,12823.701,0.0,1.0,0.0,0.9777348,0.4571111,0.0,49.54514,9,1.0,0.014233142,0.23965093,0.0,1,1.0,0.0,0.0,0.0,0.014199425,0.06633385,0.0,0.0,0.0
0.5108563,0.5937361,0.75892365,0.032368824,-169.0,38137.5,0.0,0,12.0,-416.93738,329985.44,0.0,14.0,0.1695,-7,0,1.0,19.0,-11.0,0.0,-1083.0499,5242.4604,-3957.0,160390.22,1011.9233,0.0,0.0,0.19096652,-963.0,0.62440354,0.0,153.0,15713.593,3104.415,774.7538,49.190475,2529.067,431962.28,0.0042077564,378081.47,8302.207,0.0,-132.19705,0.019689,264.5,0.94736844,0.58311266,1,-728.6427,307208.47,0.2964287,14.5,0.0,2,0.8679975,1,0.1025479,0.16666667,0.0,0,12823.701,0.0,0.6666667,0.16666667,0.9777348,0.4571111,0.16666667,49.54514,12,0.16666667,0.014233142,0.23965093,0.5,1,0.0,0.0,0.33333334,0.0,0.014199425,0.06633385,0.0,0.16666667,0.0
0.1585549,0.38118714,0.7315898,0.11916234,-797.0,31828.5,2.0789473,1,6.0,-44.0,311565.97,0.44444445,12.061121,0.28292,-3,0,1.0446774,19.0,-29.0,0.0,-291.0,2060.235,-3268.0,24439.965,-11.0,0.0,1.1052631,0.4211874,-309.0,0.9493215,-445.50473,30.0,8199.1045,558.36,-256.0,4.4473686,2060.235,431962.28,0.0,36000.0,12272.865,0.2,-20.4,0.0105,4.0,0.94736844,0.16666667,1,-728.6427,43396.7,0.002125154,10.8,27512.46,3,0.8679975,1,0.2262,0.0,0.0,0,7032.042,0.0,0.4,0.4,0.9861,0.6515151,0.0,0.0,9,0.2,0.0,0.6666667,0.0,0,0.2,0.0,0.0,0.0,0.0,0.1206,0.0,0.0,0.6
0.5108563,0.59667075,0.15369631,0.04883999,-3810.0,31261.5,0.4375,0,12.0,-416.93738,97420.01,0.5662409,12.061121,0.34735,63,0,0.9375,16.0,-1926.0,0.0,-1083.0499,5242.4604,-815.0,160390.22,1011.9233,6268.5,0.0,0.14060742,-2283.0,1.0110369,430.7203,39.0,6088.7505,105.975,774.7538,8.5625,2529.067,431962.28,0.0042077564,378081.47,6891.525,1.0,-132.19705,0.035792,15.13074,0.9375,0.58311266,1,-728.6427,307208.47,0.07275849,10.0,6785.55,2,0.8679975,0,0.1025479,0.0,0.0,0,12823.701,0.0,0.0,1.0,0.9777348,0.4571111,0.0,49.54514,12,0.0,0.014233142,0.23965093,0.0,1,0.0,1.0,0.0,0.0,0.014199425,0.06633385,0.0,0.0,1.0
0.86505616,0.6946211,0.5021294,0.026430104,-5634.0,66532.5,6.45,0,10.0,-1358.0,365197.4,0.5662409,7.0,0.16427778,-119,1,0.875,45.0,-264.0,0.0,-1575.6666,5242.4604,-1980.0,261870.0,469.0,22500.0,0.0,0.16088666,-1661.0,1.1087279,1260.7009,78.0,9129.936,496.035,-560.0,20.925,2529.067,309684.5,0.0,1173813.0,9138.026,0.5,-27.0,0.035792,15.13074,0.95555556,0.6666667,0,-728.6427,307208.47,0.028278148,15.0,11250.0,2,0.8679975,1,0.3,0.25,0.0,0,0.0,0.0,0.5,0.0,0.9965,0.32472757,0.0,0.0,14,0.25,0.0,0.0,0.0,0,0.25,0.25,0.25,0.0,0.0,0.1934,0.0,0.0,0.0
0.15008518,0.40022138,0.519815,0.048953015,-10821.0,20367.0,0.13043478,0,14.5,-244.0,560054.6,0.5714286,9.0,0.1414375,-73,0,0.9782609,31.0,-3.0,0.1,-1330.4,5242.4604,-6071.0,113577.3,281.0,5845.5,0.0,0.34611058,-540.0,1.0008208,502.37805,32.0,12175.102,16.065,-395.0,4.521739,2529.067,1055383.0,0.0,310741.2,8813.272,0.0,-44.5,0.020246,50.285713,0.9354839,0.6,1,-263.0,846300.5,0.004723454,12.0,21515.805,3,1.0,1,0.0564,0.0,0.0,0,0.0,0.1,0.7,0.3,0.9771,0.4571111,0.3,2821.5,6,0.0,0.0,0.2,0.0,1,0.1,0.1,0.3,0.0,0.014199425,0.0114,0.0,0.1,0.2
0.19070596,0.117301196,0.5038678,0.11329778,-2384.1423,30595.5,0.0,1,12.0,-64.0,120627.85,0.5662409,2.0,0.123618186,57,1,1.0,10.0,-159.0,0.0,-153.5,0.0,-8507.0,838657.75,117.0,10804.5,0.0,0.9165139,0.0,1.0050247,0.0,57.0,13403.095,10150.425,774.7538,32.333332,0.0,431962.28,0.0,902568.0,10150.425,0.0,-11.5,0.016612,15.13074,0.9,0.0,1,-728.6427,16020.5,0.07275849,16.0,0.0,2,0.8679975,1,0.1025479,0.0,0.0,0,0.0,0.0,1.0,0.0,0.9777348,1.0,1.0,0.0,14,1.0,0.0,0.0,0.0,0,0.0,0.0,0.0,0.0,0.0,0.06633385,0.0,0.0,0.0
0.51549536,0.022244828,0.5021294,0.029398998,-2384.1423,23773.5,1.5853659,1,8.5,-458.0,408355.44,0.2857143,12.061121,0.220125,-55,0,0.96747965,34.0,-28.0,0.42857143,-935.3333,0.0,-6273.0,137749.5,1368.0,1957.5,0.14705883,0.13355593,-16.0,0.8639095,40.366096,30.0,3319.963,0.0,-416.0,4.9674797,2529.067,308898.0,0.0,157668.66,3151.3838,0.5714286,-37.0,0.00702,4.567986,0.9705882,0.6666667,0,-2507.0,307208.47,0.14858846,13.0,4500.0,2,1.0,0,0.1025479,0.0,0.0,0,0.0,0.0,0.42857143,0.2857143,0.9777348,0.4571111,0.2857143,0.0,11,0.0,0.0,0.0,0.14285715,0,0.0,0.14285715,0.14285715,0.0,0.014199425,0.06633385,0.0,0.0,0.2857143
0.5108563,0.049066182,0.33897862,0.052607045,-728.0,27423.0,0.0,1,4.0,-416.93738,223553.3,2.0,12.061121,0.20313333,123,0,1.0,9.0,-5.0,0.0,-1083.0499,5242.4604,-437.0,160390.22,1011.9233,11250.0,0.0,0.2589779,-66.0,1.2385252,0.0,12.0,20323.027,6.885,774.7538,4.2727275,2529.067,431962.28,0.0042077564,378081.47,6799.185,0.0,-132.19705,0.019689,8.0,0.7777778,0.58311266,1,-728.6427,307208.47,0.20905751,11.5,0.0,2,0.8679975,1,0.1025479,0.0,0.0,0,12823.701,0.0,0.5,0.5,0.9777348,0.4571111,0.25,49.54514,10,0.25,0.014233142,0.23965093,0.25,1,0.25,0.0,0.0,0.0,0.014199425,0.06633385,0.11111111,0.0,0.5
0.778904,0.15075517,0.5021294,0.06561837,-2179.0,16713.0,0.0,1,12.0,-416.93738,53195.76,0.5662409,12.061121,0.21847059,-118,0,1.0,11.0,-1442.0,0.0,-869.0,5242.4604,-10117.0,0.0,1011.9233,5175.0,0.0,0.30035335,0.0,0.9369548,0.0,41.0,4835.978,4471.515,-510.0,29.181818,2529.067,431962.28,0.0,54378.0,4471.515,1.0,-132.19705,0.020246,15.13074,1.0,1.0,1,-728.6427,307208.47,0.07275849,10.0,0.0,3,0.8679975,0,0.1025479,0.0,0.0,0,12823.701,0.0,0.0,1.0,0.9777348,0.4571111,0.0,0.0,16,1.0,0.0,0.0,0.0,1,0.0,1.0,0.0,0.0,0.014199425,0.06633385,0.0,0.0,1.0
0.3825018,0.5675937,0.83476496,0.033164,-7566.0,37309.5,0.38655463,1,6.0,-704.0,1108449.2,0.28723404,12.061121,0.23688571,88,0,1.0,22.0,-80.0,0.0,-1202.0,0.0,-7493.0,388810.88,-842.0,9711.0,0.0,0.14,-2644.0,0.73426384,0.0,30.0,9314.7,130.5,12857.0,7.8991594,0.0,535225.5,0.0,456802.2,7435.89,0.5,-254.4,0.028663,0.5673012,0.90909094,0.5,1,-728.6427,123432.0,0.41240093,12.0,0.0,2,0.8679975,1,0.1025479,0.0,0.0,0,21445.627,0.0,0.5,0.25,0.9777348,0.4571111,0.0,0.0,14,0.0,0.0,0.6,0.25,1,0.0,0.5,0.0,0.0,0.014199425,0.06633385,0.0,0.0,0.25
0.5549468,0.22650687,0.5021294,0.03318932,-1359.0,30766.5,0.15447155,0,4.6666665,-50.0,775936.7,0.04347826,23.0,0.09767143,-112,0,1.0,21.0,-21.0,0.0,-859.5455,6107.1973,-3388.0,26196.3,-5.0,4861.8,0.0,0.3398058,0.0,0.7007296,0.0,36.0,6308.428,1.53,-149.0,2.8455284,0.0,851286.25,0.0,118725.4,6604.845,0.33333334,-8.25,0.028663,0.04160823,0.85714287,0.6363636,1,-728.6427,16054.917,0.36887315,14.0,0.0,2,0.8679975,0,0.1025479,0.0,1.0,0,0.0,0.0,0.33333334,0.0,0.9777348,0.4571111,0.33333334,0.0,8,0.0,0.0,0.09090909,0.0,1,0.0,0.33333334,0.0,0.0,0.014199425,0.06633385,0.0,0.0,0.0
0.5118918,0.6077443,0.8900597,0.032376,-3943.0,36423.0,0.0,0,22.8,-418.0,973104.4,0.5662409,12.061121,0.1349,-70,1,1.0,14.0,-25.0,0.0,-1119.75,2725.7144,-1830.0,0.0,1016.0,22500.0,0.0,0.24,-1238.0,0.983477,0.0,27.0,88464.04,13365.54,659.0,15.363636,0.0,1499586.5,0.0,139156.25,30029.635,0.125,-455.33334,0.026392,15.13074,0.85714287,0.625,1,-728.6427,1083.0,0.037684392,15.0,0.0,2,0.8679975,1,0.0717,0.0,0.0,0,0.0,0.0,0.5,0.375,0.9945,0.4571111,0.25,0.0,16,0.125,0.0,0.375,0.0,1,0.25,0.0,0.125,0.125,0.014199425,0.0546,0.0,0.25,0.625
0.34252888,0.2918182,0.59379095,0.07919088,-848.0,56533.5,0.2,1,12.0,-25.0,41014.754,0.5662409,12.061121,0.27917778,-3,1,0.9,9.0,-32.0,0.0,-395.75,0.0,-1374.0,55381.5,256.0,4266.0,0.0,0.28365755,-300.0,0.9965947,455.7195,39.0,4101.4756,671.22,-149.0,12.1,2529.067,88620.5,0.0,148746.83,10494.135,0.0,-9.0,0.022625,15.13074,1.0,0.5,1,-728.6427,3528.0,2.3191875e-05,15.0,3885.975,2,0.8679975,1,0.1025479,0.0,0.0,0,0.0,0.0,1.0,0.0,0.9777348,0.85294116,0.0,0.0,16,0.5,0.0,0.0,0.0,1,1.0,0.5,0.5,0.0,0.0,0.06633385,0.0,0.0,0.0
0.3062023,0.53770095,0.5945391,0.029475,-2301.0,15916.5,4.0125,1,11.666667,-174.0,686565.4,0.25,12.061121,0.06430909,83,0,0.925,77.0,-14.0,0.0,-174.0,5242.4604,-8841.0,3069.0,832.0,4500.0,0.0,0.45833334,-1521.0,1.0074576,508.34982,25.0,8582.067,1.125,774.7538,9.3375,2529.067,431962.28,0.0,90000.0,11286.42,0.16666667,-7.0,0.01885,0.33333334,0.9350649,0.0,1,-728.6427,307208.47,0.00033369233,13.5,8412.48,2,0.8679975,0,0.1025479,0.0,0.0,0,0.0,0.0,0.33333334,0.33333334,0.9777348,0.33333334,0.6666667,0.0,9,0.16666667,0.0,1.0,0.0,1,0.0,0.16666667,0.16666667,0.0,0.5,0.06633385,0.012987013,0.0,0.0
0.3842068,0.7494134,0.49207222,0.046609525,-2639.0,22023.0,0.0,1,8.0,-255.0,75799.98,0.5662409,12.061121,0.19576,-104,0,1.0,16.0,-42.0,0.0,-520.5,0.0,-4349.0,8059.5,110.0,11731.5,0.0,0.23809524,-1373.0,1.137587,0.0,20.0,5830.7676,2432.61,-98.0,15.153846,0.0,55027.0,0.0,60624.0,5114.775,0.25,-9.0,0.022625,15.13074,0.875,0.75,1,-728.6427,307208.47,0.038680088,18.5,0.0,2,0.8679975,1,0.2381,0.0,0.0,0,0.0,0.0,0.5,0.25,0.9806,0.4571111,0.0,0.0,20,0.25,0.0,0.0,0.0,1,0.5,0.5,0.0,0.0,0.014199425,0.1284,0.0,0.0,0.25
0.5108563,0.47752076,0.5021294,0.029412115,-2384.1423,22198.5,0.0,0,0.0,-416.93738,283874.94,0.11111111,12.061121,0.21447825,126,0,1.0,29.516104,-6.0,0.0,-1083.0499,5242.4604,-8930.0,160390.22,1011.9233,11083.136,0.21486607,0.13713332,-2444.0,0.0,0.0,30.0,3154.166,67.5,774.7538,5.088889,2529.067,431962.28,0.0042077564,378081.47,6750.0,0.0,-132.19705,0.04622,0.65,0.90468615,0.58311266,1,-728.6427,307208.47,0.07275849,12.0,0.0,1,0.8679975,1,0.0947,0.0,0.0,0,12823.701,0.0,1.0,0.0,0.9876,0.4571111,0.0,49.54514,12,1.0,0.014233142,0.23965093,0.0,0,0.0,1.0,0.0,0.0,0.014199425,0.06633385,0.010587371,0.0,1.0
0.49566582,0.44212747,0.5021294,0.029381188,-1954.0,26707.5,0.035714287,1,8.0,-215.0,350501.0,0.5662409,12.061121,0.29675,-61,0,1.0,31.0,-40.0,0.083333336,-968.0,1782.0,-1170.0,16342.2,331.0,91354.5,0.0,0.0990099,-932.0,1.060807,0.0,18.0,12517.893,3563.46,-550.0,9.785714,0.0,150180.92,0.0,109241.55,11607.728,0.16666667,-27.0,0.02461,0.0,0.9032258,0.8,1,-1453.0,307208.47,0.011057927,11.166667,0.0,2,1.0,1,0.1025479,0.0,0.0,0,0.0,0.083333336,0.8333333,0.0,0.9777348,0.4571111,0.083333336,0.0,11,0.5,0.0,0.0,0.0,0,0.16666667,0.6666667,0.16666667,0.0,0.014199425,0.06633385,0.0,0.0,0.0
0.78988034,0.5659131,0.5021294,0.03226,-2384.1423,21775.5,0.4857143,1,10.0,-435.0,206602.16,0.5662409,12.061121,0.26883334,12,0,0.85714287,33.0,-950.0,0.0,-1011.75,0.0,-4389.0,21207.375,-1042.0,6930.0,0.0,0.12,-1538.0,1.0361465,953.43427,39.0,5902.919,4.095,-68.0,7.3142858,0.0,682112.0,0.0,71839.08,6888.72,0.0,-365.5,0.01885,15.13074,0.90909094,0.5,0,-728.6427,648660.5,0.00029409406,12.666667,7483.545,2,0.8679975,1,0.1886,0.0,0.0,0,0.0,0.0,0.33333334,0.33333334,0.9821,0.4571111,0.6666667,0.0,17,0.0,0.0,0.5,0.33333334,0,0.33333334,0.0,0.0,0.0,0.014199425,0.2271,0.0,0.0,0.0
0.4920601,0.28135267,0.5021294,0.0793,-1298.0,35685.0,0.95,1,22.0,-603.0,705999.44,0.5662409,12.061121,0.3172,93,0,0.95,25.0,-662.0,0.6,-1235.5,0.0,-2903.0,46485.9,1011.9233,11083.136,0.0,0.25,-686.0,0.99964184,269.99326,6.0,35299.973,2341.17,-502.0,0.7,0.0,502505.0,0.0,132769.5,30307.244,0.13333334,-22.0,0.015221,15.13074,0.88,0.8333333,1,-338.0,307208.47,0.009580045,14.666667,3058.695,2,0.91986203,0,0.1025479,0.0,0.0,0,442566.3,0.13333334,0.73333335,0.0,0.9777348,0.48412699,0.53333336,0.0,10,0.0,0.0,0.16666667,0.2,1,0.06666667,0.06666667,0.2,0.0,0.0,0.06633385,0.0,0.46666667,0.0
0.5585066,0.36671072,0.5021294,0.03614392,-2384.1423,20821.5,0.028169014,1,28.0,-416.93738,3982498.5,0.14285715,12.061121,0.10282222,56,0,1.3767525,48.0,-13.0,0.27272728,-802.0,5242.4604,-351.0,0.0,1011.9233,4498.2,0.0,0.35151857,-1278.0,0.96498924,-18172.254,36.0,56091.527,210.69,201.0,8.633802,2529.067,158496.0,0.0,77025.75,22591.44,0.09090909,-132.19705,0.01885,62.285713,0.9375,1.0,0,-393.0,307208.47,0.0072144587,13.0,0.0,2,1.0,1,0.1025479,0.0,0.0,0,12823.701,0.0,0.6363636,0.27272728,0.9777348,0.4571111,0.27272728,0.0,14,0.09090909,0.0,0.0,0.45454547,0,0.09090909,0.09090909,0.27272728,0.0,0.014199425,0.06633385,0.0,0.27272728,0.09090909
0.5108563,0.5651447,0.5021294,0.05,-6178.0,9000.0,3.4545455,1,12.0,-416.93738,74225.16,0.5662409,12.061121,0.08,66,0,0.90909094,12.0,-87.0,0.0,-1083.0499,5242.4604,-4924.0,160390.22,1011.9233,0.0,0.0,0.625,-374.0,0.90446466,563.4368,76.0,6747.7417,593.415,774.7538,27.90909,2529.067,431962.28,0.0042077564,378081.47,6197.805,0.0,-132.19705,0.008068,15.13074,0.9166667,0.58311266,0,-728.6427,307208.47,0.07275849,7.0,5604.39,3,0.8679975,1,0.1025479,1.0,0.0,1,12823.701,0.0,1.0,0.0,0.9777348,0.4571111,0.0,49.54514,4,1.0,0.014233142,0.23965093,0.0,0,0.0,0.0,0.0,0.0,0.014199425,0.06633385,0.0,0.0,0.0
0.69255906,0.6898693,0.29900736,0.036154225,-3541.0,19705.5,0.03448276,0,12.285714,-516.0,696083.7,0.5662409,12.061121,0.12511429,82,0,1.0172474,90.0,-171.0,0.125,-1558.25,0.0,-8257.0,4063.5,32.0,5625.0,0.0,0.2889696,-1757.0,0.9700507,-280.77466,41.0,8000.9624,31.14,-616.0,8.977012,0.0,648990.3,0.0,54598.523,10359.933,0.5,-29.0,0.01885,0.0,0.9222222,0.75,1,-2148.0,307208.47,0.006548154,9.5,3922.965,2,1.0,0,0.1025479,0.0,0.0,0,0.0,0.0,0.75,0.25,0.9777348,0.4571111,0.125,0.0,14,0.0,0.0,0.25,0.25,1,0.25,0.0,0.125,0.125,0.014199425,0.06633385,0.011111111,0.0,0.0
0.6463299,0.6798597,0.26692793,0.02924,-2440.0,32895.0,0.0,1,12.0,-879.0,85086.81,0.5662409,9.0,0.20885715,-97,0,1.0,11.0,-695.0,0.0,-1701.0,5242.4604,-2090.0,46606.5,216.0,7587.0,0.0,0.14,-984.0,1.0050087,0.0,50.0,8508.681,7128.09,-1544.0,33.3,2529.067,174050.0,0.0,149562.94,7128.09,0.0,-18.0,0.028663,15.13074,0.90909094,0.6666667,1,-728.6427,307208.47,0.07275849,15.0,0.0,2,0.8679975,1,0.0581,0.0,0.0,0,0.0,0.0,0.0,1.0,0.9871,0.3980309,1.0,0.0,8,1.0,0.0,0.0,0.0,0,0.0,0.0,0.0,0.0,0.0,0.0228,0.0,0.0,0.0
0.58674,0.47208416,0.5517927,0.05,-783.0,10125.0,0.08,1,12.0,-353.0,135723.06,0.5662409,12.061121,0.09,-47,1,1.0,26.0,-83.0,0.0,-542.6667,5242.4604,-1272.0,0.0,31054.0,6750.0,0.0,0.5555556,-2202.0,0.9822718,0.0,78.0,5428.9224,4928.76,10216.0,17.68,2529.067,21424.5,0.0,38833.5,5554.065,0.6666667,-68.0,0.031329,15.13074,0.96153843,0.6666667,0,-728.6427,307208.47,0.020397803,11.666667,0.0,2,0.8679975,1,0.0888,0.0,0.0,1,0.0,0.0,0.0,0.0,0.9886,0.4571111,0.0,0.0,12,0.33333334,0.0,0.6666667,0.0,0,0.33333334,0.0,0.33333334,0.0,0.014199425,0.0084,0.0,0.0,0.33333334
0.32489124,0.7757368,0.5021294,0.035589118,-329.0,28971.0,0.2857143,1,12.0,-57.0,237785.08,0.5662409,12.061121,0.12876,-18,0,1.3048731,14.0,-202.0,0.0,-118.333336,5242.4604,-4546.0,375571.5,35.0,10980.0,0.0,0.27639887,-1850.0,1.0033226,-5060.4043,31.0,16984.648,9.495,399.0,8.071428,2529.067,431962.28,0.0,748500.0,9382.335,1.0,-51.0,0.04622,15.13074,0.85714287,0.33333334,1,-728.6427,4232.0,8.279873e-06,18.333334,3612.645,1,0.8679975,0,0.299,0.0,0.0,0,0.0,0.0,1.0,0.0,0.9935,0.4571111,0.0,0.0,17,0.6666667,0.0,0.33333334,0.0,1,0.0,0.33333334,0.0,0.0,0.014199425,0.1143,0.0,0.0,0.33333334
0.5108563,0.26504755,0.5021294,0.054465372,-744.0,32274.0,0.0,0,12.0,-416.93738,234959.22,0.5662409,12.061121,0.20491429,-90,0,1.0,13.0,-668.0,0.0,-1083.0499,5242.4604,-4211.0,160390.22,1011.9233,18013.5,0.0,0.26579586,-1020.0,0.9805704,0.0,14.0,19579.936,19394.145,774.7538,11.916667,2529.067,431962.28,0.0042077564,378081.47,19596.824,0.0,-132.19705,0.007114,15.13074,0.9230769,0.58311266,1,-728.6427,307208.47,0.07275849,19.0,0.0,2,0.8679975,0,0.0236,0.0,0.0,0,12823.701,0.0,0.0,1.0,0.9821,0.4571111,0.0,49.54514,17,1.0,0.014233142,0.23965093,0.0,1,1.0,0.0,0.0,0.0,0.014199425,0.0347,0.0,0.0,1.0
0.5108563,0.55979556,0.5021294,0.05,-3619.0,61875.0,1.0654914,0,13.592881,-416.93738,678578.9,0.5662409,12.061121,0.1375,8,1,1.3829919,29.516104,-327.7884,0.1108971,-1083.0499,5242.4604,-6730.0,160390.22,1011.9233,11083.136,0.21486607,0.36363637,-305.0,0.96875226,-363.87296,37.84903,18754.361,5198.1606,774.7538,12.26564,2529.067,431962.28,0.0042077564,378081.47,13925.762,0.23777755,-132.19705,0.072508,15.13074,0.90468615,0.58311266,0,-728.6427,307208.47,0.07275849,12.661583,6724.2266,1,0.8679975,1,0.0555,0.068525076,0.0,1,12823.701,0.080552734,0.47940668,0.2845134,0.9737,0.4571111,0.21002875,49.54514,17,0.35041127,0.014233142,0.23965093,0.14514303,0,0.25491133,0.2090302,0.14553413,0.027647203,0.014199425,0.0,0.010587371,0.053136926,0.14762497
0.47944897,0.6402119,0.8397843,0.029385,-2388.0,26446.5,0.0,1,12.0,-195.0,258979.05,0.5662409,12.061121,0.29385,119,1,1.0,13.0,-99.0,0.0,-195.0,5242.4604,-1160.0,0.0,1020.0,0.0,0.0,0.1,-453.0,0.9191935,0.0,14.0,21581.588,21577.05,774.7538,10.083333,2529.067,431962.28,0.0,67500.0,21582.0,0.0,-65.0,0.003069,15.13074,0.9230769,0.0,0,-728.6427,307208.47,0.07275849,16.0,0.0,3,0.8679975,1,0.1025479,0.0,0.0,0,0.0,0.0,1.0,0.0,0.9777348,0.4571111,1.0,0.0,11,1.0,0.0,1.0,0.0,0,0.0,0.0,0.0,0.0,0.014199425,0.06633385,0.0,0.0,0.0
0.58674,0.5110159,0.40488473,0.048877146,-568.0,26640.0,0.30769232,1,22.857143,-306.0,2147599.5,0.5662409,12.0,0.12869565,82,1,0.94505495,90.0,-12.0,0.125,-1127.0,16635.6,-739.0,0.0,751.0,27801.0,0.0,0.37978864,-463.0,0.94289494,1378.0731,35.0,23599.996,189.405,9897.0,8.747252,21828.0,698755.3,0.0,415365.2,15685.521,0.0,-18.333334,0.018801,15.13074,0.9444444,0.625,0,-701.0,150865.33,0.018336637,12.375,24891.525,2,1.0,1,0.16,0.125,0.0,0,117000.0,0.25,0.5,0.375,0.9821,0.4571111,0.25,0.0,13,0.125,0.0,0.25,0.125,1,0.5,0.0,0.375,0.0,0.014199425,0.0622,0.0,0.25,0.0
0.13177013,0.57185,0.22818692,0.0940127,-1456.0,23854.5,1.0654914,0,13.592881,-139.0,678578.9,0.5662409,12.061121,0.10602,-78,0,1.3829919,29.516104,-327.7884,0.1108971,-1579.0,5050.215,-2134.0,6045.979,-1761.0,11083.136,0.21486607,0.8867449,-1.0,0.96875226,-363.87296,37.84903,18754.361,5198.1606,10348.0,12.26564,12038.287,734062.5,0.0,134375.89,13925.762,0.23777755,-214.5,0.010032,15.13074,0.90468615,0.6923077,1,-728.6427,1642348.0,0.07275849,12.661583,6724.2266,2,0.8679975,1,0.0088,0.068525076,1.0,0,45186.3,0.080552734,0.47940668,0.2845134,0.9737,0.4571111,0.21002875,2881.8518,2,0.35041127,0.0,0.53846157,0.14514303,1,0.25491133,0.2090302,0.14553413,0.027647203,0.014199425,0.0227,0.010587371,0.053136926,0.14762497
0.5602843,0.76306,0.5737741,0.040345304,-7875.0,26289.0,0.0,1,19.333334,-476.0,92144.34,0.5662409,12.061121,0.16691428,-120,0,1.0,15.0,-34.0,0.27272728,-740.25,0.0,-9036.0,298036.0,974.0,0.0,0.0,0.2417127,0.0,0.9663847,0.0,27.0,7678.695,6741.72,-311.0,12.916667,0.0,4658.3335,0.0,590907.4,18072.27,0.0,-7.0,0.010032,15.13074,0.8,0.75,1,-44.0,307208.47,0.002723371,6.3636365,0.0,2,1.0,0,0.1025479,0.27272728,0.0,0,0.0,0.0,0.54545456,0.45454547,0.9777348,0.4571111,0.09090909,0.0,5,0.09090909,0.0,0.25,0.09090909,1,0.09090909,0.0,0.0,0.0,0.014199425,0.06633385,0.13333334,0.18181819,0.0
0.44896227,0.5529247,0.5021294,0.039657142,-8817.0,37476.0,0.0,0,7.6,-241.0,859798.9,0.5662409,12.061121,0.1388,107,0,1.0,80.0,-240.0,0.2,-558.0,0.0,-5278.0,482497.5,740.0,22500.0,0.0,0.2857143,-1158.0,1.0534526,0.0,49.0,12109.843,3687.75,267.0,21.295774,2529.067,307031.3,0.0,888062.1,11168.946,0.33333334,-7.0,0.020713,15.13074,0.9,0.71428573,1,-211.0,5202.0,0.10767329,11.4,0.0,1,0.8959294,1,0.1027,0.2,0.0,0,0.0,0.0,0.2,0.53333336,0.9762,0.4571111,0.06666667,0.0,8,0.06666667,0.0,0.14285715,0.2,1,0.26666668,0.13333334,0.06666667,0.0,0.014199425,0.0686,0.0,0.2,0.06666667
0.75440615,0.52465945,0.5021294,0.026488578,-254.0,31806.0,1.0654914,0,13.592881,-416.93738,678578.9,0.5662409,14.0,0.1767,-47,0,1.3829919,29.516104,-327.7884,0.1108971,-1083.0499,5242.4604,-3286.0,160390.22,1011.9233,11083.136,0.21486607,0.14990705,-4.0,0.96875226,-363.87296,37.84903,18754.361,5198.1606,774.7538,12.26564,2529.067,431962.28,0.0042077564,378081.47,13925.762,0.23777755,-132.19705,0.019101,15.13074,0.90468615,0.58311266,1,-728.6427,307208.47,0.07275849,12.661583,6724.2266,2,0.8679975,1,0.1118,0.068525076,1.0,0,12823.701,0.080552734,0.47940668,0.2845134,0.9866,0.4571111,0.21002875,49.54514,16,0.35041127,0.014233142,0.23965093,0.14514303,1,0.25491133,0.2090302,0.14553413,0.027647203,0.014199425,0.1011,0.010587371,0.053136926,0.14762497
0.15193455,0.65345365,0.733118,0.054626666,-773.0,18436.5,34.885715,1,6.6666665,-129.0,334260.22,0.5662409,8.0,0.17813043,-109,0,0.85714287,72.0,-720.0,0.33333334,-777.0,0.0,-5508.0,14166.495,-11.0,35977.5,0.027777778,0.30666667,-494.0,1.0064626,1878.5134,32.0,9550.292,0.045,-26.0,6.9714284,0.0,896884.56,0.0,285771.47,11905.08,0.11111111,-16.4,0.018634,15.13074,0.9583333,0.5833333,0,-392.0,10254.0,0.011015034,12.555555,17078.984,2,0.95281863,1,0.1025479,0.0,0.0,0,0.0,0.0,0.5555556,0.33333334,0.9777348,0.7532814,0.22222222,0.0,16,0.0,0.0,0.16666667,0.22222222,1,0.33333334,0.33333334,0.11111111,0.0,0.0,0.06633385,0.0,0.22222222,0.11111111
0.5226973,0.29484615,0.5021294,0.06726176,-2384.1423,20277.0,0.0,1,18.0,-201.0,181969.02,0.5662409,12.061121,0.2253,83,0,1.0,12.0,-306.0,0.33333334,-1326.2307,72.0,-3910.0,41287.95,165.0,0.0,0.0,0.2985431,-618.0,0.9125691,0.0,29.0,16542.639,15186.6,-34.0,19.454546,2529.067,580879.4,0.0,137125.31,15449.603,0.0,-16.0,0.003122,15.13074,0.9166667,0.84615386,1,-9.0,0.0,0.008450408,16.0,0.0,3,1.0,1,0.1025479,0.0,0.0,0,0.0,0.0,0.33333334,0.0,0.9777348,0.74908423,0.6666667,0.0,9,0.33333334,0.0,0.0,0.0,0,0.0,0.0,0.0,0.0,0.0,0.06633385,0.0,0.0,0.0
0.40314168,0.32286736,0.5021294,0.02924,-2384.1423,19737.0,6.095238,1,6.0,-227.0,148432.5,0.875,12.061121,0.2924,-88,0,0.78571427,20.0,-20.0,0.33333334,-2083.1428,4257.945,-7246.0,58824.0,-2020.0,9000.0,0.0,0.1,-240.0,0.5384498,1041.5293,31.0,3534.1072,0.225,-128.0,4.452381,2529.067,565847.0,0.0,168261.42,6652.845,0.0,-660.3333,0.006207,4.410714,0.9,0.5714286,1,-2797.0,1793584.4,0.3905133,11.0,9000.0,2,0.0,1,0.0016,0.0,0.0,0,0.0,0.0,0.6666667,0.16666667,0.9667,0.4571111,0.16666667,0.0,15,0.0,0.0,0.2857143,0.16666667,0,0.0,0.16666667,0.0,0.0,0.014199425,0.06633385,0.0,0.0,0.0
0.45074728,0.73272586,0.5021294,0.057915196,-2384.1423,14751.0,0.0,1,15.0,-69.0,178284.6,0.5662409,12.061121,0.043706667,-101,0,1.0,13.0,-35.0,0.0,-780.0,5242.4604,-2176.0,0.0,263.0,9810.0,0.0,1.3250884,-210.0,1.0827078,0.0,16.0,16207.69,7030.62,-1279.0,6.5454545,2529.067,431962.28,0.0,93370.05,14869.192,0.0,-6.0,0.011703,15.13074,0.9230769,0.5,0,-728.6427,307208.47,0.055973362,12.333333,0.0,2,0.8679975,0,0.0758,0.0,0.0,0,12823.701,0.0,0.6666667,0.0,0.9856,0.4571111,0.33333334,0.0,12,0.33333334,0.0,0.0,0.0,0,0.33333334,0.0,1.0,0.0,0.014199425,0.048,0.0,0.0,0.0
0.5108563,0.11575908,0.1663078,0.09218586,-2128.0,24988.5,1.4651163,1,12.0,-416.93738,500985.84,0.5662409,12.061121,0.19832143,103,0,0.88372093,37.0,-29.0,0.2,-1083.0499,5242.4604,-2947.0,160390.22,1011.9233,9661.5,0.054054055,0.46483058,0.0,0.9406102,1797.5605,65.0,11650.834,574.605,774.7538,9.116279,2529.067,431962.28,0.0042077564,378081.47,10218.12,0.0,-132.19705,0.006207,0.0,0.972973,0.58311266,1,-1236.0,307208.47,0.009497549,13.6,14909.4,2,1.0,0,0.1025479,0.0,0.0,0,12823.701,0.0,0.4,0.4,0.9777348,0.4571111,0.4,49.54514,10,0.2,0.014233142,0.23965093,0.4,1,0.2,0.0,0.2,0.0,0.014199425,0.06633385,0.0,0.2,0.0
0.13012855,0.68378294,0.4008126,0.07301568,-3702.0,38506.5,0.043010753,0,21.428572,-216.0,2943910.2,0.5662409,12.061121,0.14261666,10,0,0.9892473,96.0,-35.0,0.30769232,-935.8333,5242.4604,-9579.0,336228.3,602.0,2700.0,0.0,0.5119716,-1825.0,0.9402071,184.92532,62.0,31654.95,2916.225,416.0,11.494623,2529.067,360003.0,0.0,608629.5,13637.494,0.30769232,-19.666666,0.04622,15.13074,0.9479167,0.5,1,-114.0,433372.34,0.0056935367,12.923077,13040.82,1,0.8938148,1,0.0598,0.0,0.0,0,0.0,0.07692308,0.46153846,0.23076923,0.9752,0.52612615,0.30769232,0.0,17,0.07692308,0.0,0.16666667,0.0,0,0.23076923,0.30769232,0.07692308,0.0,0.037837837,0.0432,0.0,0.23076923,0.23076923
0.31703177,0.048652574,0.5021294,0.07900809,-743.0,34825.5,0.055555556,0,9.0,-127.0,93471.52,0.5662409,35.0,0.30956,46,0,1.0,20.0,-1501.0,0.5,-259.25,0.0,-627.0,56841.75,389.0,3636.0,0.0,0.25522706,-128.0,1.0001618,0.0,36.0,5192.8623,1879.605,774.7538,19.722221,0.0,431962.28,0.0,60837.75,6845.0176,0.5,-27.5,0.010147,15.13074,0.9,0.0,1,-128.0,23146.916,0.012524369,12.25,0.0,2,0.8632597,1,0.1025479,0.0,0.0,0,643.7587,0.0,0.5,0.25,0.9777348,0.4571111,0.0,0.0,12,0.25,0.0,0.5,0.5,1,0.25,0.5,0.25,0.0,0.014199425,0.06633385,0.0,0.0,0.0
0.6594055,0.5184006,0.5021294,0.09232053,-3238.0,19908.0,0.0,1,7.3333335,-219.0,130068.586,0.5662409,12.061121,0.4424,-51,0,1.0,13.0,-20.0,0.0,-1264.6154,1929.924,-11807.0,30107.045,817.0,7524.0,0.0,0.20868114,-2321.0,0.97698236,0.0,29.0,9290.613,8518.185,-152.0,8.714286,2529.067,613824.0,0.0,156181.62,8016.345,0.0,-20.0,0.020246,0.0,1.0,0.9230769,1,-728.6427,307208.47,0.0041168574,13.333333,0.0,3,0.8679975,1,0.1025479,0.33333334,0.0,0,0.0,0.0,0.0,0.0,0.9777348,0.4571111,0.0,0.0,8,0.33333334,0.0,0.07692308,0.0,1,0.33333334,0.0,0.6666667,0.0,0.014199425,0.06633385,0.0,0.0,0.0
0.4758499,0.63187987,0.39993614,0.029357262,-1659.0,31653.0,0.0,0,12.0,-1251.0,322019.6,0.5662409,9.0,0.15631111,-76,0,1.0,29.0,-350.0,0.0,-759.3333,0.0,-53.0,0.0,1011.9233,4500.0,0.0,0.18781303,0.0,0.910501,0.0,42.0,12880.784,5513.985,16.0,17.32,0.0,54120.5,0.0,51166.5,9182.055,0.33333334,-127.0,0.025164,15.13074,0.8965517,0.6666667,0,-728.6427,307208.47,0.0075236894,14.666667,0.0,2,0.8679975,0,0.1025479,0.0,0.0,0,0.0,0.0,0.6666667,0.0,0.9777348,0.4571111,0.0,0.0,15,0.33333334,0.0,0.6666667,0.33333334,0,0.6666667,0.6666667,0.0,0.0,0.014199425,0.06633385,0.0,0.0,0.0
0.5108563,0.6883936,0.5021294,0.06118,-2384.1423,82593.0,4.909091,1,31.5,-185.0,3380617.2,0.5662409,12.061121,0.18354,-37,0,0.95192295,70.0,-315.0,0.125,-1275.4286,9310.5,-6335.0,319535.72,-430.0,0.0,0.9,0.33333334,-1349.0,0.9355061,207.6959,40.0,34147.65,20.025,-1142.0,6.414141,0.0,409960.34,0.0,901202.8,25120.834,0.0,-132.75,0.005084,15.13074,0.94285715,0.42857143,0,-209.0,123628.25,0.003770326,14.125,34369.47,2,1.0,0,0.0704,0.0,0.0,0,0.0,0.25,0.5,0.375,0.9791,0.4571111,0.25,0.0,12,0.25,0.0,0.0,0.0,0,0.375,0.0,0.25,0.0,0.014199425,0.0,0.0,0.0,0.25
0.35895124,0.33913517,0.5021294,0.054236364,-215.0,13423.5,0.03125,0,9.0,-459.0,456966.8,0.11111111,12.061121,0.05966,-39,1,1.0,15.0,-20.0,0.14285715,-1204.6666,5242.4604,-2533.0,45056.25,1368.0,0.0,0.0,0.90909094,-472.0,0.9544286,0.0,24.0,14280.213,12.15,-40.0,4.59375,2529.067,3043044.5,0.0,99846.0,9405.63,0.14285715,-99.0,0.018634,214.19444,0.93333334,0.6666667,1,-358.0,307208.47,0.0062302593,17.714285,0.0,2,1.0,1,0.3049,0.0,1.0,0,12823.701,0.14285715,0.85714287,0.0,0.9861,0.4571111,0.0,0.0,21,0.14285715,0.0,0.33333334,0.5714286,1,0.0,0.0,0.2857143,0.0,0.014199425,0.1898,0.0,0.0,0.0
0.23401517,0.78342795,0.5021294,0.02749681,-1413.0,17640.0,0.0,0,18.333334,-288.0,590634.56,0.5662409,8.0,0.06750125,-32,0,1.0,41.0,-72.0,0.11111111,-1637.0,0.0,-90.0,102719.484,-1687.0,12820.5,0.0,0.4073526,-616.0,1.009236,0.0,60.0,16406.516,5727.735,-420.0,21.0,0.0,1141163.2,0.0,421161.06,16853.617,0.0,-228.0,0.020246,15.13074,0.902439,0.625,1,-199.0,1593300.4,0.026533853,10.666667,0.0,3,0.89593,1,0.1025479,0.11111111,0.0,0,0.0,0.0,0.44444445,0.33333334,0.9777348,0.4571111,0.22222222,0.0,12,0.0,0.0,0.25,0.11111111,1,0.44444445,0.22222222,0.44444445,0.0,0.014199425,0.06633385,0.0,0.22222222,0.0
0.40314168,0.74791974,0.5021294,0.09943715,-11342.0,23850.0,3.4375,1,19.333334,-84.0,678126.44,0.5662409,12.061121,0.35333332,-115,0,0.8958333,45.0,-41.0,0.25,-339.25,0.0,-10847.0,30342.375,64.0,6741.0,0.0,0.2814259,-953.0,1.0327319,702.01404,34.0,14127.635,14.715,-194.0,16.229166,0.0,79202.0,0.0,82039.05,14967.15,0.5,-25.0,0.018634,15.13074,0.95555556,0.5,1,-2540.0,612.5,0.0134227555,12.0,6724.62,2,1.1364076,1,0.1025479,0.0,0.0,0,0.0,0.5,0.5,0.5,0.9777348,0.4571111,0.5,0.0,9,0.25,0.0,0.0,0.25,1,0.0,0.5,0.25,0.0,0.014199425,0.06633385,0.0,0.0,0.0
0.6058363,0.32999757,0.5021294,0.027498009,-2384.1423,31059.0,0.0,1,41.6,-330.0,586950.75,0.5662409,12.061121,0.14685106,37,0,1.4133979,45.0,-23.0,0.0,-1074.0,0.0,-2089.0,61412.54,400.0,4500.0,0.0,0.187251,-1583.0,0.9196431,-4090.9092,25.0,13339.79,3682.98,1160.0,14.477273,2529.067,355127.75,0.0,136728.84,13547.853,0.07692308,-65.6,0.01885,15.13074,0.95555556,0.64285713,1,-728.6427,58303.3,0.009464122,13.692307,0.0,2,0.8679975,1,0.1025479,0.0,0.0,0,0.0,0.0,0.6923077,0.30769232,0.9777348,0.4571111,0.23076923,0.0,9,0.07692308,0.0,0.071428575,0.07692308,0,0.07692308,0.0,0.15384616,0.0,0.014199425,0.06633385,0.0,0.23076923,0.30769232
0.67065173,0.571684,0.42644325,0.032255746,-405.0,26257.5,0.07608695,0,12.0,-103.0,1436715.2,0.0,1.0,0.12966667,-65,1,1.1368105,46.0,-16.0,0.0,-646.4,36.9,-6548.0,160390.22,1723.0,11250.0,0.0,0.24875897,-1059.0,0.8632744,-2997.736,40.0,15616.471,20.16,1347.0,7.880435,61.5,49612.5,0.0,870750.0,13037.931,0.6,-60.666668,0.018209,0.16302522,0.95652175,0.4,1,-728.6427,250591.0,0.2726461,13.0,0.0,3,0.8679975,0,0.1827,0.0,0.0,0,12823.701,0.0,0.4,0.4,0.9881,0.4571111,0.2,0.0,15,0.2,0.0,0.4,0.0,0,0.0,0.2,0.2,0.0,0.014199425,0.0292,0.0,0.2,0.0
0.5902333,0.61583054,0.5021294,0.058603596,-1682.0,56920.5,0.0,1,7.0,-416.93738,1234894.6,0.5662409,12.061121,0.22998182,94,1,1.0,38.0,-108.0,0.25,-627.5714,0.0,-3485.0,0.0,1011.9233,36823.5,0.0,0.25481838,-206.0,1.009963,0.0,49.0,39835.312,17630.324,-154.0,15.5161295,2529.067,69525.29,0.0,125614.65,29290.395,0.16666667,-132.19705,0.00496,15.13074,0.81578946,1.0,1,-173.0,307208.47,0.022745274,15.583333,0.0,2,0.83472455,1,0.0366,0.0,0.0,0,12823.701,0.0,0.5,0.41666666,0.9881,0.4571111,0.0,0.0,16,0.083333336,0.0,0.0,0.0,0,0.5833333,0.16666667,0.083333336,0.083333336,0.014199425,0.06633385,0.02631579,0.0,0.41666666
0.5531647,0.37545264,0.5087199,0.09249286,-105.0,15457.5,10.461538,1,18.0,-262.0,240331.45,0.5662409,12.061121,0.10409091,-87,0,0.7692308,10.0,-873.0,0.0,-641.5,0.0,-7620.0,156976.88,342.0,0.0,0.8,0.88857776,0.0,0.87715197,3351.8423,31.0,18487.035,44.1,-306.0,3.7692308,2529.067,431962.28,0.0,230613.75,14524.65,0.0,-17.0,0.002042,15.13074,0.9,0.25,1,-728.6427,106027.0,0.07275849,14.0,14480.55,3,0.8679975,0,0.1025479,0.0,0.0,0,0.0,0.0,0.0,1.0,0.9777348,0.4571111,0.0,0.0,14,1.0,0.0,0.25,0.0,0,1.0,0.0,0.0,0.0,0.014199425,0.06633385,0.0,0.0,0.0
0.3656165,0.27464625,0.6508408,0.04685436,-696.0,25537.5,0.0,1,12.0,-79.0,117034.38,0.5662409,12.061121,0.16214286,-76,0,1.0,5.0,-220.0,0.0,-283.42856,0.0,-5926.0,113890.5,221.0,0.0,0.0,0.2889696,-326.0,0.9045015,0.0,15.0,29258.596,10518.93,1439.0,12.5,0.0,6816.3335,0.0,288552.22,10518.93,0.0,-26.5,0.019689,15.13074,0.8,0.42857143,1,-728.6427,56289.668,0.07275849,9.0,0.0,2,0.8679975,1,0.0022,0.0,1.0,0,0.0,0.0,0.0,0.0,0.9876,0.4571111,0.0,0.0,15,1.0,0.0,0.2857143,0.0,0,1.0,0.0,0.0,0.0,0.014199425,0.06633385,0.0,0.0,0.0
0.5108563,0.69336724,0.5021294,0.055833332,-955.0,30150.0,0.0,0,6.0,-416.93738,111902.31,0.5662409,12.061121,0.07882353,-76,1,1.0,7.0,-312.0,0.0,-2141.0,5242.4604,-1489.0,0.0,1011.9233,24727.5,0.0,0.7083333,-486.0,1.2500341,0.0,29.0,18650.385,18648.135,-825.0,11.0,2529.067,661250.0,0.0,136233.0,18650.836,0.0,-132.19705,0.04622,15.13074,0.85714287,1.0,1,-728.6427,307208.47,0.07275849,20.0,0.0,1,0.8679975,1,0.1025479,0.0,0.0,0,12823.701,0.0,0.0,0.0,0.9777348,0.3035196,0.0,0.0,9,1.0,0.0,0.0,0.0,0,1.0,0.0,0.0,0.0,0.0,0.06633385,0.0,0.0,0.0
0.3996756,0.5140645,0.5021294,0.046508163,-4090.0,35122.5,0.0,1,7.3333335,-417.0,323553.28,0.0,12.061121,0.195125,-23,0,1.0,18.0,-33.0,0.1,-1531.6364,3566.76,-1641.0,58408.5,-2280.0,2250.0,0.0,0.23835061,-2692.0,1.0254034,0.0,20.0,10437.203,211.905,31034.0,5.032258,0.0,656888.1,0.0,366154.22,9482.265,0.0,-583.75,0.019689,3.0666666,0.9444444,0.6363636,1,-2692.0,1258004.9,0.010879491,13.4,0.0,2,1.1111112,1,0.3274,0.0,0.0,0,7333.455,0.1,0.6,0.1,0.9826,0.4571111,0.3,0.0,10,0.1,0.09090909,0.45454547,0.2,0,0.0,0.2,0.0,0.0,0.014199425,0.2219,0.0,0.1,0.3
0.17456427,0.6026239,0.30873558,0.05822857,-686.0,9171.0,0.43396226,1,13.0,-40.0,372739.22,0.5662409,12.061121,0.1019,-1,1,0.9465112,55.0,-35.0,0.22222222,-40.0,5242.4604,-4243.0,20918.25,325.0,3.78,0.0,0.5714286,-1396.0,0.924121,239.7634,43.0,7032.8154,44.055,774.7538,10.641509,2529.067,431962.28,0.0,60626.25,8188.8374,0.5555556,-7.5,0.00733,15.13074,0.92727274,0.0,1,-1396.0,0.0,0.008313506,15.666667,4188.42,2,1.0,1,0.1025479,0.11111111,0.0,0,38700.0,0.0,0.33333334,0.11111111,0.9777348,0.0,0.0,0.0,12,0.11111111,0.0,0.5,0.22222222,0,0.11111111,0.33333334,0.44444445,0.11111111,0.0,0.06633385,0.0,0.0,0.11111111
0.6577838,0.47937605,0.68900657,0.030528555,-4384.0,18994.5,0.0,0,9.0,-416.93738,451646.4,0.5662409,12.061121,0.105525,-83,0,1.0,35.0,-603.0,0.4,-1484.3334,5242.4604,-3763.0,0.0,1011.9233,15750.0,0.0,0.28930163,-1719.0,1.040974,0.0,29.0,14569.239,8999.1,-157.0,14.451612,2529.067,1527220.4,0.0,134662.5,12720.555,0.0,-132.19705,0.019689,15.13074,0.8857143,1.0,1,-95.0,307208.47,0.0036176853,12.0,0.0,2,1.0,1,0.0912,0.0,0.0,0,12823.701,0.0,0.2,0.7,0.9796,0.4571111,0.6,0.0,12,0.1,0.0,0.0,0.3,0,0.1,0.0,0.3,0.0,0.014199425,0.06633385,0.0,0.2,0.1
0.4294237,0.54906195,0.26133907,0.05,-703.0,13500.0,1.1153846,1,14.0,-416.93738,428411.56,0.5662409,12.061121,0.06,105,1,0.7692308,23.0,-10.0,0.0,-1838.75,8364.42,-5295.0,0.0,1011.9233,14850.0,0.0,0.8333333,0.0,1.0393169,5793.525,39.0,16477.367,94.725,-480.0,16.807692,2529.067,76790.25,0.0,321159.34,18950.04,0.5,-132.19705,0.072508,15.13074,0.82608694,1.0,1,-728.6427,307208.47,0.0030916343,14.5,25010.55,1,0.8679975,0,0.6785,0.0,0.0,1,12823.701,0.0,1.0,0.0,0.9921,0.4571111,0.5,0.0,18,0.5,0.0,0.0,0.0,0,0.0,0.5,0.0,0.5,0.014199425,0.0,0.13043478,0.0,0.0
0.5108563,0.2278737,0.5021294,0.06085777,-1697.0,17968.5,0.045454547,1,26.0,-416.93738,522405.4,0.5662409,12.061121,0.08873333,-37,0,1.0,25.0,-30.0,0.0,-1083.0499,5242.4604,-9584.0,160390.22,1011.9233,3631.5,0.0,0.68585014,-1609.0,0.8929212,0.0,37.0,23745.701,4305.06,774.7538,11.863636,2529.067,431962.28,0.0042077564,378081.47,13642.905,0.14285715,-132.19705,0.016612,15.13074,0.88,0.58311266,1,-728.6427,307208.47,0.010565239,12.857142,0.0,2,0.8679975,1,0.1025479,0.0,0.0,0,12823.701,0.0,0.71428573,0.2857143,0.9777348,0.4571111,0.2857143,49.54514,16,0.14285715,0.014233142,0.23965093,0.42857143,0,0.0,0.14285715,0.0,0.0,0.014199425,0.06633385,0.04,0.2857143,0.42857143
0.5108563,0.73107815,0.3904354,0.07900196,-614.0,43528.5,0.060240965,0,12.0,-365.0,1494413.2,0.7619048,9.0,0.06448667,-83,1,0.9879518,37.0,-36.0,0.0,-844.55554,0.0,-7690.0,357870.72,724.0,7830.0,0.054054055,1.2250898,-1720.0,0.71257746,165.8494,59.0,18004.979,14.4,1058.0,11.73494,0.0,361170.16,0.0,1038526.3,12260.43,0.33333334,-17.333334,0.04622,5.1457605,0.9459459,0.6666667,0,-728.6427,39784.332,0.38556755,14.666667,12370.5,1,0.8679975,1,0.1025479,0.0,0.0,0,12823.701,0.33333334,0.33333334,0.33333334,0.9777348,0.7280268,0.0,0.0,16,0.33333334,0.0,0.44444445,0.33333334,1,0.33333334,0.0,0.33333334,0.0,0.0,0.06633385,0.0,0.0,0.0
0.13851288,0.42834646,0.43113056,0.04893,-757.0,22018.5,0.0,1,18.0,-120.0,67867.38,0.5662409,12.061121,0.19572,79,0,1.0,7.0,-35.0,0.0,-673.4,0.0,-4467.0,178047.28,0.0,11083.136,0.0,0.25,-272.0,0.83472455,0.0,4.0,8483.423,8467.11,-921.0,2.0,0.0,1984.5,0.0,277959.22,8467.11,0.0,-19.333334,0.004849,15.13074,1.0,0.4,1,-728.6427,35923.0,0.07275849,10.5,0.0,2,0.8679975,1,0.1025479,0.0,0.0,0,0.0,0.5,0.5,0.5,0.9777348,0.4571111,0.0,0.0,17,1.0,0.0,0.2,0.0,1,0.5,0.0,0.0,0.0,0.014199425,0.06633385,0.0,0.0,0.0
0.40835884,0.73874605,0.7204717,0.026452387,-968.0,47011.5,1.0654914,1,13.592881,-375.0,678578.9,0.5662409,12.061121,0.14509723,-3,1,1.3829919,29.516104,-327.7884,0.1108971,-873.6667,11230.5,-792.0,524357.6,1451.0,11083.136,0.21486607,0.18230802,-8.0,0.96875226,-363.87296,37.84903,18754.361,5198.1606,704.0,12.26564,0.0,0.0,0.0,1050000.0,13925.762,0.23777755,-25.0,0.072508,15.13074,0.90468615,0.6666667,0,-728.6427,307208.47,0.07275849,12.661583,6724.2266,1,0.8679975,1,0.1725,0.068525076,0.0,0,0.0,0.080552734,0.47940668,0.2845134,0.998,0.5266805,0.21002875,0.0,15,0.35041127,0.0,0.33333334,0.14514303,0,0.25491133,0.2090302,0.14553413,0.027647203,0.0,0.0697,0.010587371,0.053136926,0.14762497
0.75574005,0.5964392,0.6426093,0.0481,-1970.0,10822.5,0.16,1,10.4,-491.0,547193.56,0.5662409,12.061121,0.2405,-57,0,0.96,51.0,-143.0,0.0,-1138.0,5242.4604,-4673.0,0.0,238.0,1575.0,0.0,0.2,-1877.0,0.6658264,585.3168,38.0,10943.871,753.345,-1418.0,9.04,2529.067,431962.28,0.0,90364.5,9391.302,0.0,-4.0,0.018634,0.0,0.92156863,0.5,1,-728.6427,307208.47,0.13907589,10.5,14107.275,2,0.8679975,1,0.1025479,0.0,1.0,0,12823.701,0.0,0.33333334,0.5,0.9777348,0.59322035,0.16666667,0.0,14,0.16666667,0.0,0.0,1.0,1,0.5,0.0,0.0,0.0,0.0,0.06633385,0.0,0.16666667,0.0
0.52629495,0.045090392,0.5021294,0.051267408,-2384.1423,31909.5,1.1212121,1,8.0,-479.0,224841.78,0.5662409,12.061121,0.28364,48,0,0.72727275,26.0,-30.0,0.16666667,-1259.25,2893.95,-9331.0,10660.956,-263.0,2700.0,0.0,0.18074815,0.0,0.93208516,2290.3174,30.0,6813.387,2.115,-551.0,9.636364,2529.067,131648.97,0.0,109020.445,8752.05,0.33333334,-56.5,0.020246,15.13074,0.96153843,0.75,0,-291.0,8844.5,0.008284831,9.666667,11088.72,3,0.8632611,0,0.0704,0.0,0.0,0,0.0,0.0,0.5,0.5,0.9856,0.29806912,0.16666667,0.0,9,0.0,0.0,0.125,0.16666667,0,0.16666667,0.16666667,0.6666667,0.0,0.027723579,0.0783,0.0,0.16666667,0.0
0.7675231,0.62753046,0.5021294,0.05105832,-259.0,52321.5,0.0,0,18.0,-760.0,603538.8,0.5662409,5.0,0.1661,-88,1,1.0,36.0,-250.0,0.33333334,-1644.3334,5242.4604,-3029.0,649453.5,-515.0,0.0,0.0,0.30739504,-1989.0,0.8495319,0.0,27.0,17751.14,9880.65,-1922.0,17.970589,2529.067,431962.28,0.0,1385662.5,20240.213,0.33333334,-277.0,0.072508,15.13074,0.9444444,0.33333334,0,-1989.0,362100.5,0.010001073,16.0,0.0,1,0.7475873,0,0.2397,0.33333334,0.0,0,0.0,0.0,0.0,0.0,0.9851,0.13376875,0.0,0.0,17,0.0,0.0,0.0,0.0,0,0.33333334,0.0,0.6666667,0.33333334,0.0,0.06633385,0.0,0.0,0.33333334
0.82563573,0.6352255,0.6420955,0.07299231,-118.0,42700.5,8.9,1,18.0,-416.93738,69425.91,0.5662409,12.061121,0.37956,91,0,0.9,18.0,-1881.0,0.0,-1083.0499,5242.4604,-1569.0,160390.22,1011.9233,900.0,1.2777778,0.1923077,-1897.0,0.8930326,367.5555,3.0,3471.2954,63.72,774.7538,0.75,2529.067,431962.28,0.0042077564,378081.47,3675.555,1.0,-132.19705,0.026392,15.13074,0.9444444,0.58311266,0,-728.6427,307208.47,0.07275849,18.0,3611.835,2,0.8679975,1,0.066,0.0,0.0,0,12823.701,0.0,0.0,0.0,0.9871,0.4571111,0.0,49.54514,18,1.0,0.014233142,0.23965093,0.0,0,0.0,1.0,0.0,0.0,0.014199425,0.0751,0.0,0.0,0.0
0.56737924,0.6041101,0.5021294,0.029337931,-2384.1423,38286.0,0.22580644,1,18.0,-804.0,1035796.9,0.5662409,11.0,0.2075122,20,0,0.9677419,31.0,-11.0,0.0,-721.5,0.0,-3900.0,62581.5,-12.0,23566.5,0.0,0.14137931,-888.0,0.96417373,1429.2667,24.0,33412.805,442.89,-519.0,4.903226,2529.067,431962.28,0.0,241987.5,30137.467,0.0,-10.0,0.028663,15.13074,0.9677419,0.5,1,-728.6427,307208.47,0.00081957725,12.333333,43864.38,2,0.8679975,1,0.1025479,0.0,0.0,0,0.0,0.0,0.6666667,0.0,0.9777348,0.4571111,0.33333334,0.0,7,0.33333334,0.0,0.5,0.33333334,0,0.33333334,0.0,0.0,0.0,0.014199425,0.06633385,0.0,0.0,0.0
0.5298898,0.71437746,0.3152569,0.05,-2479.0,13500.0,12.666667,0,10.0,-1284.0,75701.92,0.5662409,12.061121,0.06,22,0,0.6666667,15.0,-37.0,0.2,-1918.3846,10980.0,-7663.0,28355.5,-742.0,10507.5,0.0,0.8333333,-1515.0,1.0088979,1045.335,18.0,3604.8535,7.605,-742.0,3.6190476,32940.0,307440.25,0.0,420573.47,5786.46,0.0,-627.0,0.030755,15.13074,0.93333334,0.6923077,0,-152.0,412164.0,0.014992578,15.6,3128.4,2,0.8732099,1,0.0919,0.2,0.0,1,0.0,0.0,0.6,0.4,0.9816,0.4571111,0.4,0.0,13,0.0,0.0,0.07692308,0.0,0,0.0,0.2,0.0,0.0,0.014199425,0.0304,0.0,0.2,0.0
0.6212263,0.33128494,0.5021294,0.0380704,-2384.1423,13072.5,0.0,1,12.0,-179.0,140311.44,0.5662409,12.061121,0.19366667,93,0,1.0,15.0,-61.0,0.0,-768.0,5242.4604,-1838.0,76603.5,-109.0,0.0,0.0,0.19657694,-15.0,0.9351493,0.0,38.0,10022.246,9904.86,-372.0,9.714286,2529.067,431962.28,0.0,156967.5,9979.537,0.0,-538.0,0.018209,15.13074,0.93333334,0.33333334,1,-728.6427,964660.5,0.008411227,8.5,0.0,3,0.8679975,1,0.1025479,0.0,0.0,0,0.0,0.0,0.5,0.5,0.9777348,0.4571111,0.0,0.0,6,0.5,0.0,0.0,0.0,0,1.0,0.0,0.0,0.0,0.014199425,0.06633385,0.0,0.0,0.5
0.48665315,0.6245355,0.5021294,0.051335175,-2384.1423,24084.0,0.56,1,36.0,-462.0,2098099.0,0.5662409,12.061121,0.079880595,-101,0,0.92,24.0,-23.0,0.0,-462.0,5242.4604,-4214.0,515794.5,1362.0,11083.136,0.0,0.6426489,-994.0,0.9653096,4223.1025,29.0,83923.96,657.54,774.7538,4.0,2529.067,431962.28,0.0,625500.0,30811.26,0.0,-26.0,0.018634,0.0,0.9583333,0.0,0,-728.6427,307208.47,0.0036102647,12.75,52131.24,2,0.8679975,1,0.1025479,0.0,0.0,0,0.0,0.25,0.25,0.25,0.9777348,0.9375,0.25,0.0,11,0.25,0.0,0.0,0.0,0,0.25,0.0,0.25,0.0,0.0,0.06633385,0.0,0.25,0.75
0.5424451,0.65652233,0.6413334,0.05,-7472.0,22500.0,0.0,1,4.0,-180.0,23336.686,0.5662409,12.061121,0.14285715,-92,1,1.0,7.0,-2793.0,0.0,-963.6,5242.4604,-4111.0,556371.3,866.0,5121.0,0.0,0.35,-2919.0,1.250055,0.0,0.0,5834.1714,5832.855,12739.0,0.0,2529.067,16928.0,0.0,1052100.0,5834.61,0.0,-20.333334,0.035792,15.13074,0.85714287,0.4,0,-728.6427,324921.34,0.07275849,15.0,0.0,2,0.8679975,0,0.0739,0.0,0.14340623,1,0.0,0.0,1.0,0.0,0.9811,0.4571111,1.0,0.0,14,1.0,0.0,0.6,0.0,1,0.0,1.0,0.0,0.0,0.014199425,0.0599,0.0,0.0,0.0
0.5602843,0.5022925,0.5021294,0.029356485,-1829.0,31770.0,0.0,0,22.0,-357.0,292410.84,0.0,12.061121,0.1765,8,0,1.0717406,18.0,-528.0,0.0,-527.0,0.0,-7214.0,154156.5,1105.0,22000.5,0.0,0.1663257,-725.0,0.65171266,-661.9355,20.0,9432.608,1.71,853.0,9.387096,0.0,431962.28,0.0,362250.0,18624.36,0.0,-12.0,0.010966,1.146245,0.9444444,0.33333334,1,-728.6427,33540.5,0.3363812,13.4,0.0,2,0.8679975,1,0.0796,0.2,0.0,0,4215.645,0.0,1.0,0.0,0.9801,0.6837607,0.0,0.0,17,0.2,0.0,0.33333334,0.2,1,0.2,0.0,0.2,0.0,0.0,0.1251,0.0,0.0,0.0
0.37233368,0.45114753,0.5021294,0.042929474,-2692.0,48303.0,0.0,0,45.0,-128.0,6731543.0,0.0,10.0,0.12197727,-34,1,1.4161514,21.0,-15.0,0.6363636,-766.8571,0.0,-156.0,1342550.4,-267.0,11083.136,0.0,0.3519465,-394.0,0.9233712,-21013.35,19.0,89753.91,1.17,27351.0,3.4266667,0.0,1654380.5,0.0,1532416.5,45709.414,0.0,-222.4,0.025164,71.6625,0.9047619,0.2857143,0,-232.0,57109.5,0.003006454,11.181818,0.0,2,0.8535336,1,0.3185,0.45454547,0.0,0,27391.332,1.0,0.18181819,0.8181818,0.995,0.6548753,0.45454547,0.0,9,0.09090909,0.14285715,0.71428573,0.36363637,0,0.0,0.0,0.18181819,0.0,0.0,0.0892,0.0,0.0,0.18181819
0.723837,0.6276582,0.9042627,0.039882954,-5248.0,22878.0,4.7,1,9.333333,-362.0,249510.78,0.5662409,12.061121,0.20336,40,0,0.9,30.0,-178.0,0.0,-1726.7142,873.195,-11827.0,7071.4287,1011.9233,7426.35,1.3666667,0.19611996,-386.0,0.6493457,468.945,34.0,8317.026,0.45,-1865.0,8.8,0.0,337074.16,0.0,58077.11,7850.445,0.0,-20.0,0.031329,0.0,0.9,0.85714287,1,-728.6427,307208.47,0.3171952,11.333333,4689.0,2,0.8679975,1,0.1025479,0.0,0.0,0,85499.73,0.0,0.6666667,0.0,0.9777348,0.4571111,0.0,0.0,9,0.33333334,0.0,0.42857143,0.0,1,0.6666667,0.33333334,0.33333334,0.0,0.014199425,0.06633385,0.033333335,0.0,0.0
0.8072739,0.26753843,0.5021294,0.079488136,-2384.1423,21132.0,0.0,0,13.592881,-416.93738,9070.875,0.5662409,19.0,0.20417391,117,0,1.0,6.0,-2834.0,0.1108971,-1083.0499,5242.4604,-4683.0,160390.22,1011.9233,11083.136,0.0,0.3893158,0.0,0.96875226,0.0,0.0,3023.625,2279.565,774.7538,0.0,2529.067,431962.28,0.0042077564,378081.47,13925.762,0.23777755,-132.19705,0.00712,15.13074,0.8333333,0.58311266,0,-728.6427,307208.47,0.07275849,12.661583,0.0,2,0.8679975,1,0.1025479,0.068525076,0.0,0,12823.701,0.080552734,0.47940668,0.2845134,0.9777348,0.4571111,0.21002875,49.54514,8,0.35041127,0.014233142,0.23965093,0.14514303,0,0.25491133,0.2090302,0.14553413,0.027647203,0.014199425,0.06633385,0.0,0.053136926,0.14762497
0.5316861,0.5519569,0.5021294,0.05,-2694.0,13500.0,0.14285715,1,6.0,-1071.0,184464.14,0.5662409,12.061121,0.08571429,121,0,1.4032911,8.0,-589.0,0.0,-1071.0,5242.4604,-3543.0,421240.5,2585.0,0.0,0.0,0.5833333,0.0,0.85158205,-5035.577,20.0,26352.02,14215.095,774.7538,12.142858,2529.067,431962.28,0.0,405000.0,25035.615,0.0,-2.0,0.00733,15.13074,0.875,0.0,0,-728.6427,307208.47,0.07275849,16.0,0.0,2,0.8679975,1,0.2391,0.0,0.0,1,0.0,0.0,0.0,0.0,0.9955,0.4571111,0.0,0.0,14,1.0,0.0,1.0,0.0,1,1.0,0.0,0.0,0.0,0.014199425,0.0226,0.0,0.0,0.0
0.7738957,0.53924984,0.5021294,0.051575933,-1151.0,12960.0,0.2857143,1,11.0,-416.93738,153425.97,0.5662409,12.061121,0.288,102,0,0.95238096,23.0,-129.0,0.0,-1083.0499,5242.4604,-8001.0,160390.22,1011.9233,0.0,0.0,0.1790831,-802.0,0.9522523,419.62286,19.0,7305.9985,1221.75,774.7538,9.666667,2529.067,431962.28,0.0042077564,378081.47,6838.29,0.0,-132.19705,0.008474,15.13074,0.8695652,0.58311266,1,-728.6427,307208.47,0.004559677,9.5,7590.33,2,0.8679975,0,0.1025479,0.0,0.0,0,12823.701,0.0,0.5,0.0,0.9777348,0.4571111,0.0,49.54514,10,0.5,0.014233142,0.23965093,0.5,1,1.0,0.0,0.5,0.0,0.014199425,0.06633385,0.04347826,0.0,0.0
0.36896873,0.6534586,0.5021294,0.030513333,-2384.1423,20596.5,1.0654914,1,13.592881,-416.93738,678578.9,0.5662409,12.061121,0.26923528,81,1,1.3829919,29.516104,-327.7884,0.1108971,-1607.0,0.0,-47.0,0.0,1011.9233,11083.136,0.21486607,0.11333334,-3.0,0.96875226,-363.87296,37.84903,18754.361,5198.1606,-1515.0,12.26564,2529.067,431962.28,0.0,14724.0,13925.762,0.23777755,-132.19705,0.028663,15.13074,0.90468615,1.0,0,-728.6427,307208.47,0.07275849,12.661583,6724.2266,2,0.8679975,0,0.0649,0.068525076,0.0,0,12823.701,0.080552734,0.47940668,0.2845134,0.9881,0.018867925,0.21002875,0.0,11,0.35041127,0.0,0.0,0.14514303,0,0.25491133,0.2090302,0.14553413,0.027647203,0.0,0.0767,0.010587371,0.053136926,0.14762497
0.7136314,0.52551013,0.5021294,0.030564625,-2384.1423,16092.0,0.0,1,12.0,-416.93738,65215.62,0.5662409,12.061121,0.13244444,-40,0,1.0,4.0,-18.0,0.0,-1364.0,5242.4604,-9769.0,0.0,1011.9233,15597.0,0.0,0.23077318,-2.0,1.25,0.0,43.0,16303.905,6296.805,-998.0,25.0,2529.067,431962.28,0.0,220500.0,6296.805,0.0,-132.19705,0.019101,15.13074,1.0,1.0,0,-728.6427,307208.47,0.07275849,10.0,0.0,2,0.8679975,0,0.1025479,0.0,1.0,0,12823.701,0.0,0.0,0.0,0.9777348,0.06666667,0.0,0.0,15,1.0,0.0,0.0,0.0,0,1.0,0.0,0.0,0.0,0.0,0.06633385,0.0,0.0,1.0
0.6971469,0.6815469,0.5021294,0.06959054,-2384.1423,17208.0,0.0,1,6.0,-865.0,117587.836,0.5662409,12.061121,0.29415384,-30,0,1.0,7.0,-123.0,0.0,-1488.0,4192.56,-12641.0,66406.5,961.0,15979.5,0.0,0.2365787,-295.0,1.117511,0.0,12.0,19597.973,19594.936,-332.0,9.0,2529.067,297220.5,0.0,197400.0,19598.58,1.0,-40.0,0.005084,15.13074,0.85714287,0.6666667,1,-728.6427,307208.47,0.07275849,10.0,0.0,2,0.8679975,1,0.1025479,0.0,0.0,0,0.0,0.0,1.0,0.0,0.9777348,0.4571111,0.0,0.0,13,1.0,0.0,0.0,1.0,0,0.0,0.0,0.0,0.0,0.014199425,0.06633385,0.0,0.0,0.0
0.5108563,0.46603924,0.5021294,0.032397326,-4324.0,30528.0,0.0,0,6.0,-416.93738,760717.2,0.36231884,9.0,0.13568,11,0,1.0,13.0,-18.0,0.0,-1083.0499,5242.4604,-2571.0,160390.22,1011.9233,0.0,0.0,0.23877746,-28.0,0.454931,0.0,23.0,6792.118,4087.62,774.7538,10.482142,2529.067,431962.28,0.0042077564,378081.47,4324.0723,0.5,-132.19705,0.016612,0.49914747,0.9230769,0.58311266,1,-728.6427,307208.47,0.41392443,19.5,0.0,2,0.8679975,1,0.1025479,0.0,0.0,0,12823.701,0.0,0.5,0.0,0.9777348,0.4571111,0.0,49.54514,10,0.5,0.014233142,0.23965093,0.0,1,0.0,0.5,0.0,0.0,0.014199425,0.06633385,0.0,0.0,0.0
0.5108563,0.51421744,0.62380046,0.044336632,-161.0,20151.0,0.0,1,12.0,-416.93738,67164.3,0.5662409,12.061121,0.16585185,113,0,1.0,13.0,-2447.0,0.0,-1083.0499,5242.4604,-1208.0,160390.22,1011.9233,0.0,0.0,0.26732674,-4.0,0.90991753,0.0,20.0,5597.025,5538.78,774.7538,11.25,2529.067,431962.28,0.0042077564,378081.47,5602.32,1.0,-132.19705,0.015221,15.13074,0.9230769,0.58311266,1,-728.6427,307208.47,0.07275849,11.0,0.0,2,0.8679975,1,0.0955,0.0,0.0,0,12823.701,0.0,0.0,0.0,0.9866,0.4571111,0.0,49.54514,12,0.0,0.014233142,0.23965093,0.0,1,0.0,0.0,1.0,0.0,0.014199425,0.0927,0.0,0.0,0.0
0.56560796,0.06031711,0.21318957,0.051180832,-218.0,53851.5,0.0,1,16.0,-259.0,132306.89,0.5662409,12.061121,0.3989,78,1,1.0,8.0,-36.0,0.0,-418.0,0.0,-2827.0,36252.0,472.0,20250.0,0.0,0.12830491,0.0,1.0245829,0.0,71.0,18900.984,4275.855,-302.0,33.42857,0.0,431962.28,0.0,62192.25,10496.79,0.33333334,-42.0,0.003122,15.13074,0.875,0.5,1,-728.6427,307208.47,0.0064800363,16.333334,0.0,3,0.8679975,1,0.0433,0.0,0.0,0,0.0,0.0,0.6666667,0.33333334,0.9742,0.9444444,0.0,0.0,15,0.33333334,0.0,0.0,0.0,1,0.6666667,0.6666667,0.6666667,0.0,0.0,0.06633385,0.0,0.0,0.0
0.57620883,0.6999522,0.58153546,0.05,-695.0,13500.0,0.16666667,1,6.0,-358.0,257963.67,0.5662409,12.061121,0.13636364,112,0,1.0,8.0,-459.0,0.75,-358.0,5242.4604,-5188.0,409680.0,1468.0,87736.5,0.0,0.36666667,0.0,1.0769415,0.0,10.0,42993.945,42975.047,774.7538,2.5,2529.067,431962.28,0.0,450000.0,42997.727,0.0,-57.0,0.030755,15.13074,0.875,0.0,0,-421.0,307208.47,0.017759997,12.5,0.0,2,1.0,1,0.059,0.0,0.0,1,0.0,0.25,0.75,0.0,0.9881,0.4571111,0.25,0.0,12,0.25,0.0,0.0,0.25,1,0.0,0.0,0.0,0.0,0.014199425,0.0319,0.0,0.0,0.0
0.57091653,0.5275054,0.5021294,0.101594746,-5306.0,4873.5,0.23529412,1,9.714286,-225.0,414855.72,0.5662409,12.061121,0.09845454,-53,0,1.1173468,70.0,-163.0,0.0,-1713.9,0.0,-5171.0,26908.695,-1617.0,3910.5,0.0,1.0318949,-1716.0,0.98874015,-296.6367,66.0,6100.8193,983.475,-228.0,18.985294,0.0,270628.56,0.0,64791.945,5287.2173,0.2857143,-952.5,0.01452,15.13074,0.9,0.8,1,-728.6427,1545282.0,0.004008604,7.857143,5568.795,2,0.8679975,1,0.1025479,0.0,0.0,0,456.525,0.0,0.2857143,0.5714286,0.9777348,0.4571111,0.14285715,0.0,7,0.14285715,0.0,0.4,0.0,1,0.5714286,0.0,0.0,0.0,0.014199425,0.06633385,0.014285714,0.0,0.14285715
0.23661083,0.36793548,0.4662167,0.05,-298.0,9000.0,0.0,1,18.0,-101.0,113132.7,0.5662409,12.061121,0.125,-12,1,1.0,15.0,-30.0,0.0,-796.0,5242.4604,-3351.0,39757.5,1725.0,7645.5,0.0,0.4,-468.0,0.95918024,0.0,22.0,7542.18,7542.18,-1307.0,12.666667,2529.067,431962.28,0.0,55350.0,7542.18,0.5,-33.0,0.016612,15.13074,1.0,0.5,0,-728.6427,307208.47,0.07275849,9.5,0.0,2,0.8679975,1,0.1025479,0.0,0.0,1,0.0,0.0,1.0,0.0,0.9777348,0.4571111,0.0,0.0,9,0.5,0.0,0.0,0.0,1,0.0,0.0,0.0,0.0,0.014199425,0.06633385,0.0,0.0,0.5
0.62799084,0.25980765,0.5021294,0.06448,-2384.1423,14508.0,0.39130434,0,8.666667,-703.0,527840.06,0.5662409,16.0,0.2015,83,0,0.9782609,51.0,-52.0,0.0,-1502.0,0.0,-4183.0,51201.0,774.0,21577.5,0.0,0.32,-3194.0,0.97611433,127.98391,32.0,11474.784,0.36,-85.0,9.73913,2529.067,1427054.4,0.0,113783.4,9685.567,0.6666667,-84.0,0.00712,15.13074,0.9019608,0.75,0,-728.6427,307208.47,0.006759782,11.166667,5886.9,2,0.8679975,1,0.1025479,0.0,0.0,0,0.0,0.0,0.5,0.16666667,0.9777348,0.39834526,0.0,0.0,8,0.0,0.0,0.25,0.16666667,0,0.33333334,0.5,0.5,0.0,0.01923077,0.06633385,0.0,0.0,0.0
0.5208976,0.6750768,0.5021294,0.04404738,-2384.1423,23728.5,2.0,1,6.0,-77.0,78219.99,0.5662409,19.0,0.26365,34,1,0.85714287,7.0,-2358.0,0.0,-610.6667,180.0,-3295.0,93303.0,593.0,0.0,0.0,0.16706763,-1679.0,1.0,1863.1929,20.0,11174.284,34.11,-175.0,14.285714,2529.067,230520.5,0.0,183606.0,13042.35,1.0,-9.0,0.035792,15.13074,0.85714287,0.6666667,1,-728.6427,307208.47,0.07275849,11.0,13008.24,2,0.8679975,1,0.1025479,0.0,0.0,0,12823.701,0.0,1.0,0.0,0.9777348,0.45925927,0.0,0.0,12,1.0,0.0,0.0,0.0,0,0.0,0.0,1.0,0.0,0.016666668,0.06633385,0.0,0.0,0.0
0.5495965,0.69527936,0.22948945,0.032496404,-1236.0,17694.0,0.0,1,16.0,-671.0,51973.156,0.5662409,12.061121,0.1966,86,0,1.0,25.0,-712.0,0.0,-804.75,0.0,-6342.0,50941.125,-300.0,4500.0,0.0,0.165292,-1867.0,0.97083294,0.0,35.0,2259.7024,2019.015,-180.0,15.521739,0.0,431962.28,0.0,106528.95,5420.625,0.6666667,-443.33334,0.01452,15.13074,0.92,0.25,1,-728.6427,15808.333,0.037959237,10.0,0.0,2,0.8679975,1,0.1025479,0.0,0.0,0,0.0,0.0,0.0,0.33333334,0.9777348,0.4571111,0.0,0.0,9,0.33333334,0.0,0.25,0.33333334,0,0.33333334,0.6666667,0.0,0.0,0.014199425,0.06633385,0.0,0.0,0.0
0.5108563,0.053140294,0.5021294,0.02663523,-12627.0,13369.5,1.0654914,1,13.592881,-416.93738,678578.9,0.5662409,12.061121,0.19806667,67,0,1.3829919,29.516104,-327.7884,0.1108971,-1083.0499,5242.4604,-12168.0,160390.22,1011.9233,11083.136,0.21486607,0.13447608,-5.0,0.96875226,-363.87296,37.84903,18754.361,5198.1606,774.7538,12.26564,2529.067,431962.28,0.0042077564,378081.47,13925.762,0.23777755,-132.19705,0.016612,15.13074,0.90468615,0.58311266,1,-728.6427,307208.47,0.07275849,12.661583,6724.2266,2,0.8679975,0,0.1025479,0.068525076,0.0,0,12823.701,0.080552734,0.47940668,0.2845134,0.9777348,0.4571111,0.21002875,49.54514,15,0.35041127,0.014233142,0.23965093,0.14514303,1,0.25491133,0.2090302,0.14553413,0.027647203,0.014199425,0.06633385,0.010587371,0.053136926,0.14762497
0.63303167,0.06185215,0.5021294,0.06794,-437.0,30573.0,0.0,0,10.0,-416.93738,36254.656,0.5662409,12.061121,0.15097778,-27,1,1.0,11.0,-2592.0,0.0,-1083.0499,5242.4604,-4516.0,160390.22,1011.9233,2790.0,0.0,0.45,0.0,1.0264901,0.0,21.0,3625.4656,3622.185,774.7538,8.7,2529.067,431962.28,0.0042077564,378081.47,3625.83,0.0,-132.19705,0.019689,15.13074,1.0,0.58311266,1,-728.6427,307208.47,0.07275849,14.0,0.0,2,0.8679975,0,0.078,0.0,0.0,0,12823.701,0.0,1.0,0.0,0.9742,0.4571111,1.0,49.54514,9,1.0,0.014233142,0.23965093,0.0,0,0.0,0.0,0.0,0.0,0.014199425,0.0719,0.0,0.0,0.0
0.67065173,0.6676275,0.6434899,0.05,-2362.0,10125.0,0.0,1,21.2,-708.0,861983.1,0.5662409,12.061121,0.1125,96,0,1.3636707,30.0,-27.0,0.0,-993.5,5242.4604,-8847.0,40549.5,30997.0,1237.5,0.0,0.44444445,-199.0,0.9308948,-9196.0,34.0,31925.3,3469.86,-913.0,14.074074,2529.067,431962.28,0.0,73012.5,9221.67,0.33333334,-17.0,0.01885,15.13074,0.8,0.5,0,-728.6427,307208.47,0.008025383,11.666667,0.0,2,0.8679975,1,0.0526,0.0,0.0,1,12823.701,0.0,0.5,0.16666667,0.9841,0.4571111,0.0,0.0,10,0.16666667,0.0,0.5,0.0,1,0.5,0.33333334,0.5,0.0,0.014199425,0.0,0.06666667,0.0,0.16666667
0.23791608,0.6163271,0.4431945,0.029236227,-823.0,31522.5,2.2222223,1,9.0,-221.0,75546.85,0.5662409,2.0,0.11675,-5,1,1.0,10.0,-1234.0,0.0,-547.8333,5242.4604,-5125.0,600369.0,182.0,7555.5,0.0,0.25041735,-1472.0,1.1111112,0.0,29.0,8394.095,8363.295,2720.0,4.6666665,2529.067,431962.28,0.0,1080000.0,8397.945,0.0,-128.2,0.030755,15.13074,0.9,0.16666667,1,-728.6427,76354.3,0.07275849,14.0,0.0,2,0.8679975,1,0.1025479,0.0,0.0,0,0.0,0.0,0.0,0.0,0.9777348,0.4571111,1.0,0.0,16,0.0,0.16666667,0.33333334,0.0,0,0.0,0.0,0.0,0.0,0.014199425,0.06633385,0.0,0.0,1.0
0.57796913,0.24073923,0.5021294,0.029390626,-1868.0,25393.5,0.18987341,0,14.333333,-416.93738,1560978.6,0.5662409,12.061121,0.22572,28,0,1.1408565,75.0,-14.0,0.14285715,-821.0,5242.4604,-1465.0,0.0,1011.9233,99000.0,0.0,0.13020833,-1206.0,1.1338552,-6633.684,82.0,19759.223,11.745,-456.0,14.455696,2529.067,431962.28,0.0,174285.0,14694.96,0.14285715,-132.19705,0.028663,15.13074,0.94666666,1.0,0,-2676.0,307208.47,0.051154993,11.857142,3456.09,2,1.4,1,0.1025479,0.0,0.0,0,12823.701,0.0,0.71428573,0.2857143,0.9777348,0.4571111,0.71428573,0.0,10,0.0,0.0,0.0,0.2857143,1,0.14285715,0.0,0.42857143,0.0,0.014199425,0.06633385,0.0,0.0,0.0
0.50468135,0.691593,0.7757625,0.044218935,-2384.1423,33628.5,0.09677419,1,35.2,-416.93738,2587322.0,0.5662409,12.061121,0.21351428,-92,0,0.9677419,35.0,-41.0,0.53333336,-1974.6666,365841.0,-5277.0,160390.22,1011.9233,5715.0,0.08571429,0.20710059,-2001.0,0.8365243,458.14066,67.0,83462.0,2657.7,63.0,13.83871,2529.067,2098360.2,0.0,434620.5,24822.936,0.4,-132.19705,0.026392,15.13074,0.9142857,1.0,0,-1285.0,307208.47,0.066305354,12.933333,11544.66,2,0.0,1,0.0937,0.0,1.0,0,12823.701,0.0,0.26666668,0.13333334,0.9921,0.41904762,0.2,0.0,11,0.06666667,0.0,0.0,0.0,0,0.2,0.0,0.0,0.4,0.16666667,0.06633385,0.0,0.2,0.6
0.5726825,0.26359755,0.5021294,0.053275,-3289.0,38358.0,0.09756097,0,13.333333,-781.0,1519035.8,0.5662409,16.0,0.17758334,38,1,0.9512195,40.0,-12.0,0.0,-927.6,10730.452,-4331.0,584380.8,2871.0,24345.0,0.0,0.3,0.0,1.0274404,2704.1204,32.0,37049.652,698.985,89.0,12.0,21460.904,577169.3,0.0,801126.0,31501.65,0.0,-44.0,0.000533,15.13074,0.95,0.6,1,-728.6427,544.5,0.009791238,8.333333,54735.48,3,0.8679975,1,0.1025479,0.33333334,0.0,0,0.0,0.0,0.0,0.33333334,0.9777348,0.4571111,0.0,0.0,9,0.33333334,0.2,0.2,0.0,0,0.6666667,0.33333334,0.33333334,0.0,0.014199425,0.06633385,0.0,0.0,0.0
0.7281413,0.6669381,0.5021294,0.03236116,-2881.0,41692.5,4.5576925,0,14.666667,-819.0,234566.81,0.5662409,13.0,0.20588888,-45,0,0.8076923,44.0,-261.0,0.0,-1668.3636,270.0,-608.0,99263.05,120.0,3825.0,0.045454547,0.15717779,-2042.0,1.013299,827.5846,21.0,4510.9004,4.5,31178.0,7.9615383,0.0,142720.14,0.0,191254.1,4727.07,0.6666667,-164.75,0.019101,15.13074,0.95454544,0.6363636,1,-728.6427,190265.67,0.011859352,16.666666,4313.25,2,0.8679975,1,0.0905,0.33333334,0.0,0,0.0,0.0,0.0,0.6666667,0.9846,0.4571111,0.0,0.0,12,0.33333334,0.0,0.27272728,0.0,0,0.0,0.33333334,0.0,0.0,0.014199425,0.0,0.0,0.0,0.0
0.4758499,0.65542185,0.5021294,0.029339854,-1158.0,37800.0,0.0,1,24.0,-266.0,529854.1,0.5662409,1.0,0.168,-80,1,1.0,19.0,-302.0,0.0,-1520.8235,2655.0,-9210.0,45493.25,-520.0,47277.0,0.0,0.17464198,-846.0,1.1111122,0.0,127.0,29436.34,22461.525,-24.0,45.72222,0.0,655998.8,0.0,365612.75,22461.525,0.0,-204.2,0.009334,15.13074,0.94736844,0.7058824,1,-728.6427,208639.7,0.07275849,11.0,0.0,2,0.8679975,0,0.1022,0.0,0.0,0,208.20375,0.0,0.0,0.0,0.9806,0.4571111,1.0,0.0,12,1.0,0.0,0.29411766,0.0,0,0.0,0.0,0.0,0.0,0.014199425,0.0322,0.0,0.0,0.0
0.5108563,0.6241611,0.5021294,0.029471561,-2384.1423,16047.0,0.032258064,1,24.666666,-416.93738,769328.75,0.5662409,12.061121,0.19811112,5,0,1.0,66.0,-19.0,0.0,-1083.0499,5242.4604,-10194.0,160390.22,1011.9233,0.0,0.0,0.14876279,-1924.0,0.8969984,0.0,31.0,12408.528,9170.55,774.7538,8.774194,2529.067,431962.28,0.0042077564,378081.47,11319.81,0.25,-132.19705,0.035792,15.13074,0.95454544,0.58311266,1,-728.6427,307208.47,0.0053414544,12.75,0.0,2,0.8679975,0,0.0599,0.0,0.0,0,12823.701,0.0,0.75,0.0,0.9861,0.4571111,0.25,49.54514,10,0.0,0.014233142,0.23965093,0.0,0,0.25,0.0,0.25,0.25,0.014199425,0.0475,0.0,0.25,0.0
0.45610973,0.40254375,0.36291814,0.044254377,-748.0,27544.5,0.19148937,1,21.666666,-467.0,1782809.2,0.5662409,12.061121,0.102016665,-13,1,0.9787234,53.0,-860.0,0.0,-1769.5883,3633.75,-9771.0,0.0,10490.0,3352.5,0.0,0.43379557,-1252.0,0.985137,230.82031,44.0,37932.113,49.23,1012.0,11.085107,0.0,519840.84,0.0,235263.17,12716.385,0.25,-28.0,0.035792,15.13074,0.8867925,0.88235295,1,-728.6427,307208.47,0.014830346,14.125,10799.325,2,0.8679975,0,0.0315,0.0,0.0,0,12823.701,0.0,0.375,0.375,0.9836,0.19136241,0.375,0.0,13,0.0,0.0,0.23529412,0.0,1,0.125,0.5,0.25,0.0,0.0,0.0318,0.0,0.125,0.375
0.36896873,0.21033725,0.5021294,0.048234675,-230.0,49428.0,0.0,0,8.0,-583.0,308673.5,0.2631579,10.0,0.2746,14,0,1.0,14.0,-22.0,0.0,-1084.0,0.0,-1689.0,90919.93,226.0,6012.0,0.0,0.1756543,-600.0,1.0053359,0.0,46.0,9353.742,182.925,-384.0,9.060606,0.0,12640.5,0.0,603794.56,16368.135,0.33333334,-129.2,0.00963,0.87134504,0.85714287,0.2857143,1,-728.6427,184677.3,3.0130635e-05,13.333333,0.0,2,0.8679975,1,0.1493,0.0,0.0,0,0.0,0.0,0.6666667,0.33333334,0.997,0.18954612,0.0,0.0,13,0.33333334,0.14285715,0.2857143,0.0,0,0.33333334,0.33333334,0.0,0.0,0.0,0.0742,0.0,0.0,0.33333334
0.27644068,0.5563817,0.25493047,0.036118783,-204.0,23535.0,0.0,1,0.0,-472.0,264471.53,0.06382979,12.061121,0.14942858,29,0,1.0,4.0,-21.0,0.0,-816.6,0.0,-4803.0,132728.48,258.0,11083.136,0.0,0.2417127,0.0,0.0,0.0,30.0,2567.6848,67.5,12855.0,3.485437,0.0,431962.28,0.0,217260.0,4500.0,0.0,-11.25,0.004849,0.08107503,0.75,0.2,1,-728.6427,121950.25,0.07275849,13.0,0.0,2,0.8679975,1,0.1025479,0.0,0.0,0,0.0,0.0,1.0,0.0,0.9777348,0.4571111,0.0,0.0,13,0.0,0.0,0.4,0.0,1,0.0,1.0,0.0,0.0,0.014199425,0.06633385,0.0,0.0,1.0
0.5406544,0.5018005,0.5021294,0.051339805,-1739.0,23796.0,0.28301886,1,14.5,-416.93738,956816.1,0.0,5.0,0.21152,-79,0,1.0829563,40.0,-14.0,0.125,-1225.0,5242.4604,-1458.0,0.0,1011.9233,22500.225,0.05,0.24271844,-479.0,1.0009727,-3085.7595,30.0,18053.135,0.27,-1102.0,4.716981,2529.067,431962.28,0.0,28350.0,14268.949,0.125,-132.19705,0.028663,73.69583,0.95,1.0,1,-479.0,307208.47,0.004392992,13.375,16433.64,2,1.0,1,0.0218,0.0,0.0,0,12823.701,0.0,0.75,0.0,0.9776,0.2195122,0.125,0.0,14,0.125,0.0,0.0,0.0,1,0.125,0.125,0.0,0.0,0.0,0.0,0.0,0.125,0.0
0.45432106,0.48662212,0.47908527,0.027497381,-3011.0,42511.5,0.6052632,1,23.5,-240.0,1247780.2,0.5662409,12.061121,0.3149,-63,0,0.9736842,41.0,-46.0,0.0,-1216.28,0.0,-666.0,2562.0652,30.0,34897.5,0.0,0.08732099,-419.0,1.0880843,107.54881,29.0,32836.324,0.855,1248.0,9.210526,0.0,527239.5,0.0,177780.47,14345.156,0.33333334,-232.8,0.015221,15.13074,0.902439,0.8,1,-728.6427,497315.2,0.05281654,14.0,4086.0,2,0.8679975,1,0.0929,0.0,1.0,0,78750.0,0.0,0.6666667,0.16666667,0.9791,0.4571111,0.0,0.0,14,0.16666667,0.0,0.12,0.16666667,0,0.33333334,0.33333334,0.0,0.0,0.014199425,0.0825,0.024390243,0.0,0.33333334
0.2301589,0.69089293,0.36353558,0.03273613,-3541.0,17842.5,0.5,1,24.0,-41.0,138656.92,0.5662409,6.0,0.08811111,-17,1,0.9375,16.0,-1087.0,0.0,-433.7143,0.0,-2266.0,67.5,281.0,28246.5,0.0,0.37153235,-1530.0,1.1215338,369.41345,90.0,8666.058,978.075,1519.0,41.1875,2529.067,107872.336,0.0,521344.28,5910.615,0.0,-23.333334,0.006671,15.13074,0.9375,0.5714286,1,-728.6427,166843.0,0.07275849,21.0,4932.54,2,0.8679975,0,0.0044,1.0,0.0,0,0.0,0.0,0.0,1.0,0.9657,0.4571111,0.0,0.0,18,1.0,0.0,0.2857143,1.0,1,0.0,0.0,0.0,0.0,0.014199425,0.06633385,0.0,0.0,0.0
0.6738301,0.48615777,0.4646794,0.05,-2761.0,10125.0,0.8378378,1,18.0,-213.0,338639.34,0.5662409,12.061121,0.075,-69,1,0.972973,38.0,-70.0,0.4,-646.0,1135.125,-1291.0,29618.31,0.0,0.0,0.0,0.6666667,-1547.0,0.41669592,282.64743,19.0,9152.415,68.715,-1131.0,8.405405,1135.125,431962.28,0.0,415350.0,9675.72,0.2,-15.75,0.025164,15.13074,0.94736844,0.2,0,-905.0,84015.586,0.23169143,10.8,10389.24,2,0.0,0,0.06,0.2,0.0,1,9572.535,0.0,0.8,0.0,0.9752,0.4571111,0.0,0.0,8,0.2,0.2,0.6,0.0,1,0.0,0.0,0.0,0.2,0.014199425,0.0741,0.0,0.0,0.4
0.22009465,0.39144117,0.3943997,0.035914034,-7930.0,26266.5,1.7986578,1,23.09091,-287.0,4347998.5,0.0,7.0,0.145925,119,0,0.9060238,93.0,-17.0,0.1875,-1325.091,0.0,-7441.0,53449.65,623.0,9000.0,0.8924731,0.24611296,-1192.0,0.94232863,592.47815,38.0,29181.197,0.855,-99.0,5.355705,2529.067,897190.5,0.0,292841.78,16265.704,0.0625,-41.666668,0.025164,12.782759,0.9354839,0.72727275,1,-253.0,157642.33,0.024364552,11.0625,22725.0,2,0.84796065,1,0.0623,0.0,0.0,0,0.0,0.3125,0.375,0.3125,0.9722,0.543013,0.4375,0.0,9,0.0625,0.0,0.27272728,0.1875,1,0.3125,0.0,0.1875,0.0,0.0,0.0657,0.0,0.1875,0.0
0.41709965,0.51110333,0.5021294,0.09831145,-2384.1423,14148.0,0.04918033,1,12.0,-15.0,777263.7,0.5662409,12.061121,0.17466667,-4,0,0.9836066,64.0,-240.0,0.0,-502.5,5242.4604,-2818.0,42945.75,108.0,0.0,0.0,0.5628518,-1983.0,0.94483775,157.15254,34.0,12742.027,46.935,-655.0,10.868853,2529.067,431962.28,0.0,70085.25,12956.022,0.4,-12.0,0.028663,15.13074,0.9375,0.5,0,-728.6427,307208.47,0.0010995431,9.2,9539.37,2,0.8679975,1,0.1025479,0.0,0.0,0,0.0,0.0,0.8,0.0,0.9777348,0.4571111,0.4,0.0,9,0.2,0.0,0.0,0.0,0,0.2,0.2,0.0,0.2,0.014199425,0.06633385,0.0,0.2,0.2
0.44183582,0.74631256,0.5021294,0.05425,-2549.0,48825.0,0.0625,0,19.5,-118.0,1602491.8,0.5662409,1.0,0.135625,-6,1,0.984375,64.0,-68.0,0.0,-438.75,0.0,-4390.0,409318.88,1349.0,135000.0,0.0,0.4,-2448.0,1.2519956,350.73422,32.0,25038.934,318.465,131.0,7.515625,0.0,431962.28,0.0,582397.9,20477.193,0.25,-11.333333,0.004849,15.13074,0.984375,0.25,0,-728.6427,35654.332,0.29838157,12.5,22128.525,2,0.8679975,1,0.1025479,0.0,0.0,0,0.0,0.0,0.25,0.75,0.9777348,0.875,0.0,0.0,11,0.25,0.0,0.25,0.0,0,0.75,0.0,0.25,0.0,0.0,0.06633385,0.0,0.0,0.0
0.6463299,0.58369756,0.34878474,0.06436677,-77.0,17892.0,0.2735849,1,8.0,-1684.0,739871.0,0.525,17.0,0.15904,-83,0,1.0,26.0,-15.0,0.0,-1684.0,0.0,-5506.0,358317.0,120.0,19525.23,0.0,0.40472066,0.0,0.77951515,0.0,29.0,6979.915,350.73,774.7538,7.283019,0.0,431962.28,0.0,369000.0,5503.26,0.33333334,-15.0,0.009175,0.78417724,0.9230769,0.0,1,-728.6427,307208.47,0.52303886,13.666667,0.0,2,0.8679975,1,0.1025479,0.0,2.0,0,0.0,0.0,0.6666667,0.0,0.9777348,0.91071427,0.0,0.0,18,0.33333334,0.0,1.0,0.33333334,0,0.33333334,0.0,0.0,0.0,0.0,0.06633385,0.0,0.0,0.0
0.37910047,0.55732065,0.3296603,0.105414286,-1897.0,33205.5,0.0,0,9.0,-9.0,582023.9,0.5662409,12.0,0.14758,-65,1,1.0,8.0,-804.0,0.0,-522.0,5242.4604,-992.0,263533.5,887.0,49500.0,0.0,0.71428573,-1207.0,1.030469,0.0,27.0,97003.98,16691.355,887.0,13.166667,2529.067,431962.28,0.0,784125.0,30620.678,0.5,-309.66666,0.010006,15.13074,0.75,0.25,0,-728.6427,241068.0,0.013006316,13.0,0.0,1,0.8679975,0,0.0595,0.0,0.0,0,12823.701,0.0,0.0,0.5,0.9841,0.4571111,0.0,0.0,13,0.5,0.0,0.25,0.0,1,0.5,0.0,0.0,0.0,0.014199425,0.0465,0.0,0.0,0.0
0.45432106,0.47818097,0.5021294,0.05,-2384.1423,10125.0,14.575,1,9.5,-2244.0,139857.75,0.5662409,12.061121,0.1125,-119,0,0.8,50.0,-34.0,0.3125,-1755.5,6569.325,-794.0,0.0,708.0,2250.0,0.0,0.44444445,-283.0,0.95641804,726.4609,51.0,3496.4438,13.725,-67.0,12.85,2529.067,619856.2,0.0,72056.25,4378.241,0.125,-3.0,0.030755,15.13074,0.94,0.8333333,0,-192.0,307208.47,0.0067845797,10.125,4693.275,2,0.8833922,0,0.1025479,0.1875,2.0,1,12823.701,0.0,0.5,0.4375,0.9777348,0.4571111,0.0,0.0,10,0.0625,0.0,0.16666667,0.125,0,0.25,0.25,0.0625,0.0,0.014199425,0.06633385,0.0,0.0,0.0
0.3392877,0.44214362,0.3815738,0.042622548,-234.0,21888.0,0.25581396,1,5.5,-170.0,784885.4,1.5454545,12.061121,0.1216,-68,0,1.0469468,26.0,-8.0,0.0,-781.2857,0.0,-351.0,44789.145,861.0,16573.5,0.0,0.35051438,-1334.0,0.9632661,-773.13873,23.0,18253.148,288.675,-308.0,4.5348835,0.0,124117.5,0.0,164129.33,20899.664,0.5,-311.5,0.025164,16.49091,0.84615386,0.71428573,1,-728.6427,153458.0,0.00563345,13.0,0.0,2,0.8679975,1,0.187,0.0,1.0,0,737.55,0.0,0.5,0.25,0.9906,0.4571111,0.25,0.0,14,0.25,0.0,0.42857143,0.25,1,0.0,0.25,0.0,0.25,0.014199425,0.2366,0.03846154,0.0,0.0
0.47764915,0.5739207,0.5021294,0.03628192,-856.0,13005.0,0.06349207,1,15.6,-127.0,344859.75,0.5662409,12.061121,0.08257143,45,0,0.984127,64.0,-49.0,0.0,-984.6,4547.169,-4438.0,94869.67,-796.0,6750.0,0.0,0.4394004,0.0,0.9287291,143.06857,44.0,5473.9644,1049.265,916.0,11.174603,3155.085,566064.3,0.0,160753.6,7206.246,0.4,-379.16666,0.010147,15.13074,0.96875,0.4,1,-728.6427,370273.47,0.036456626,14.2,7830.675,2,0.8679975,1,0.1025479,0.2,0.0,0,40675.96,0.0,0.2,0.6,0.9777348,0.4571111,0.0,0.0,12,0.2,0.0,0.5,0.0,1,0.4,0.2,0.0,0.2,0.014199425,0.06633385,0.0,0.0,0.4
0.60238636,0.5697446,0.5021294,0.09873358,-2384.1423,9472.5,7.736842,1,9.0,-809.0,200992.6,0.5662409,12.061121,0.14033334,84,0,0.94736844,23.0,-60.0,0.0,-786.0,0.0,-7720.0,21093.75,167.0,2250.0,0.0,0.7035647,-1833.0,1.006638,197.44815,17.0,10578.558,5.175,-419.0,4.736842,2529.067,431962.28,0.0,180000.0,9311.647,0.5,-14.0,0.035792,15.13074,0.95652175,0.5,0,-728.6427,307208.47,0.009398686,12.5,3746.34,2,0.8679975,0,0.1025479,0.0,0.0,0,0.0,0.0,0.5,0.5,0.9777348,0.4571111,0.0,0.0,9,0.5,0.0,0.0,0.0,0,0.5,0.5,0.0,0.0,0.014199425,0.06633385,0.0,0.0,1.0
0.45432106,0.7019187,0.5021294,0.029238738,-4451.0,29209.5,1.4467213,1,14.142858,-60.0,3420945.2,0.3478261,12.061121,0.18545714,83,0,0.8816,182.0,-27.0,0.055555556,-518.25,29.265,-4154.0,34578.0,122.0,5400.0,0.1978022,0.15765765,-2116.0,0.8494308,1236.6208,74.0,14020.267,2.97,-592.0,7.491803,0.0,3444.5,0.0,89692.46,14302.386,0.2777778,-19.5,0.01885,8.555385,0.9395604,0.5,1,-300.0,7442.0,0.061062966,14.555555,28360.35,2,1.0,1,0.1025479,0.0,0.0,0,1194.39,0.055555556,0.44444445,0.33333334,0.9777348,0.4571111,0.055555556,0.0,13,0.0,0.0,0.5,0.11111111,1,0.44444445,0.055555556,0.33333334,0.055555556,0.014199425,0.06633385,0.0,0.055555556,0.055555556
0.6041126,0.5824324,0.5021294,0.05,-2870.0,13500.0,0.7777778,0,11.714286,-1147.0,816939.44,0.5662409,12.061121,0.1,-7,0,0.8055556,64.0,-29.0,0.0,-1490.8572,2784.825,-7201.0,195507.64,-51.0,4950.0,0.0,0.5,-1353.0,0.98493004,3146.3345,41.0,11346.381,1.44,-199.0,10.333333,2529.067,955468.3,0.0,363990.94,13860.161,0.14285715,-975.0,0.018209,15.13074,0.9375,0.5714286,0,-728.6427,10920.333,0.011844357,11.142858,26025.164,3,0.8679975,1,0.064,0.0,0.0,1,0.0,0.0,0.14285715,0.71428573,0.9796,0.4571111,0.2857143,0.0,11,0.0,0.0,0.14285715,0.0,1,0.5714286,0.14285715,0.0,0.0,0.014199425,0.0199,0.0,0.0,0.0
0.45074728,0.31371027,0.5021294,0.027573338,-3159.0,47542.5,0.0,1,13.333333,-46.0,364026.38,0.5662409,12.061121,0.17608333,118,0,1.1112027,38.0,-296.0,0.0,-1162.5,5242.4604,-10999.0,160390.22,287.0,24282.0,0.0,0.15659255,-1562.0,1.2536968,-1285.6235,90.0,10706.658,3104.28,774.7538,47.294117,2529.067,431962.28,0.0,130524.75,5690.085,0.33333334,-6.0,0.019689,15.13074,0.8947368,0.0,1,-728.6427,2493144.5,0.028448416,13.333333,0.0,2,0.8679975,1,0.1025479,0.0,0.0,0,12823.701,0.0,0.33333334,0.33333334,0.9777348,0.4571111,0.6666667,0.0,13,0.33333334,0.0,0.5,0.33333334,0,0.0,0.6666667,0.0,0.0,0.014199425,0.06633385,0.02631579,0.0,0.0
0.4830502,0.65927845,0.5021294,0.036313847,-3954.0,11875.5,0.0,1,5.0,-509.0,41765.715,0.0,12.061121,0.05278,103,0,1.0,11.0,-1182.0,0.0,-1773.2,1920.2264,-9133.0,146698.66,-1247.0,2925.0,0.0,0.6880229,-1477.0,0.47295505,0.0,25.0,4176.5713,4126.23,-191.0,21.4,562.5,823926.94,0.0,261167.5,3216.0825,0.5,-345.5,0.031329,0.0,0.90909094,0.6,0,-728.6427,1035396.25,0.44737294,13.5,0.0,2,0.8679975,0,0.0582,0.0,1.0,0,49672.125,0.0,0.5,0.5,0.9796,0.1764706,0.0,0.0,13,0.5,0.0,0.3,0.5,1,0.0,0.5,0.0,0.0,0.0,0.06,0.0,0.0,0.5
0.75037515,0.62169564,0.5021294,0.054403268,-502.0,46174.5,0.0,0,6.0,-416.93738,77070.78,0.5662409,12.061121,0.22802222,6,1,1.0,7.0,-114.0,0.0,-1083.0499,5242.4604,-105.0,160390.22,1011.9233,16465.5,0.0,0.23858756,-286.0,1.158318,0.0,10.0,12845.13,12844.98,774.7538,7.1666665,2529.067,431962.28,0.0042077564,378081.47,12845.16,0.0,-132.19705,0.035792,15.13074,0.85714287,0.58311266,1,-728.6427,307208.47,0.07275849,17.0,0.0,2,0.8679975,1,0.1899,0.0,0.0,0,12823.701,0.0,0.0,1.0,0.9911,0.4571111,1.0,49.54514,12,1.0,0.014233142,0.23965093,1.0,1,0.0,0.0,0.0,0.0,0.014199425,0.0628,0.0,0.0,0.0
0.6479769,0.5656874,0.5021294,0.06682857,-1492.0,21051.0,0.0,0,12.0,-380.0,195261.56,0.5662409,11.0,0.10395555,64,0,1.0,13.0,-424.0,0.0,-873.3333,5242.4604,-3644.0,341103.6,272.0,0.0,0.0,0.64285713,-778.0,0.90449846,0.0,17.0,16271.798,15946.335,538.0,13.75,2529.067,79699.0,0.0,387435.75,16301.385,1.0,-21.0,0.009334,15.13074,0.9230769,0.5,1,-728.6427,52757.332,0.07275849,12.0,0.0,2,0.8679975,0,0.1012,0.0,0.0,0,0.0,0.0,1.0,0.0,0.9816,0.5180933,0.0,0.0,18,1.0,0.0,0.16666667,0.0,1,0.0,1.0,0.0,0.0,0.0,0.0402,0.0,0.0,0.0
0.2525987,0.061352827,0.5021294,0.054236364,-1388.0,13423.5,2.4814816,0,11.0,-279.0,107725.95,0.5662409,12.0,0.11932,65,0,0.8148148,24.0,-798.0,0.6,-300.5,0.0,-8518.0,62171.844,27467.0,0.0,0.0,0.45454547,0.0,0.8480017,1091.6833,32.0,3989.85,28.26,-200.0,9.037037,0.0,431962.28,0.0,90000.0,4982.4,0.8,-10.0,0.015221,15.13074,0.9166667,0.5,1,-944.0,307208.47,0.004991222,12.8,5866.83,2,0.77657837,0,0.0066,0.0,0.0,0,0.0,0.4,0.0,0.8,0.9717,0.4571111,0.0,0.0,13,0.2,0.0,1.0,0.2,1,0.2,0.0,0.4,0.0,0.014199425,0.0137,0.0,0.0,0.0
0.5108563,0.5889008,0.3704681,0.054513317,-207.0,26230.5,0.0,1,6.0,-213.0,152893.48,0.5662409,12.061121,0.10598182,-94,0,1.0,13.0,-34.0,0.33333334,-213.0,5242.4604,-3999.0,151870.5,949.0,11736.0,0.0,0.5143648,-464.0,0.99760866,0.0,23.0,12741.124,10600.56,774.7538,10.333333,2529.067,431962.28,0.0,157500.0,12741.525,0.0,-125.0,0.011703,15.13074,0.9230769,0.0,1,-197.0,307208.47,0.0041142837,14.0,0.0,2,1.0,0,0.1025479,0.0,0.0,0,0.0,0.33333334,0.0,0.0,0.9777348,0.375,0.0,0.0,12,0.33333334,0.0,1.0,0.0,0,0.6666667,0.0,0.0,0.0,0.0,0.06633385,0.0,0.0,0.0
0.3825018,0.3205483,0.5021294,0.042366665,-8110.0,28597.5,0.0,1,13.592881,-999.0,17579.7,0.5662409,12.061121,0.158875,-67,0,1.0,3.0,-2909.0,0.1108971,-1155.4,0.0,-8123.0,43382.25,402.0,11083.136,0.0,0.26666668,-3164.0,0.96875226,0.0,16.0,17579.7,17579.7,-20.0,16.0,2529.067,454723.0,0.0,455911.2,13925.762,0.23777755,-20.5,0.02461,0.0,0.6666667,0.6,1,-728.6427,90312.5,0.07275849,12.661583,0.0,2,0.8679975,1,0.0745,0.068525076,0.0,0,0.0,0.080552734,0.47940668,0.2845134,0.9786,0.4571111,0.21002875,0.0,18,0.35041127,0.0,0.4,0.14514303,0,0.25491133,0.2090302,0.14553413,0.027647203,0.014199425,0.0677,0.0,0.053136926,0.14762497
0.36896873,0.475857,0.064487055,0.10583564,-1275.0,16551.0,0.0,0,10.0,-67.0,61119.54,0.5662409,14.0,0.21635294,112,1,1.0,11.0,-687.0,0.0,-122.5,0.0,-5552.0,20178.0,6.0,0.0,0.0,0.48918048,-1.0,0.9191458,0.0,14.0,6111.954,6034.275,774.7538,10.9,0.0,431962.28,0.0,40930.402,6120.585,1.0,-33.0,0.018634,15.13074,0.90909094,0.0,1,-728.6427,6160.5,0.07275849,11.0,0.0,2,0.8679975,0,0.1025479,0.0,0.0,0,0.0,0.0,1.0,0.0,0.9777348,0.8333333,0.0,0.0,12,1.0,0.0,0.0,0.0,1,0.0,1.0,0.0,0.0,0.0,0.06633385,0.0,0.0,0.0
0.26786894,0.6292054,0.559414,0.03317507,-537.0,34587.0,0.2962963,1,15.2,-104.0,1741510.6,0.5662409,12.061121,0.2562,-60,0,0.962963,57.0,-100.0,0.2857143,-1420.5,2779.9844,-7951.0,18844.344,690.0,15525.0,0.03508772,0.12948895,-876.0,0.70277417,793.1092,44.0,32250.197,1792.755,-416.0,11.462963,2529.067,266295.12,0.0,207904.84,20221.775,0.14285715,-33.5,0.02461,15.13074,0.94736844,0.8333333,1,-652.0,515112.5,0.23637699,12.0,25508.88,2,0.0,0,0.0054,0.0,0.0,0,0.0,0.0,0.5714286,0.0,0.9836,0.4571111,0.14285715,0.0,11,0.0,0.0,0.25,0.14285715,1,0.42857143,0.14285715,0.2857143,0.0,0.014199425,0.0,0.0,0.0,0.0
0.52629495,0.52356315,0.5238492,0.038915377,-451.0,30631.5,0.0,1,12.0,-416.93738,92407.23,0.5662409,12.061121,0.26180768,75,0,1.0,9.0,-13.0,0.0,-690.0,1387.305,-6356.0,0.0,1011.9233,0.0,0.0,0.14864108,-277.0,0.9045053,0.0,19.0,10267.47,10267.47,-324.0,11.666667,2529.067,431962.28,0.0,26550.0,10267.47,0.0,-132.19705,0.00733,15.13074,1.0,1.0,1,-728.6427,307208.47,0.07275849,10.0,0.0,2,0.8679975,1,0.0104,0.0,0.0,0,12823.701,0.0,0.0,0.0,0.9771,0.47826087,0.0,0.0,13,1.0,0.0,0.0,0.0,1,1.0,0.0,0.0,0.0,0.04347826,0.06633385,0.0,0.0,0.0
0.5108563,0.6607947,0.5021294,0.04827792,-2384.1423,36459.0,0.16666667,0,28.0,-416.93738,467983.62,0.5662409,8.0,0.23148571,-21,0,0.9444444,19.0,-148.0,0.0,-1083.0499,5242.4604,-7396.0,160390.22,1011.9233,16083.0,0.05263158,0.20855679,0.0,1.0046613,617.8175,63.0,25999.09,123.525,774.7538,19.166666,2529.067,431962.28,0.0042077564,378081.47,8618.25,0.2,-132.19705,0.008625,15.13074,0.8947368,0.58311266,0,-728.6427,307208.47,0.015293176,13.0,10997.19,2,0.8679975,1,0.0455,0.0,0.0,0,12823.701,0.0,0.8,0.2,0.9737,0.4571111,0.0,49.54514,14,0.2,0.014233142,0.23965093,0.0,0,0.4,0.0,0.0,0.2,0.014199425,0.0308,0.0,0.0,0.2
0.68326885,0.61379015,0.74202466,0.038725823,-2384.1423,42682.5,0.33333334,1,11.333333,-61.0,389565.84,0.5662409,12.061121,0.271,-127,0,1.0,33.0,-535.0,0.0,-235.0,5242.4604,-6892.0,160390.22,29.0,5400.0,0.0,0.14289972,0.0,0.9524385,0.0,70.0,12985.528,5844.42,-318.0,14.733334,2529.067,431962.28,0.0,40522.5,11189.085,0.33333334,-6.0,0.010643,15.13074,0.90909094,0.5,0,-728.6427,307208.47,0.004137107,14.333333,0.0,2,0.8679975,1,0.1025479,0.0,0.0,0,12823.701,0.0,0.0,0.0,0.9777348,0.4571111,0.6666667,0.0,13,0.33333334,0.0,0.0,0.0,0,0.0,0.0,0.6666667,0.0,0.014199425,0.06633385,0.0,0.0,0.0
0.5108563,0.693753,0.84568816,0.03799,-2384.1423,17095.5,0.0,0,25.333334,-416.93738,297927.3,0.5662409,15.0,0.21105556,76,0,1.0,28.0,-30.0,0.0,-1083.0499,5242.4604,-9786.0,160390.22,1011.9233,2025.0,0.0,0.18,-570.0,1.018022,0.0,34.0,14896.366,4972.905,774.7538,7.0,2529.067,431962.28,0.0042077564,378081.47,14910.6,0.0,-132.19705,0.011657,15.13074,0.9285714,0.58311266,1,-728.6427,307208.47,0.008155079,14.0,0.0,1,0.8679975,1,0.1025479,0.0,0.0,0,12823.701,0.0,0.6666667,0.33333334,0.9777348,0.4571111,0.6666667,49.54514,11,0.0,0.014233142,0.23965093,0.33333334,0,0.33333334,0.33333334,0.0,0.0,0.014199425,0.06633385,0.0,0.33333334,0.0
0.5108563,0.61895055,0.7570622,0.10010596,-1661.0,68022.0,0.2777778,1,6.0,-416.93738,247102.78,0.5662409,12.061121,0.3779,-39,0,0.9444444,21.0,-239.0,0.0,-1083.0499,5242.4604,-6559.0,160390.22,1011.9233,16380.0,0.0,0.26490065,-2894.0,1.0193703,1083.51,129.0,13727.933,962.28,774.7538,25.777779,2529.067,431962.28,0.0042077564,378081.47,13738.56,0.33333334,-132.19705,0.026392,15.13074,0.85714287,0.58311266,1,-728.6427,307208.47,0.026518434,13.666667,18540.9,2,0.8679975,1,0.0803,0.0,0.0,0,12823.701,0.33333334,0.6666667,0.0,0.9811,0.4571111,0.0,49.54514,13,0.33333334,0.014233142,0.23965093,0.0,0,0.6666667,0.0,0.33333334,0.0,0.014199425,0.06633385,0.0,0.0,0.0
0.07801577,0.10126061,0.5021294,0.0466,-1968.0,8388.0,0.0,0,0.0,-359.0,18239.266,0.71428573,12.061121,0.0932,104,0,1.0,29.516104,-6.0,0.5,-460.5,0.0,-1903.0,36144.156,-25.0,11083.136,0.21486607,0.5,-255.0,0.9205546,0.0,9.0,1302.8047,193.86,-259.0,2.9285715,0.0,431962.28,0.0,58534.02,2250.0,0.25,-168.0,0.00702,1.125,0.90468615,0.5,1,-217.0,307208.47,0.0047402345,10.75,0.0,2,0.8782716,0,0.1025479,0.0,0.0,0,0.0,0.75,0.75,0.25,0.9777348,0.4571111,0.0,0.0,8,0.75,0.0,0.0,0.25,1,0.25,0.0,0.5,0.0,0.014199425,0.06633385,0.010587371,0.0,0.25
0.5108563,0.54668945,0.7488946,0.0364,-2384.1423,9828.0,0.0,1,10.0,-728.0,46920.24,0.5662409,12.061121,0.273,-1,0,1.0,11.0,-1930.0,0.33333334,-728.0,0.0,-4609.0,7245.0,-363.0,4500.0,0.0,0.13333334,-2221.0,1.0110977,0.0,17.0,4692.024,4651.605,774.7538,14.9,0.0,431962.28,0.0,66096.05,4696.515,0.0,-638.0,0.026392,15.13074,0.90909094,0.0,0,-36.0,307208.47,0.00036947854,14.0,0.0,2,1.0,0,0.1025479,0.0,0.0,0,0.0,0.0,0.0,0.6666667,0.9777348,0.4571111,0.6666667,0.0,13,0.33333334,0.0,0.0,0.33333334,0,0.33333334,0.0,0.33333334,0.0,0.014199425,0.06633385,0.09090909,0.6666667,0.0
0.38591468,0.62100106,0.5021294,0.07958,-1503.0,17905.5,1.3333334,0,9.333333,-416.93738,507471.78,0.5662409,31.0,0.099475,-101,0,0.8055556,33.0,-128.0,0.0,-787.8,0.0,-3318.0,0.0,1011.9233,4405.5,0.5151515,0.8,-2224.0,0.9589653,2685.295,34.0,14096.438,45.045,-217.0,7.8333335,2529.067,178698.2,0.0,192139.2,13345.005,0.6666667,-132.19705,0.01452,15.13074,0.90909094,1.0,0,-728.6427,307208.47,0.0121486,10.0,23927.715,2,0.8679975,1,0.1025479,0.0,0.0,0,12823.701,0.0,0.0,0.6666667,0.9777348,0.42857143,0.33333334,0.0,9,0.33333334,0.0,0.0,0.0,1,0.0,0.33333334,0.6666667,0.33333334,0.0,0.06633385,0.0,0.0,0.33333334
0.6642483,0.75438994,0.5021294,0.106097564,-702.0,25447.5,0.0,0,24.0,-416.93738,857090.94,0.5662409,0.0,0.141375,-99,0,1.0,13.0,-131.0,0.0,-528.5,5242.4604,-4220.0,0.0,1011.9233,3874.5,0.0,0.750469,-583.0,1.0088896,0.0,87.0,85709.09,3574.44,877.0,27.2,2529.067,191580.5,0.0,362207.25,21750.637,0.5,-132.19705,0.009175,15.13074,0.84615386,1.0,1,-728.6427,307208.47,0.02090438,16.0,0.0,2,0.8679975,1,0.0104,0.0,0.0,0,12823.701,0.0,0.0,1.0,0.9771,0.4571111,0.0,0.0,14,0.5,0.0,0.0,0.0,1,0.5,0.0,0.0,0.5,0.014199425,0.06633385,0.0,0.0,0.5
0.32331124,0.5208624,0.5021294,0.05613,-667.0,25258.5,0.8076923,1,10.4,-253.0,472290.12,0.5662409,12.061121,0.22452,-69,0,0.9807692,59.0,-266.0,0.16666667,-986.5,0.0,-7951.0,87913.31,477.0,12294.0,0.0,0.25,-2199.0,1.0426348,42.482597,35.0,9082.502,63.45,-163.0,5.1538463,0.0,1342633.0,0.0,168070.5,8216.424,0.16666667,-17.0,0.01885,15.13074,0.91525424,0.75,1,-350.0,307208.47,0.012820614,11.333333,2145.645,2,1.0,1,0.1025479,0.0,0.0,0,0.0,0.0,0.33333334,0.0,0.9777348,0.47685185,0.33333334,0.0,15,0.0,0.0,0.0,0.16666667,1,0.5,0.33333334,0.0,0.0,0.0,0.06633385,0.0,0.0,0.33333334
0.40661743,0.41118228,0.8772606,0.07782148,-2266.0,23508.0,0.62857145,1,18.857143,-416.93738,3703913.5,0.5662409,12.061121,0.10448,99,1,0.8857143,38.0,-499.0,0.22222222,-290.33334,5242.4604,-191.0,0.0,1011.9233,28755.0,0.23684211,0.7448457,-1666.0,0.9628934,4354.083,38.0,105826.1,121.095,5217.0,8.457143,2529.067,658.3333,0.0,2925000.0,49187.29,0.11111111,-132.19705,0.030755,15.13074,0.8684211,1.0,1,-961.0,307208.47,0.011376156,16.444445,66065.76,2,1.0,1,0.2313,0.22222222,1.0,0,12823.701,0.11111111,0.11111111,0.22222222,0.9841,0.13468014,0.11111111,0.0,9,0.11111111,0.6666667,0.33333334,0.0,0,0.5555556,0.0,0.11111111,0.0,0.0,0.1213,0.0,0.0,0.44444445
0.3740208,0.7028969,0.62557656,0.05,-1929.0,13500.0,0.0,1,12.0,-243.0,82271.97,0.5662409,12.061121,0.12,21,0,1.0,13.0,-93.0,0.0,-243.0,5242.4604,-4313.0,202009.5,488.0,0.0,0.0,0.41666666,-446.0,0.90449315,0.0,13.0,6855.9976,6855.75,774.7538,10.75,2529.067,431962.28,0.0,270000.0,6856.02,1.0,-29.0,0.032561,15.13074,0.9230769,0.0,0,-728.6427,307208.47,0.07275849,13.0,0.0,1,0.8679975,1,0.057,0.0,0.0,1,12823.701,0.0,1.0,0.0,0.9518,0.4571111,0.0,0.0,16,1.0,0.0,0.0,0.0,0,0.0,1.0,0.0,0.0,0.014199425,0.0589,0.0,0.0,0.0
0.75440615,0.40822068,0.43616933,0.038240746,-2340.0,32584.5,1.0654914,1,13.592881,-416.93738,678578.9,0.5662409,4.0,0.20113888,13,0,1.3829919,29.516104,-327.7884,0.1108971,-1083.0499,5242.4604,-827.0,160390.22,1011.9233,11083.136,0.21486607,0.1901211,-2.0,0.96875226,-363.87296,37.84903,18754.361,5198.1606,774.7538,12.26564,2529.067,431962.28,0.0042077564,378081.47,13925.762,0.23777755,-132.19705,0.020246,15.13074,0.90468615,0.58311266,1,-728.6427,307208.47,0.07275849,12.661583,6724.2266,3,0.8679975,1,0.0701,0.068525076,0.0,0,12823.701,0.080552734,0.47940668,0.2845134,0.9816,0.4571111,0.21002875,49.54514,9,0.35041127,0.014233142,0.23965093,0.14514303,1,0.25491133,0.2090302,0.14553413,0.027647203,0.014199425,0.0721,0.010587371,0.053136926,0.14762497
0.24585122,0.77369493,0.70588213,0.05,-8082.0,45000.0,1.0654914,1,13.592881,-296.0,678578.9,0.5662409,12.061121,0.125,100,1,1.3829919,29.516104,-327.7884,0.1108971,-525.3333,5242.4604,-9258.0,57055.5,82.0,11083.136,0.21486607,0.4,-591.0,0.96875226,-363.87296,37.84903,18754.361,5198.1606,-431.0,12.26564,2529.067,431962.28,0.0,372210.0,13925.762,0.23777755,-9.5,0.072508,15.13074,0.90468615,0.33333334,0,-728.6427,31000.5,0.07275849,12.661583,6724.2266,1,0.8679975,1,0.0174,0.068525076,0.0,1,12823.701,0.080552734,0.47940668,0.2845134,0.9796,0.4571111,0.21002875,0.0,15,0.35041127,0.0,0.0,0.14514303,0,0.25491133,0.2090302,0.14553413,0.027647203,0.014199425,0.0,0.010587371,0.053136926,0.14762497
0.30927536,0.45860857,0.66876644,0.1077,-525.0,24232.5,0.44,1,4.0,-263.0,308743.34,0.375,5.0,0.134625,100,1,1.0,23.0,-24.0,0.45454547,-907.6,5242.4604,-9124.0,94050.0,844.0,8523.0,0.0,0.8,-1663.0,1.1925944,0.0,118.0,12349.733,13.77,-222.0,12.8,2529.067,431962.28,0.0,157806.0,16654.605,0.18181819,-10.0,0.072508,0.5714286,0.4347826,0.2,0,-257.0,539479.56,0.118102185,16.545454,0.0,1,1.0,0,0.0565,0.0,0.0,0,0.0,0.09090909,0.72727275,0.27272728,0.9747,0.4571111,0.0,0.0,19,0.09090909,0.0,0.8,0.27272728,0,0.27272728,0.36363637,0.0,0.0,0.014199425,0.0666,0.47826087,0.0,0.54545456
0.5513813,0.22314934,0.5021294,0.039774563,-2058.0,44302.5,0.0,0,8.0,-97.0,213430.4,0.5662409,12.061121,0.2812857,19,0,1.0,27.0,-554.0,0.0,-1959.0,5242.4604,-5314.0,8130.0,269.0,13572.0,0.0,0.14140272,-3266.0,1.083327,0.0,14.0,9701.382,3048.48,-574.0,4.5,2529.067,860515.3,0.0,64164.75,14640.57,0.5,-19.0,0.04622,15.13074,0.8888889,0.8333333,1,-728.6427,307208.47,0.0015604952,13.5,0.0,1,0.8679975,1,0.0578,0.0,1.0,0,12823.701,0.0,0.0,0.5,0.9831,0.4571111,0.5,0.0,12,0.0,0.0,0.16666667,0.0,1,0.0,0.0,0.0,0.0,0.014199425,0.089,0.0,0.0,0.0
0.5108563,0.5729847,0.679169,0.04833077,-6405.0,28273.5,0.020408163,1,22.0,-416.93738,2671030.8,0.5662409,12.061121,0.17951429,11,0,0.9897959,103.0,-35.0,0.0,-1672.0,5242.4604,-2259.0,0.0,1011.9233,3397.5,0.0,0.26923078,-1630.0,0.92171574,214.78775,31.0,27255.416,2390.535,-1124.0,8.571428,2529.067,431962.28,0.0,148500.0,20124.062,0.2,-132.19705,0.028663,15.13074,0.94174755,1.0,1,-728.6427,307208.47,0.010957904,12.2,18658.664,2,0.8679975,1,0.1025479,0.0,0.0,0,12823.701,0.2,0.2,0.7,0.9777348,0.4571111,0.3,0.0,9,0.1,0.0,0.0,0.0,1,0.3,0.0,0.0,0.1,0.014199425,0.06633385,0.0,0.1,0.5
0.6817059,0.72177017,0.73512805,0.06763043,-1859.0,13999.5,1.2142857,0,24.0,-260.0,103934.88,0.5662409,12.061121,0.077775,109,0,0.75,21.0,-19.0,0.6666667,-1366.5333,5584.75,-3242.0,66853.31,-430.0,7645.5,0.0,0.8695652,-595.0,0.88246125,1237.32,32.0,3711.96,5.76,-258.0,8.357142,2916.45,506337.9,0.0,120622.11,4949.28,0.33333334,-232.75,0.072508,15.13074,1.0,0.46666667,1,-391.0,129974.57,0.019139385,12.666667,4943.52,1,0.7300016,1,0.2205,0.0,0.0,0,300.65625,0.6666667,0.33333334,0.6666667,0.9945,0.4571111,0.0,1786.2,14,0.33333334,0.0,0.4,0.33333334,1,0.6666667,0.0,0.0,0.0,0.014199425,0.0,0.0,0.0,0.33333334
0.59197664,0.6268197,0.42083812,0.054249704,-2340.0,19795.5,0.9,0,9.0,-215.0,47988.137,0.5662409,12.061121,0.15710714,-106,1,1.0,12.0,-83.0,0.0,-257.0,0.0,-2609.0,9125.235,31110.0,3942.0,0.16666667,0.34530386,-2128.0,1.012971,0.0,52.0,4798.8135,3627.9,24.0,21.6,0.0,431962.28,0.0,45540.0,4603.4326,1.0,-151.5,0.005084,15.13074,0.9166667,0.33333334,1,-728.6427,0.0,0.019919435,15.0,0.0,2,0.8679975,1,0.1025479,0.0,0.0,0,0.0,0.0,0.5,0.5,0.9777348,0.4571111,0.0,0.0,11,0.5,0.0,0.6666667,0.0,0,0.0,0.5,0.0,0.0,0.014199425,0.06633385,0.083333336,0.0,0.0
0.5108563,0.72539157,0.5021294,0.029384978,-6064.0,25843.5,0.0,1,5.0,-416.93738,163686.69,0.5662409,12.061121,0.143575,86,1,1.0,11.0,-2220.0,0.0,-1083.0499,5242.4604,-2328.0,160390.22,1011.9233,36391.5,0.0,0.20466639,-2514.0,0.7332878,0.0,11.0,16368.669,16310.025,774.7538,3.6,2529.067,431962.28,0.0042077564,378081.47,12687.593,0.0,-132.19705,0.011657,0.0,0.90909094,0.58311266,1,-728.6427,307208.47,0.4258084,15.333333,0.0,1,0.8679975,0,0.0951,0.0,0.0,0,12823.701,0.0,0.6666667,0.33333334,0.9831,0.4571111,0.6666667,49.54514,14,0.33333334,0.014233142,0.23965093,0.0,1,0.0,0.0,0.33333334,0.0,0.014199425,0.13,0.0,0.33333334,0.6666667
0.75440615,0.6049361,0.46154088,0.032453332,-4232.0,21906.0,0.0,0,15.6,-416.93738,391697.72,0.5662409,12.061121,0.2434,-40,0,1.032838,64.0,-19.0,0.14285715,-1934.0,0.0,-9394.0,0.0,1011.9233,46008.0,0.0,0.13333334,-2440.0,0.9994471,-291.51517,58.0,6421.2744,2089.395,-1318.0,21.47541,2529.067,381938.0,0.0,20805.75,5507.451,0.14285715,-132.19705,0.006207,15.13074,0.953125,1.0,1,-1362.0,307208.47,0.06883383,12.714286,0.0,2,0.81893903,0,0.0057,0.2857143,0.0,0,12823.701,0.0,0.0,0.5714286,0.9707,0.4571111,0.42857143,0.0,15,0.14285715,0.0,0.0,0.14285715,1,0.0,0.0,0.14285715,0.0,0.014199425,0.0132,0.0,0.0,0.14285715
0.8128226,0.6785637,0.7935537,0.09967898,-4799.0,16627.5,0.012987013,1,18.666666,-416.93738,3685091.8,0.5662409,12.061121,0.10557143,-11,0,2.8940141,72.0,-40.0,0.0,-1629.8572,3391.635,-13353.0,0.0,1011.9233,10665.0,0.0,0.9441852,0.0,0.83882177,-10904.687,37.0,47858.336,3075.93,-452.0,10.12987,2529.067,987039.5,0.0,171123.42,22109.375,0.09090909,-132.19705,0.016612,0.0,0.9166667,1.0,1,-728.6427,307208.47,0.101805255,13.0,0.0,2,0.8679975,1,0.1025479,0.09090909,0.0,0,12823.701,0.09090909,0.45454547,0.54545456,0.9777348,0.18090607,0.36363637,0.0,16,0.0,0.0,0.14285715,0.27272728,0,0.18181819,0.0,0.0,0.0,0.0031397175,0.06633385,0.0,0.36363637,0.18181819
0.7435593,0.43982562,0.5021294,0.05,-2384.1423,13500.0,0.0,1,24.0,-416.93738,64133.1,0.5662409,12.061121,0.12,4,0,1.0,12.0,-35.0,0.0,-1647.6666,0.0,-14214.0,0.0,1011.9233,0.0,0.0,0.41666666,-391.0,1.0,0.0,21.0,5344.425,5344.425,-144.0,18.083334,2529.067,1322784.4,0.0,49545.0,5344.425,0.0,-132.19705,0.010643,15.13074,0.9166667,1.0,0,-728.6427,307208.47,0.07275849,15.0,0.0,2,0.8679975,0,0.2038,1.0,0.0,1,12823.701,0.0,1.0,0.0,0.9811,0.4571111,0.0,0.0,18,1.0,0.0,0.0,0.0,0,0.0,0.0,0.0,0.0,0.014199425,0.069,0.083333336,0.0,1.0
0.47045612,0.66012776,0.5021294,0.07318812,-4929.0,33264.0,0.0,1,10.0,-164.0,78129.27,0.5662409,12.061121,0.09856,66,0,1.0,10.0,-2076.0,0.0,-881.55554,0.0,-2416.0,212154.97,404.0,13500.0,0.0,0.7425743,-1499.0,1.1404941,0.0,21.0,7812.927,7763.76,189.0,7.1,0.0,50244.5,0.0,496751.0,7818.39,1.0,-40.857143,0.01885,15.13074,1.0,0.22222222,0,-728.6427,966413.1,0.07275849,13.0,0.0,2,0.8679975,1,0.1781,0.0,0.0,0,0.0,0.0,0.0,0.0,0.9965,0.4571111,0.0,0.0,11,1.0,0.0,0.5555556,0.0,1,0.0,1.0,0.0,0.0,0.014199425,0.0233,0.0,0.0,0.0
0.45789954,0.6899769,0.5021294,0.03225831,-4713.0,19129.5,0.0,1,18.0,-195.0,361117.72,0.5662409,12.061121,0.1417,-107,0,1.0,33.0,-194.0,0.0,-455.33334,0.0,-9135.0,59686.5,-248.0,22500.0,0.0,0.22765215,-1497.0,1.0129769,0.0,44.0,12037.257,8927.46,37.0,15.4,0.0,431962.28,0.0,142200.1,9917.617,0.0,-209.0,0.006008,15.13074,0.93939394,0.16666667,1,-728.6427,21096.3,0.12163796,14.0,0.0,2,0.8679975,1,0.1025479,0.0,0.0,0,30375.0,0.0,0.0,0.0,0.9777348,0.4571111,0.0,0.0,17,0.5,0.0,0.33333334,1.0,0,1.0,0.0,0.0,0.0,0.014199425,0.06633385,0.030303031,0.0,0.0
0.5108563,0.6302048,0.29927978,0.09172,-711.0,20637.0,0.0,0,8.0,-314.0,160572.47,0.5662409,12.061121,0.09172,89,1,1.0,18.0,-165.0,0.6,-221.4,5242.4604,-4711.0,33927.3,992.0,3550.5,0.0,1.0,-2549.0,0.6249724,0.0,27.0,10035.779,9399.465,2.0,9.0625,2529.067,73056.25,0.4,94500.0,9825.683,0.4,-87.0,0.007274,15.13074,0.8888889,0.8,1,-492.0,307208.47,0.3296689,16.0,0.0,2,0.0,0,0.053,0.0,0.0,0,0.0,0.0,0.6,0.2,0.9876,0.4571111,0.2,0.0,11,0.4,0.0,0.2,0.2,0,0.0,0.0,0.0,0.2,0.014199425,0.0167,0.0,0.0,0.4
0.31081825,0.75719506,0.61784524,0.05,-4293.0,12375.0,0.0,0,24.0,-303.0,78140.16,0.5662409,13.0,0.07857143,-116,1,1.0,16.0,-13.0,0.25,-1296.4166,8880.75,-2384.0,150531.9,-2371.0,0.0,0.0,0.6363636,-489.0,0.9491925,0.0,19.0,4883.76,4883.76,1246.0,10.6875,3631.5,658457.8,0.0,510274.47,4883.76,0.0,-108.0,0.019101,15.13074,1.0,0.5833333,0,-293.0,1116409.2,0.005162803,13.5,0.0,2,1.0,1,0.1025479,0.25,0.0,1,8844.098,0.0,0.75,0.25,0.9777348,0.4571111,0.0,0.0,15,0.25,0.0,0.33333334,0.0,0,0.0,0.0,0.0,0.0,0.014199425,0.06633385,0.0,0.0,0.25
0.8193177,0.70944864,0.5021294,0.032259412,-2384.1423,38236.5,0.4714829,1,30.666666,-820.0,3405426.2,0.4105263,64.0,0.14161667,-79,1,0.9125475,64.0,-28.0,0.375,-994.0,0.0,-11139.0,38084.85,-672.0,4504.095,0.0,0.22779389,-946.0,0.98558587,1636.9312,31.0,12948.389,60.84,774.7538,7.498099,0.0,431962.28,0.0,271125.0,18504.314,0.0,-503.75,0.072508,1.4349384,0.96875,0.0,1,-142.0,39916.668,0.011765315,12.625,22416.3,1,0.8732084,0,0.2129,0.0,0.0,0,158651.78,0.0,0.375,0.625,0.9781,0.4571111,0.375,0.0,14,0.0,0.0,0.75,0.0,0,0.25,0.125,0.25,0.0,0.014199425,0.2269,0.0,0.25,0.5
0.52449644,0.64882904,0.70725846,0.03966,-2384.1423,35694.0,2.125,1,16.0,-155.0,208354.64,0.5662409,10.0,0.3966,46,0,0.6,25.0,-834.0,0.0,-631.25,0.0,-5079.0,15491.31,147.0,0.0,1.6,0.1,-1562.0,0.9250049,3470.2368,30.0,5208.8657,6.84,-210.0,10.375,0.0,196725.0,0.0,78274.125,13273.965,0.0,-6.0,0.015221,15.13074,0.96,0.75,1,-728.6427,307208.47,0.00051337073,12.333333,8686.305,2,0.8679975,1,0.0998,0.33333334,0.0,0,0.0,0.0,0.0,0.6666667,0.9826,0.4571111,0.0,0.0,9,0.33333334,0.0,0.0,0.33333334,0,0.6666667,0.0,0.33333334,0.0,0.014199425,0.089,0.0,0.0,0.0
0.70018387,0.59982425,0.5021294,0.0361368,-4738.0,21663.0,0.5,1,10.0,-416.93738,104038.83,0.5662409,12.061121,0.2533684,65,0,0.96666664,32.0,-93.0,0.0,-626.0,5242.4604,-1059.0,0.0,1011.9233,3627.0,0.03125,0.14262551,-353.0,1.0458716,136.32,45.0,3467.961,28.98,9.0,13.033334,2529.067,185029.0,0.0,55630.5,3473.385,0.0,-132.19705,0.01885,15.13074,0.90625,1.0,1,-728.6427,307208.47,0.003367759,12.333333,4060.62,2,0.8679975,1,0.1025479,0.0,0.0,0,12823.701,0.0,0.6666667,0.33333334,0.9777348,0.4571111,0.0,0.0,9,0.33333334,0.0,0.33333334,0.0,0,1.0,0.0,0.0,0.0,0.014199425,0.06633385,0.0,0.0,0.0
0.77008706,0.6154114,0.5021294,0.029374404,-198.0,27679.5,0.44,0,6.0,-416.93738,319965.88,0.5662409,0.0,0.24604,-19,0,0.92,27.0,-253.0,0.0,-1175.6666,0.0,-12616.0,0.0,1011.9233,27000.0,0.0,0.11938873,-1395.0,1.0999292,1268.2998,47.0,12798.636,0.225,-562.0,13.32,2529.067,456158.34,0.0,25257.93,11904.862,0.25,-132.19705,0.010147,0.0,0.8888889,1.0,1,-728.6427,307208.47,0.032861985,10.25,15871.05,2,0.8679975,0,0.0171,0.0,0.0,0,12823.701,0.0,0.25,0.25,0.9831,0.4571111,0.25,0.0,12,0.25,0.0,0.0,0.0,1,0.25,0.0,0.0,0.0,0.014199425,0.06633385,0.0,0.0,0.5
0.042633843,0.38121292,0.13320908,0.06843729,-477.0,11178.0,0.8,0,9.0,-127.0,86071.27,0.5662409,12.061121,0.0621,-5,0,0.8666667,14.0,-36.0,0.6,-127.0,2714.085,-3474.0,69853.5,1011.9233,4500.0,0.0,1.1020498,-250.0,0.9079129,925.47,34.0,5738.085,250.38,774.7538,14.533334,2714.085,431962.28,0.0,77913.09,6645.5776,0.2,-28.0,0.018029,15.13074,0.9285714,0.0,1,-526.0,307208.47,0.013919434,6.4,6699.24,3,0.76965415,0,0.1213,0.0,0.0,0,8057.34,0.0,0.8,0.0,0.9781,0.4571111,0.4,0.0,8,0.2,0.0,1.0,0.0,0,0.4,0.2,0.0,0.0,0.014199425,0.06633385,0.0,0.0,0.0
0.5549468,0.30019796,0.25337383,0.0472,-358.0,10620.0,0.029411765,0,5.0,-416.93738,138404.7,0.0,12.061121,0.0944,-103,0,1.0,11.0,-18.0,0.25,-779.0,0.0,-496.0,0.0,1011.9233,0.0,0.0,0.5,-360.0,0.9148969,0.0,17.0,4070.7266,8.865,-276.0,5.7647057,2529.067,4232.0,0.0,81707.24,3264.1875,0.25,-132.19705,0.01452,28.418182,0.90909094,1.0,1,-327.0,307208.47,0.0076145604,16.0,0.0,2,0.82562643,0,0.1025479,0.0,0.0,0,12823.701,0.25,1.0,0.0,0.9777348,0.4571111,0.0,0.0,14,0.25,0.0,0.0,0.25,0,0.25,0.5,0.0,0.0,0.014199425,0.06633385,0.0,0.0,0.25
0.5108563,0.0657808,0.5021294,0.029381298,-1529.0,26293.5,0.0,0,6.0,-129.0,52141.273,0.5662409,12.061121,0.23372,55,0,1.0,5.0,-15.0,0.0,-129.0,0.0,-12209.0,216895.5,419.0,0.0,0.0,0.12571153,-157.0,1.0,0.0,15.0,10428.255,10428.255,774.7538,10.6,0.0,431962.28,0.0,255825.0,10428.255,0.0,-7.0,0.020246,15.13074,1.0,0.0,1,-728.6427,307208.47,0.07275849,12.0,0.0,3,0.8679975,0,0.0586,0.0,0.0,0,0.0,0.0,1.0,0.0,0.9831,0.4571111,0.0,0.0,11,1.0,0.0,0.0,0.0,1,1.0,0.0,0.0,0.0,0.014199425,0.0553,0.0,0.0,0.0
0.20559815,0.6495014,0.5140893,0.036387436,-6225.0,10008.0,0.63461536,0,12.0,-302.0,243987.17,0.03797468,4.0,0.0556,79,0,1.0,19.0,-1910.0,0.0,-1887.4,0.0,-8443.0,227239.08,902.0,9252.0,0.0,0.65445024,0.0,0.46686733,0.0,23.0,4784.062,67.5,284.0,7.9038463,0.0,335772.06,0.0,371875.8,4427.2124,0.0,-10.0,0.010643,0.12560856,1.0,0.8,1,-728.6427,265702.34,0.4359302,19.0,0.0,2,0.8679975,1,0.0574,0.5,0.0,0,0.0,0.0,0.5,0.0,0.9816,0.15335463,0.0,0.0,14,0.5,0.0,0.2,0.0,0,0.0,0.0,0.0,0.0,0.0025733525,0.0636,0.0,0.0,0.5
0.5108563,0.6928044,0.5021294,0.070118286,-297.0,17338.5,0.0,1,5.0,-416.93738,371273.3,0.5662409,12.061121,0.22664706,-9,0,1.0926241,32.0,-127.0,0.0,-1106.5,5242.4604,-7211.0,0.0,1011.9233,13500.0,0.0,0.30937216,-383.0,1.0113448,-1076.6666,71.0,13750.863,7531.875,-925.0,15.111111,2529.067,0.5,0.0,58950.0,13357.935,0.16666667,-132.19705,0.019101,0.0,0.8125,1.0,1,-728.6427,307208.47,0.024143355,10.166667,0.0,2,0.8679975,0,0.1025479,0.0,0.0,0,12823.701,0.0,1.0,0.0,0.9777348,0.4571111,0.0,0.0,14,0.16666667,0.0,0.0,0.0,1,0.6666667,0.16666667,0.0,0.0,0.014199425,0.06633385,0.03125,0.0,0.16666667
0.5108563,0.5915505,0.5784627,0.107969224,-419.0,51151.5,1.0654914,1,13.592881,-416.93738,678578.9,0.5662409,12.061121,0.22734,102,0,1.3829919,29.516104,-327.7884,0.0,-1184.0,5242.4604,-409.0,0.0,1011.9233,11083.136,0.21486607,0.474924,-3459.0,0.96875226,-363.87296,37.84903,18754.361,5198.1606,-606.0,12.26564,2529.067,431962.28,0.0,126562.5,13925.762,0.0,-132.19705,0.030755,15.13074,0.90468615,1.0,1,-728.6427,307208.47,0.07275849,20.0,6724.2266,2,0.8679975,1,0.0087,0.0,0.0,0,12823.701,0.0,1.0,0.0,0.9518,0.0,0.0,0.0,17,0.0,0.0,0.0,0.0,1,0.0,0.0,0.0,0.0,0.0,0.0148,0.010587371,0.0,0.0
0.3944954,0.2859559,0.5021294,0.06681892,-760.0,26595.0,0.53333336,1,4.0,-72.0,103838.625,0.0,0.0,0.21107143,100,0,1.0,7.0,-11.0,0.0,-386.0,0.0,-5971.0,43571.25,112.0,0.0,0.0,0.3165702,-328.0,1.0,0.0,17.0,6922.575,63.495,774.7538,5.133333,0.0,431962.28,0.0,52155.0,10321.605,0.6666667,-11.5,0.028663,0.25,0.85714287,0.0,1,-728.6427,197192.0,0.0,16.0,0.0,2,0.8679975,1,0.0506,0.0,0.0,0,0.0,0.0,0.6666667,0.33333334,0.9821,0.27272728,0.0,0.0,18,0.33333334,0.0,0.5,0.0,0,0.0,1.0,0.0,0.0,0.0,0.021,0.0,0.0,0.33333334
0.60238636,0.68498266,0.5021294,0.048877146,-1017.0,26640.0,0.0,1,12.0,-365.0,90838.76,0.5662409,12.061121,0.13155556,-109,0,1.0,13.0,-1450.0,0.0,-379.33334,5242.4604,-4299.0,79434.0,167.0,6750.0,0.0,0.37153235,0.0,1.0183579,0.0,23.0,7569.8965,7556.985,774.7538,9.333333,2529.067,431962.28,0.0,132000.0,7571.07,1.0,-117.0,0.014464,15.13074,0.9230769,0.0,1,-728.6427,196.33333,0.07275849,7.0,0.0,2,0.8679975,0,0.1025479,0.0,1.0,0,0.0,0.0,0.0,0.0,0.9777348,0.6666667,0.0,0.0,6,1.0,0.0,0.33333334,0.0,0,0.0,1.0,0.0,0.0,0.0,0.06633385,0.0,0.0,1.0
0.6313545,0.16437902,0.5021294,0.05106,-2152.0,22977.0,0.0,1,24.5,-292.0,800025.25,0.5662409,12.061121,0.07294286,-67,1,1.0,24.0,-66.0,0.0,-463.75,5242.4604,-5752.0,0.0,1011.9233,0.0,0.0,0.7,0.0,0.9444242,0.0,52.0,42106.594,7177.455,804.0,30.31579,2529.067,245700.5,0.0,1697622.8,20626.244,0.14285715,-93.0,0.0105,0.0,0.875,0.5,1,-728.6427,307208.47,0.0042812508,14.142858,0.0,3,0.8679975,1,0.1025479,0.0,2.0,0,12823.701,0.0,0.5714286,0.42857143,0.9777348,0.8818182,0.14285715,0.0,17,0.14285715,0.25,0.25,0.5714286,0,0.14285715,0.14285715,0.0,0.0,0.0,0.06633385,0.041666668,0.14285715,0.14285715
0.45253357,0.63176286,0.25863335,0.077863105,-740.0,20988.0,0.22535211,0,24.0,-78.0,3914908.0,2.6666667,11.0,0.103644446,40,1,0.97183096,13.0,-75.0,0.0,-1043.0,0.0,-441.0,257272.66,1358.0,106110.0,0.0,0.7512521,-1355.0,0.7090082,704.41034,37.0,55139.55,38.07,789.0,3.830986,2529.067,602917.5,0.0,672711.3,24458.816,0.2,-10.0,0.006629,33.329544,0.7692308,0.8181818,1,-728.6427,10952.0,0.2731159,8.2,26662.05,2,0.8679975,1,0.0423,0.0,0.0,0,12823.701,0.0,0.6,0.4,0.9821,0.4571111,0.0,0.0,12,0.2,0.0,0.27272728,0.0,0,0.4,0.0,0.0,0.2,0.014199425,0.0099,0.07692308,0.0,0.2
0.5108563,0.6827607,0.76792383,0.06403248,-4411.0,65997.0,0.0,0,12.0,-416.93738,837591.44,0.0,12.061121,0.183325,-9,0,1.0,11.0,-636.0,0.0,-1083.0499,5242.4604,-2563.0,160390.22,1011.9233,11083.136,0.0,0.34928396,-895.0,0.84347713,0.0,59.0,8053.7637,67.5,774.7538,3.6442308,2529.067,431962.28,0.0042077564,378081.47,27187.02,0.0,-132.19705,0.072508,0.020614035,0.90909094,0.58311266,0,-728.6427,307208.47,0.07275849,19.0,0.0,1,0.8679975,1,0.1757,0.0,0.0,0,12823.701,0.0,0.0,1.0,0.9896,0.4571111,0.0,49.54514,19,0.0,0.014233142,0.23965093,1.0,0,1.0,0.0,0.0,0.0,0.014199425,0.1476,0.0,0.0,0.0
0.59892625,0.6513709,0.5021294,0.09741088,-1413.0,23364.0,0.0,1,9.428572,-755.0,537127.56,0.5662409,12.061121,0.16225,18,1,1.0914229,55.0,-31.0,0.0,-1375.909,0.0,-553.0,4470.9546,-906.0,16281.0,0.0,0.60037524,-1220.0,0.9870198,-486.04236,80.0,10531.913,1820.52,-95.0,21.392157,2529.067,987930.1,0.0,135861.14,9618.956,0.0,-285.0,0.004849,15.13074,0.90909094,0.8181818,0,-728.6427,29524.5,0.0069800164,12.142858,0.0,2,0.8679975,0,0.1025479,0.0,0.0,0,0.0,0.0,0.14285715,0.71428573,0.9777348,0.4571111,0.5714286,0.0,10,0.14285715,0.0,0.0,0.0,1,0.42857143,0.0,0.14285715,0.0,0.014199425,0.06633385,0.0,0.14285715,0.14285715
0.5108563,0.26225838,0.5021294,0.046930507,-4840.0,19440.0,0.102564104,1,28.5,-416.93738,1221059.1,0.5662409,12.061121,0.108,29,0,1.2159908,39.0,-24.0,0.0,-2375.0,0.0,-5425.0,0.0,1011.9233,11083.136,0.0,0.43454173,-1166.0,0.7757033,-8293.828,39.0,31309.207,4.41,-2131.0,16.897436,2529.067,431962.28,0.0,30240.0,13649.378,0.6,-132.19705,0.00712,15.13074,0.9230769,1.0,1,-728.6427,307208.47,0.008685969,10.2,7180.65,2,0.8679975,1,0.1025479,0.0,1.0,0,12823.701,0.2,0.8,0.2,0.9777348,0.4571111,0.0,0.0,8,0.2,0.0,0.0,0.4,1,0.2,0.0,0.2,0.4,0.014199425,0.06633385,0.0,0.0,0.0
0.52629495,0.5451499,0.60911757,0.0483,-1796.0,32602.5,0.0,1,12.0,-416.93738,117266.13,0.5662409,12.061121,0.181125,103,1,1.0,13.0,-11.0,0.0,-598.0,0.0,-879.0,0.0,1011.9233,5400.0,0.0,0.26666668,-768.0,0.9785728,0.0,35.0,9772.178,8771.49,-105.0,13.166667,2529.067,145800.0,0.0,65093.2,10471.77,0.5,-132.19705,0.028663,15.13074,0.9230769,1.0,1,-728.6427,307208.47,0.010983108,16.5,0.0,2,0.8679975,1,0.1025479,0.0,0.0,0,12823.701,0.0,0.5,0.0,0.9777348,0.35579938,0.5,0.0,16,0.5,0.0,0.5,0.0,0,0.0,0.5,0.0,0.0,0.0,0.06633385,0.0,0.0,0.0
0.2851799,0.7235539,0.5021294,0.042369697,-833.0,44149.5,1.1428572,0,12.0,-316.0,341559.75,0.5662409,12.061121,0.35039285,66,0,0.85714287,13.0,-99.0,0.0,-996.6667,9280.44,-494.0,143598.38,48.0,11083.136,0.0,0.120920554,-460.0,0.93808633,4066.483,32.0,24397.127,1122.39,123.0,11.071428,9280.44,851512.5,0.0,527449.5,28465.38,1.0,-7.75,0.006671,15.13074,0.9230769,0.33333334,1,-728.6427,33056.25,0.07275849,20.0,27342.99,2,0.8679975,1,0.1025479,0.0,0.0,0,0.0,1.0,1.0,0.0,0.9777348,0.4330303,0.0,0.0,20,1.0,0.0,0.16666667,0.0,0,0.0,0.0,1.0,0.0,0.12503788,0.06633385,0.0,0.0,0.0
0.053844355,0.6017805,0.5021294,0.037689894,-11846.0,12325.5,0.7878788,1,29.142857,-114.0,1967719.1,0.5662409,12.061121,0.0913,82,0,1.0706449,101.0,-48.0,0.42857143,-521.7778,0.0,-6811.0,293745.75,883.0,0.0,0.0,0.41281375,-1545.0,0.82579994,-1611.7113,29.0,19875.951,1.98,465.0,3.6060605,0.0,142289.33,0.0,319472.0,11123.582,0.64285713,-17.333334,0.010643,15.13074,0.9207921,0.33333334,1,-297.0,37874.4,0.002776959,11.571428,19870.83,2,0.73789847,0,0.0168,0.071428575,0.0,0,0.0,0.35714287,0.5,0.42857143,0.9821,0.4571111,0.0,0.0,18,0.071428575,0.0,0.11111111,0.14285715,1,0.21428572,0.0,0.21428572,0.42857143,0.014199425,0.0108,0.00990099,0.0,0.071428575
0.3944954,0.671744,0.5021294,0.050932944,-345.0,48987.0,1.0654914,1,13.592881,-225.0,678578.9,0.5662409,7.0,0.21772,87,0,1.3829919,29.516104,-327.7884,0.1108971,-1444.5,5242.4604,-10283.0,1233045.0,1228.0,11083.136,0.21486607,0.23393783,-4.0,0.96875226,-363.87296,37.84903,18754.361,5198.1606,-1571.0,12.26564,2529.067,431962.28,0.0,917838.0,13925.762,0.23777755,-13.0,0.04622,15.13074,0.90468615,0.5,1,-728.6427,307208.47,0.07275849,12.661583,6724.2266,1,0.8679975,0,0.1025479,0.068525076,0.0,0,12823.701,0.080552734,0.47940668,0.2845134,0.9777348,0.4375,0.21002875,0.0,16,0.35041127,0.0,0.0,0.14514303,0,0.25491133,0.2090302,0.14553413,0.027647203,0.0,0.06633385,0.010587371,0.053136926,0.14762497
0.59197664,0.10258166,0.4069908,0.026451811,-591.0,46611.0,0.0,0,9.0,-868.0,174991.95,0.5662409,3.0,0.14797142,-23,0,1.2691284,11.0,-617.0,0.0,-1028.5,5242.4604,-1553.0,457251.75,958.0,9000.0,0.0,0.17876296,-1.0,1.086998,-3150.0,29.0,17499.195,6923.25,638.0,17.0,2529.067,431962.28,0.0,1511759.2,9121.86,1.0,-27.0,0.031329,15.13074,0.8181818,0.5,1,-728.6427,307208.47,0.0011688458,12.0,0.0,2,0.8679975,0,0.1025479,0.0,0.0,0,0.0,0.0,0.5,0.5,0.9777348,0.4571111,0.0,0.0,14,0.5,0.0,0.0,0.0,0,0.0,1.0,0.0,0.0,0.014199425,0.06633385,0.0,0.0,0.5
0.5108563,0.6022416,0.3174516,0.051055554,-1095.0,20677.5,0.0,1,12.0,-416.93738,92488.09,0.5662409,12.061121,0.17018518,32,0,1.0,10.0,-71.0,0.0,-1083.0499,5242.4604,-6965.0,160390.22,1011.9233,0.0,0.0,0.3,-360.0,0.9045061,0.0,22.0,9248.81,8415.765,774.7538,16.7,2529.067,431962.28,0.0042077564,378081.47,8415.765,0.0,-132.19705,0.008019,15.13074,1.0,0.58311266,1,-728.6427,307208.47,0.07275849,14.0,0.0,2,0.8679975,1,0.0684,0.0,0.0,0,12823.701,0.0,0.0,0.0,0.9861,0.4571111,0.0,49.54514,14,1.0,0.014233142,0.23965093,0.0,0,1.0,0.0,0.0,0.0,0.014199425,0.06633385,0.0,0.0,1.0
0.53348166,0.5660151,0.5021294,0.06996154,-1760.0,24556.5,0.008264462,1,12.0,-418.0,377777.16,0.011904762,12.061121,0.21828,104,0,1.0,35.0,-26.0,0.4,-1503.2858,1980.0,-10614.0,85676.14,239.0,22500.0,0.0,0.32051283,-2378.0,0.47238305,0.0,42.0,3122.1252,72.225,-773.0,4.2727275,0.0,160083.0,0.0,225036.0,5416.305,0.0,-11.25,0.026392,0.023522662,0.9714286,0.42857143,1,-2570.0,305827.0,0.42034048,15.0,0.0,2,0.0,1,0.116,0.2,0.0,0,23915.43,0.0,0.6,0.2,0.9816,0.59771776,0.0,0.0,12,0.2,0.0,0.42857143,0.6,1,0.2,0.0,0.0,0.0,0.0454626,0.06633385,0.0,0.0,0.0
0.28961125,0.32042447,0.5021294,0.048334695,-3160.0,27715.5,0.0,0,9.0,-268.0,222953.27,0.5662409,12.061121,0.30795,13,0,1.0,20.0,-458.0,0.0,-1089.25,0.0,-5662.0,138940.5,-86.0,11632.5,0.0,0.1569563,-962.0,0.9327694,0.0,23.0,12386.293,8154.135,-440.0,9.666667,0.0,2156964.5,0.0,197521.88,14511.713,0.0,-74.0,0.020713,15.13074,0.9,0.5,1,-728.6427,8978.0,0.030088278,7.0,0.0,3,0.8679975,1,0.1025479,0.0,0.0,0,0.0,0.0,0.5,0.0,0.9777348,0.47878027,0.5,0.0,8,0.5,0.0,0.25,0.0,1,0.5,0.0,0.5,0.0,0.0,0.06633385,0.0,0.0,0.0
0.3457848,0.6930138,0.5014547,0.0348325,-3569.0,62698.5,0.0,1,14.75,-220.0,360733.38,0.5662409,12.061121,0.15481111,-68,1,1.0,13.0,-1445.0,0.0,-973.0,0.0,-7237.0,1455744.6,4931.0,73876.5,0.0,0.225,-1637.0,0.8697528,0.0,30.0,32793.94,19098.9,-654.0,21.181818,0.0,94405.336,0.0,1848939.1,39871.664,0.0,-18.0,0.04622,0.0,0.84615386,0.6,1,-728.6427,66248.0,0.36730224,15.8,0.0,1,0.8679975,0,0.1556,0.0,0.0,0,810000.0,0.2,0.8,0.2,0.9816,0.7368421,0.4,0.0,9,0.2,0.2,0.6,0.6,0,0.2,0.0,0.2,0.0,0.0,0.157,0.07692308,0.2,0.0
0.6817059,0.46918583,0.5021294,0.032489423,-2384.1423,18040.5,0.08695652,0,7.0,-416.93738,397121.75,0.5662409,12.061121,0.26726666,67,0,2.0821252,18.0,-25.0,0.0,-410.0,5242.4604,-1828.0,160390.22,1011.9233,3910.5,0.0,0.121561825,-572.0,1.0080398,-4881.522,31.0,17266.164,118.8,-382.0,12.73913,2529.067,431962.28,0.0,43182.0,10115.213,0.33333334,-132.19705,0.031329,0.0,0.9444444,1.0,0,-728.6427,307208.47,0.0052111144,11.5,4746.42,2,0.8679975,1,0.1025479,0.0,0.0,0,12823.701,0.0,0.6666667,0.33333334,0.9777348,0.4571111,0.16666667,0.0,8,0.16666667,0.0,0.0,0.16666667,0,0.0,0.16666667,0.0,0.16666667,0.014199425,0.06633385,0.0,0.0,0.0
0.13094716,0.62773997,0.6224532,0.049018323,-2572.0,16852.5,0.0,0,2.0,-540.0,510753.2,0.30769232,64.0,0.10402778,-110,1,1.0,5.0,-33.0,0.0,-1029.4546,272.0,-4892.0,104397.55,190.0,7876.125,0.0,0.4712042,-1201.0,0.60526955,0.0,14.0,9458.393,2.295,-504.0,4.037037,408.0,21014.916,0.0,203327.53,11638.575,0.0,-9.857142,0.010643,6.914021,0.8,0.36363637,1,-728.6427,65129.57,0.73270243,18.0,0.0,2,0.8679975,1,0.1025479,0.0,0.0,0,737.7236,0.0,1.0,0.0,0.9777348,0.4571111,0.0,0.0,18,0.5,0.0,0.45454547,0.0,0,0.5,0.5,0.5,0.0,0.014199425,0.06633385,0.0,0.0,0.0
0.4294237,0.63416076,0.5021294,0.04691628,-2348.0,20457.0,2.4,0,8.0,-502.0,74237.13,0.5662409,12.061121,0.11365,-80,0,0.9,9.0,-732.0,0.0,-854.25,28579.5,-587.0,558362.25,604.0,8995.5,2.0,0.41281375,-963.0,0.98098254,912.2625,38.0,7423.713,524.25,9841.0,12.0,2529.067,98.0,0.0,815625.0,9122.625,1.0,-61.0,0.008474,15.13074,0.8888889,0.5,1,-728.6427,12960.5,0.07275849,19.0,8598.375,2,0.8679975,1,0.1025479,0.0,0.0,0,0.0,0.0,0.0,0.0,0.9777348,0.4571111,0.0,0.0,13,1.0,0.0,0.5,0.0,1,0.0,0.0,0.0,0.0,0.014199425,0.06633385,0.0,0.0,0.0
0.00052726525,0.5214081,0.5021294,0.05,-1425.0,6750.0,5.0869565,1,9.5,-256.0,45420.344,0.5662409,12.061121,0.075,-34,0,0.82608694,22.0,-1713.0,0.0,-1369.0,2684.25,-8275.0,6220.125,-269.0,8775.0,0.22727273,0.6666667,0.0,1.402995,461.7548,12.0,1974.7976,0.09,-1386.0,3.2173913,5368.5,123781.0,0.0,98668.92,2376.1575,0.0,-43.333332,0.0105,15.13074,0.90909094,0.5,0,-728.6427,329457.0,0.01384382,12.5,2655.0,3,0.8679975,0,0.0867,0.0,0.0,1,0.0,0.0,0.0,0.5,0.9891,0.4571111,0.5,0.75,9,0.0,0.0,0.16666667,0.0,1,0.5,0.5,0.5,0.0,0.014199425,0.06633385,0.0,0.0,0.0
0.34741822,0.53224456,0.5021294,0.039776,-1003.0,44748.0,0.0,1,16.5,-15.0,816546.44,0.0,12.061121,0.2486,-105,1,1.0,26.0,-36.0,0.31578946,-1114.25,3968.22,-6312.0,52664.4,31.0,5134.5,0.0,0.16,-1583.0,0.927281,0.0,30.0,18145.477,2.655,-118.0,4.977778,2529.067,565210.56,0.0,118336.95,23647.77,0.0,-31.5,0.006008,1.3104575,0.88461536,0.75,1,-194.0,560740.5,0.0072898036,15.631579,0.0,2,0.8123477,0,0.0558,0.0,0.0,0,0.0,0.0,0.5263158,0.36842105,0.9771,0.4571111,0.31578946,0.0,12,0.05263158,0.0,0.125,0.68421054,1,0.15789473,0.05263158,0.05263158,0.0,0.014199425,0.0535,0.03846154,0.31578946,0.05263158
0.27788568,0.40355393,0.5021294,0.060647022,-1615.0,35937.0,2.2857144,0,12.0,-29.0,49532.13,0.5662409,13.0,0.22817142,-41,0,0.85714287,13.0,-818.0,0.33333334,-526.2222,1353.8306,-3028.0,58008.5,154.0,0.0,0.0,0.26579586,-1177.0,1.0,590.895,25.0,3538.0093,0.765,-45.0,12.142858,2514.84,132240.17,0.0,106259.5,4136.265,0.33333334,-31.666666,0.008575,15.13074,0.9230769,0.6666667,1,-1160.0,25947.0,0.0,14.666667,4135.5,2,1.0,1,0.1025479,0.0,1.0,0,0.0,0.0,1.0,0.0,0.9777348,0.5983008,0.0,0.0,16,0.33333334,0.0,0.11111111,0.0,1,0.0,1.0,0.0,0.0,0.047891192,0.06633385,0.0,0.0,0.33333334
0.5954562,0.26651978,0.14718634,0.0546125,-595.0,19660.5,0.0,0,10.0,-416.93738,242897.81,0.5662409,18.0,0.21845,20,0,1.0,25.0,-35.0,0.25,-773.0,5242.4604,-5068.0,0.0,1011.9233,7203.6,0.0,0.25,-6.0,0.8459052,0.0,31.0,10560.774,8930.16,-209.0,19.0,2529.067,79202.0,0.0,144945.0,11300.265,0.125,-132.19705,0.025164,15.13074,0.92,1.0,1,-129.0,307208.47,0.025772681,10.625,0.0,2,0.65445024,1,0.1025479,0.0,0.0,0,12823.701,0.0,0.75,0.0,0.9777348,0.4571111,0.25,0.0,11,0.125,0.0,0.0,0.0,1,0.25,0.125,0.125,0.0,0.014199425,0.06633385,0.0,0.0,0.125
0.6006575,0.5792007,0.56441873,0.06072,-1127.0,27324.0,0.035714287,1,18.0,-622.0,428533.97,0.8333333,12.061121,0.24288,27,1,1.0,20.0,-22.0,0.0,-1185.6,5242.4604,-5115.0,22014.0,699.0,0.0,0.0,0.25,-772.0,0.8678646,0.0,19.0,15304.784,169.11,-751.0,5.035714,2529.067,118909.664,0.0,102340.3,10175.37,0.0,-91.0,0.01452,147.61905,0.95,0.8,1,-728.6427,307208.47,0.014179052,11.75,0.0,2,0.8679975,1,0.2042,0.0,0.0,0,0.0,0.0,0.25,0.25,0.9881,0.45564103,0.25,0.0,12,0.25,0.0,0.2,0.0,1,0.25,0.0,0.0,0.0,0.0,0.111,0.0,0.0,0.25
0.6956219,0.45981413,0.6051411,0.029471561,-118.0,16047.0,0.14285715,1,10.0,-160.0,153281.03,0.5662409,12.061121,0.23773333,-102,0,1.0,15.0,-750.0,0.0,-690.0,5242.4604,-2540.0,80370.0,936.0,12240.0,0.0,0.12396899,-2025.0,1.1405423,0.0,20.0,10948.645,1939.545,-135.0,5.785714,2529.067,431962.28,0.0,202500.0,7765.2676,0.5,-3.0,0.031329,15.13074,0.93333334,0.5,1,-728.6427,307208.47,0.0017297156,11.0,0.0,2,0.8679975,0,0.0074,0.0,1.0,0,0.0,0.0,0.0,0.0,0.9697,0.4571111,0.0,0.0,16,0.5,0.0,0.0,0.0,1,0.5,0.5,0.5,0.0,0.014199425,0.06633385,0.0,0.0,0.0
0.5424451,0.62100106,0.5021294,0.026485074,-1137.0,31941.0,1.0654914,0,13.592881,-1382.0,678578.9,0.5662409,12.061121,0.14196,-31,0,1.3829919,29.516104,-327.7884,0.1108971,-1512.25,0.0,-3488.0,60039.0,444.0,11083.136,0.21486607,0.18656716,-4.0,0.96875226,-363.87296,37.84903,18754.361,5198.1606,-643.0,12.26564,2529.067,1011525.3,0.0,431836.88,13925.762,0.23777755,-31.0,0.028663,15.13074,0.90468615,0.75,0,-728.6427,307208.47,0.07275849,12.661583,6724.2266,2,0.8679975,0,0.056,0.068525076,0.0,0,0.0,0.080552734,0.47940668,0.2845134,0.9752,0.3710495,0.21002875,0.0,16,0.35041127,0.0,0.0,0.14514303,1,0.25491133,0.2090302,0.14553413,0.027647203,0.0,0.0401,0.010587371,0.053136926,0.14762497
0.5108563,0.53319716,0.35993344,0.051057886,-542.0,29277.0,0.0,1,18.0,-416.93738,890799.8,0.5662409,12.061121,0.21686667,-36,0,1.0,39.0,-350.0,0.0,-1083.0499,5242.4604,-8879.0,160390.22,1011.9233,11250.0,0.0,0.23543446,-1337.0,0.9644388,0.0,20.0,25451.422,12482.955,774.7538,9.142858,2529.067,431962.28,0.0042077564,378081.47,21800.205,1.0,-132.19705,0.018634,15.13074,0.94871795,0.58311266,1,-728.6427,307208.47,0.00480655,12.5,0.0,2,0.8679975,0,0.1025479,0.0,0.0,0,12823.701,0.0,0.0,0.0,0.9777348,0.4571111,0.0,49.54514,11,0.5,0.014233142,0.23965093,0.5,0,0.0,1.0,0.5,0.5,0.014199425,0.06633385,0.0,0.0,0.0
0.5108563,0.15495998,0.5021294,0.10583319,-420.0,16753.5,0.0,0,12.0,-416.93738,252179.9,0.5662409,12.061121,0.1241,7,0,1.0,14.0,-322.0,0.0,-1083.0499,5242.4604,-2776.0,160390.22,1011.9233,0.0,0.0,0.85280573,0.0,0.92098564,0.0,26.0,21014.992,20991.645,774.7538,16.5,2529.067,431962.28,0.0042077564,378081.47,21017.115,0.0,-132.19705,0.030755,15.13074,0.85714287,0.58311266,1,-728.6427,307208.47,0.07275849,11.0,0.0,2,0.8679975,0,0.1025479,0.0,0.0,0,12823.701,0.0,1.0,0.0,0.9777348,0.4571111,0.0,49.54514,13,1.0,0.014233142,0.23965093,0.0,0,1.0,0.0,0.0,0.0,0.014199425,0.06633385,0.071428575,0.0,0.0
0.6785677,0.5371954,0.719529,0.029357262,-3485.0,31653.0,0.35652173,0,5.0,-351.0,488442.28,0.25274727,6.0,0.13526922,-54,0,0.99130434,19.0,-15.0,0.5,-2014.3334,0.0,-3294.0,17518.5,-1019.0,0.0,0.0,0.21702838,-326.0,0.722963,39.130436,38.0,4247.324,0.0,-1019.0,3.9130435,0.0,431962.28,0.0,1121230.5,7073.8877,0.0,-728.0,0.009549,0.94652015,0.8947368,0.33333334,0,-326.0,3112512.5,0.23342887,11.0,4500.0,2,0.9727273,1,0.1025479,0.0,0.0,0,0.0,0.0,0.25,0.0,0.9777348,0.4571111,0.5,0.0,10,0.0,0.0,0.0,0.25,1,0.25,0.0,0.0,0.0,0.014199425,0.06633385,0.0,0.0,0.0
0.5190973,0.4031645,0.6223244,0.05164,-2025.0,11619.0,0.0,1,20.75,-124.0,1048474.3,0.0,19.0,0.1291,-128,0,1.0,12.0,-37.0,0.0,-911.3333,0.0,-8395.0,35044.883,743.0,8550.0,0.0,0.4,-1163.0,1.0046358,0.0,36.0,43686.43,68.355,-397.0,7.5,0.0,345699.88,0.0,88265.9,12915.878,0.0,-57.0,0.018209,0.06666667,0.8333333,0.6666667,1,-728.6427,5125.3335,0.023618078,12.0,0.0,3,0.8679975,0,0.1171,0.0,0.0,0,6112.11,0.16666667,0.33333334,0.5,0.9871,0.32934105,0.16666667,0.0,10,0.16666667,0.0,0.44444445,0.0,1,0.33333334,0.0,0.0,0.0,0.0,0.0623,0.0,0.0,0.16666667
0.17560598,0.5965971,0.5021294,0.057828937,-2384.1423,17838.0,0.875,1,16.0,-180.0,1241603.8,0.5662409,12.061121,0.0991,52,0,0.9166667,93.0,-3.0,0.0,-405.83334,3684.51,-4748.0,90912.02,-11.0,8550.0,0.0,0.5835412,-1274.0,0.9924592,1411.3828,30.0,12933.372,27.45,-382.0,6.8645835,6140.85,22260.5,0.0,208569.89,11749.442,0.25,-13.5,0.00496,15.13074,0.9354839,0.33333334,0,-728.6427,27691.334,0.017175753,13.375,27677.52,2,0.8679975,0,0.0646,0.125,0.0,0,0.0,0.0,0.5,0.125,0.9871,0.25760582,0.25,0.0,11,0.125,0.0,0.0,0.5,0,0.25,0.25,0.125,0.0,0.0,0.06633385,0.0,0.125,0.0
0.7476634,0.65314156,0.5021294,0.0508,-2384.1423,16002.0,1.0654914,1,13.592881,-72.0,678578.9,0.5662409,12.061121,0.3556,-123,0,1.3829919,29.516104,-327.7884,0.1108971,-1568.3334,0.0,-2550.0,59282.266,5164.0,11083.136,0.21486607,0.14285715,-10.0,0.96875226,-363.87296,37.84903,18754.361,5198.1606,-1675.0,12.26564,0.0,152904.5,0.0,153450.0,13925.762,0.23777755,-24.0,0.019101,15.13074,0.90468615,0.6666667,0,-728.6427,307208.47,0.07275849,12.661583,6724.2266,2,0.8679975,0,0.2206,0.068525076,0.0,0,0.0,0.080552734,0.47940668,0.2845134,0.9965,0.4571111,0.21002875,0.0,16,0.35041127,0.0,0.0,0.14514303,0,0.25491133,0.2090302,0.14553413,0.027647203,0.014199425,0.0392,0.010587371,0.053136926,0.14762497
0.62799084,0.7578217,0.59591067,0.07935921,-1717.0,28980.0,1.6986301,1,24.0,-225.0,1535152.8,0.5662409,18.0,0.21466666,25,0,1.0580223,68.0,-50.0,0.0,-1002.1667,0.0,-4824.0,319414.5,104.0,4050.0,0.0,0.36968577,-634.0,0.8638395,-1133.7811,54.0,21029.49,594.36,200.0,10.534246,0.0,121075.266,0.0,465755.97,17073.652,0.5,-247.75,0.006629,15.13074,0.9558824,0.6666667,1,-728.6427,457534.9,0.0025197517,9.5,20985.525,2,0.8679975,1,0.1025479,0.0,0.0,0,0.0,0.25,0.5,0.25,0.9777348,0.4571111,0.0,0.0,13,0.25,0.0,0.083333336,0.5,0,0.5,0.5,0.0,0.0,0.014199425,0.06633385,0.0,0.0,0.0
0.50287825,0.33091202,0.710829,0.07299902,-2819.0,40221.0,0.0,0,15.0,-191.0,328878.84,0.5662409,22.0,0.35752,-113,0,1.4449731,18.0,-11.0,0.375,-495.66666,0.0,-1490.0,44401.5,1625.0,0.0,0.0,0.20418164,-2008.0,0.9535447,-5168.1724,27.0,18271.047,6739.2,-375.0,9.944445,0.0,431962.28,0.0,219000.0,9722.61,0.0,-12.5,0.018634,15.13074,0.9444444,0.33333334,1,-258.0,0.0,0.0042588543,15.0,0.0,2,1.0,1,0.0682,0.0,0.0,0,91795.5,0.375,0.5,0.125,0.9776,0.7902188,0.0,0.0,14,0.125,0.0,0.6666667,0.0,1,0.25,0.0,0.0,0.0,0.0,0.0307,0.0,0.0,0.0
0.4758499,0.49825796,0.5021294,0.029237932,-2622.0,38155.5,0.2,1,36.0,-611.0,1634563.0,0.5662409,12.061121,0.18842222,39,1,0.93333334,15.0,-504.0,0.0,-850.3333,27195.0,-400.0,1639170.0,852.0,11083.136,0.0,0.15517241,0.0,0.77946573,3712.005,30.0,108970.86,566.1,774.7538,3.4666667,27195.0,431962.28,0.0,1470000.0,55680.074,0.0,-30.333334,0.030755,15.13074,0.93333334,0.0,0,-728.6427,42985.332,0.07275849,16.0,55113.977,2,0.8679975,1,0.2023,0.0,0.0,0,228326.44,1.0,0.0,1.0,0.9796,0.4571111,0.0,0.0,15,1.0,0.0,0.6666667,0.0,0,1.0,0.0,0.0,0.0,0.014199425,0.0288,0.0,0.0,0.0
0.5726825,0.6955341,0.5021294,0.028873881,-2384.1423,17122.5,0.0,1,9.6,-331.0,2688790.0,0.16666667,12.061121,0.02378125,-32,1,1.2374265,19.0,-8.0,0.41379312,-606.8,5242.4604,-4602.0,2983296.5,1860.0,29025.0,0.0,1.2141448,-2248.0,0.95731825,-5004.5713,19.0,81478.484,225.0,16.0,4.060606,2529.067,374134.9,0.0,3353948.0,21425.752,0.0,-72.0,0.072508,14.666667,0.84210527,0.8,0,-191.0,307208.47,0.010161548,12.5172415,0.0,1,0.83472455,0,0.3763,0.03448276,0.0,0,0.0,0.0,0.4827586,0.51724136,0.993,0.4571111,0.37931034,0.0,10,0.03448276,0.2,0.0,0.4827586,0,0.13793103,0.0,0.0,0.0,0.014199425,0.0,0.0,0.41379312,0.03448276
0.59892625,0.54908365,0.5021294,0.04659134,-1740.0,24160.5,0.0,1,6.0,-407.0,36888.434,0.5662409,15.0,0.17896667,-95,0,1.0,7.0,-83.0,0.0,-929.2857,0.0,-5396.0,98818.71,632.0,6691.5,0.0,0.26033533,-248.0,1.0550746,0.0,21.0,6148.0723,6147.135,-252.0,19.833334,0.0,22274.334,0.0,206202.86,6148.26,0.0,-65.75,0.019101,15.13074,0.85714287,0.42857143,1,-728.6427,72539.586,0.07275849,14.0,0.0,2,0.8679975,1,0.1025479,0.0,0.0,0,0.0,0.0,1.0,0.0,0.9777348,0.4571111,0.0,0.0,10,1.0,0.0,0.2857143,0.0,1,1.0,0.0,1.0,0.0,0.014199425,0.06633385,0.0,0.0,0.0
0.1411151,0.34711948,0.5021294,0.02757291,-2832.0,48586.5,0.071428575,0,15.0,-850.0,813464.9,0.5662409,20.0,0.1349625,-60,1,0.9880952,89.0,-844.0,0.0,-996.2,0.0,-2147.0,126.0,1011.9233,18000.0,0.0,0.20430052,-1195.0,1.0095074,70.55946,31.0,9684.105,0.63,-1130.0,11.023809,0.0,100800.5,0.0,690803.1,7765.02,0.33333334,-87.333336,0.019689,15.13074,0.94382024,0.4,1,-728.6427,13381.333,0.015438073,14.333333,5926.365,2,0.8679975,1,0.1025479,0.33333334,0.0,0,168560.44,0.0,0.0,0.16666667,0.9777348,0.4571111,0.0,0.0,15,0.0,0.0,0.4,0.16666667,0,0.33333334,0.33333334,0.0,0.0,0.014199425,0.06633385,0.0,0.0,0.0
0.5108563,0.43686995,0.53652,0.06724138,-2488.0,61951.5,0.24444444,1,11.4,-330.0,1240949.2,0.5662409,14.0,0.114725,119,1,0.9777778,47.0,-18.0,0.0,-1836.5,1709.6335,-5496.0,338070.5,1011.9233,11164.5,0.0,0.5861092,-2279.0,1.0236008,268.44,143.0,27576.65,1.8,-146.0,28.688889,2529.067,527261.9,0.0,537506.06,35296.668,0.0,-36.0,0.018801,15.13074,0.9574468,0.9,1,-728.6427,307208.47,0.011306853,12.833333,12078.0,2,0.8679975,1,0.0407,0.16666667,0.0,0,12823.701,0.0,0.16666667,0.0,0.9786,0.4571111,0.5,0.0,15,0.16666667,0.0,0.2,0.0,1,0.16666667,0.0,0.0,0.0,0.014199425,0.0615,0.0,0.0,0.0
0.5513813,0.19429384,0.5021294,0.042588387,-4880.0,25141.5,0.0,1,8.0,-551.0,212585.08,0.5662409,12.061121,0.22348,51,0,1.0,17.0,-22.0,0.0,-1360.3334,0.0,-7087.0,5325.0,-307.0,3172.5,0.0,0.19056912,-1214.0,1.0293808,0.0,15.0,13286.567,5715.045,-1745.0,10.375,0.0,431962.28,0.0,132602.4,11773.013,0.0,-345.5,0.025164,15.13074,0.9411765,0.33333334,1,-728.6427,7320.5,0.0017264655,14.5,0.0,2,0.8679975,0,0.2574,0.0,0.0,0,0.0,0.0,0.5,0.5,0.9841,0.4571111,0.5,0.0,13,0.5,0.0,0.6666667,0.0,1,0.5,0.0,0.0,0.0,0.014199425,0.0,0.0,0.0,0.5
0.69409263,0.5806124,0.87203264,0.02758179,-5924.0,42642.0,1.4166666,1,7.5,-1617.0,286824.0,0.5662409,12.061121,0.27074286,-98,0,0.8333333,33.0,-243.0,0.0,-1119.0,5242.4604,-4458.0,0.0,-1069.0,18000.0,0.0,0.10187449,0.0,1.031576,1994.6212,29.0,7967.334,129.33,-392.0,11.972222,2529.067,174050.0,0.0,101239.5,11856.96,0.2,-1437.0,0.025164,15.13074,0.90909094,0.6666667,1,-728.6427,307208.47,0.01318658,10.6,11835.0,2,0.8679975,1,0.1025479,0.2,0.0,0,12823.701,0.0,0.6,0.2,0.9777348,0.4571111,0.4,0.0,10,0.0,0.0,0.0,0.0,1,0.0,0.4,0.2,0.0,0.014199425,0.06633385,0.0,0.0,0.0
0.8357765,0.781343,0.4535507,0.029339854,-1875.0,37800.0,0.43137255,0,7.875,-1622.0,565292.0,0.5662409,14.0,0.28,52,0,0.9607843,63.0,-142.0,0.0,-1770.6666,8358.75,-7779.0,26773.5,204.0,8104.5,0.25396827,0.10478519,-2555.0,1.0016266,293.9603,33.0,11084.157,111.105,-1112.0,8.490196,0.0,138122.0,0.0,408470.56,8311.359,0.5,-346.0,0.009175,15.13074,0.84126985,0.6666667,1,-728.6427,276768.0,0.0043542627,13.75,9026.64,2,0.8679975,1,0.1214,0.0,0.0,0,0.0,0.0,0.375,0.375,0.9841,0.4571111,0.25,0.0,12,0.0,0.16666667,0.16666667,0.125,1,0.25,0.5,0.25,0.0,0.014199425,0.0454,0.015873017,0.0,0.125
0.51549536,0.562289,0.21124479,0.079185575,-2135.0,57789.0,0.020618556,0,0.0,-863.0,577059.4,0.032258064,14.0,0.18345714,126,0,1.0,29.516104,-5.0,0.0,-869.5,5242.4604,-4067.0,70278.75,217.0,11083.136,0.21486607,0.43162984,0.0,0.0,0.0,30.0,5949.0654,67.5,774.7538,5.0927835,2529.067,431962.28,0.0,353250.0,5625.0,0.0,-89.5,0.010006,0.095744684,0.90468615,0.0,1,-728.6427,84.5,0.07275849,7.0,0.0,2,0.8679975,1,0.1025479,0.0,0.0,0,0.0,0.0,1.0,0.0,0.9777348,0.27586207,0.0,0.0,9,0.0,0.0,0.5,0.0,1,0.0,1.0,0.0,0.0,0.0,0.06633385,0.010587371,0.0,0.0
0.44896227,0.569691,0.5021294,0.03717954,-13879.0,39222.0,1.0654914,0,13.592881,-416.93738,678578.9,0.5662409,12.061121,0.19368888,-51,0,1.3829919,29.516104,-327.7884,0.1108971,-1724.0,5242.4604,-5918.0,0.0,1011.9233,11083.136,0.21486607,0.19195496,-123.0,0.96875226,-363.87296,37.84903,18754.361,5198.1606,-1328.0,12.26564,2529.067,431962.28,0.0,303318.0,13925.762,0.23777755,-132.19705,0.04622,15.13074,0.90468615,1.0,1,-728.6427,307208.47,0.07275849,12.661583,6724.2266,1,0.8679975,1,0.0434,0.068525076,0.0,0,12823.701,0.080552734,0.47940668,0.2845134,0.9801,0.4571111,0.21002875,0.0,16,0.35041127,0.0,0.0,0.14514303,1,0.25491133,0.2090302,0.14553413,0.027647203,0.014199425,0.0118,0.010587371,0.053136926,0.14762497
0.5108563,0.7232695,0.5021294,0.066823445,-1264.0,33246.0,0.0,0,12.0,-416.93738,72972.72,0.5662409,10.0,0.1847,127,0,1.0,11.0,-1562.0,0.0,-1083.0499,5242.4604,-5381.0,160390.22,1011.9233,13500.0,0.0,0.3617945,-1894.0,1.2610966,0.0,37.0,6633.884,6111.54,774.7538,26.818182,2529.067,431962.28,0.0042077564,378081.47,6111.54,1.0,-132.19705,0.04622,15.13074,1.0,0.58311266,1,-728.6427,307208.47,0.07275849,14.0,0.0,1,0.8679975,0,0.1774,0.0,0.0,0,12823.701,0.0,1.0,0.0,0.9841,0.4571111,0.0,49.54514,9,1.0,0.014233142,0.23965093,0.0,0,0.0,1.0,0.0,0.0,0.014199425,0.1227,0.0,0.0,0.0
0.5108563,0.7609462,0.5021294,0.02638,-2547.0,59355.0,1.2,0,13.0,-548.0,3316546.2,0.5662409,2.0,0.1319,-101,0,0.9,45.0,-365.0,0.3,-1296.25,5242.4604,-6951.0,52093.125,1091.0,31500.0,0.33333334,0.2,-1217.0,1.0115552,1112.1143,70.0,82913.66,2.295,-479.0,14.15,2529.067,15120.333,0.0,825525.0,37219.62,0.3,-4.0,0.028663,15.13074,0.84444445,0.75,1,-1217.0,307208.47,0.003981827,14.1,18186.705,2,1.0,0,0.053,0.5,0.0,0,12823.701,0.4,0.3,0.5,0.9732,0.4571111,0.1,0.0,12,0.1,0.0,0.5,0.2,1,0.1,0.3,0.1,0.0,0.014199425,0.0414,0.022222223,0.2,0.0
0.2881296,0.4507956,0.20611854,0.048884112,-403.0,25578.0,0.14285715,0,8.8,-610.0,213019.61,0.5662409,13.0,0.21051852,-57,0,0.9714286,37.0,-75.0,0.16666667,-610.0,5242.4604,-3268.0,95139.0,486.0,18355.5,0.027027028,0.23220813,-1408.0,1.0334182,143.83543,29.0,6086.2744,3.96,774.7538,13.485714,2529.067,431962.28,0.0,189000.0,5560.803,0.5,-14.0,0.007305,15.13074,0.9189189,0.0,0,-1341.0,307208.47,0.047112845,11.166667,5030.28,3,1.125,0,0.1025479,0.0,0.0,0,0.0,0.0,0.6666667,0.16666667,0.9777348,0.4571111,0.16666667,0.0,17,0.33333334,0.0,0.0,0.16666667,1,0.33333334,0.6666667,0.16666667,0.0,0.014199425,0.06633385,0.0,0.0,0.16666667
0.7394118,0.6862224,0.8002403,0.030660074,-2384.1423,17190.0,0.0,1,10.0,-2590.0,529189.2,0.09090909,12.061121,0.15916666,54,0,1.0,30.0,-10.0,0.0,-2548.5715,4416.24,-7393.0,0.0,1011.9233,67500.0,0.0,0.19262874,-447.0,0.86036,0.0,63.0,10583.784,1786.41,-1730.0,16.14,0.0,60497.465,0.0,108670.06,12046.515,0.33333334,-88.0,0.025164,0.13186814,0.9,0.85714287,0,-728.6427,307208.47,0.639578,12.666667,0.0,2,0.8679975,0,0.5222,0.0,0.0,0,165150.0,0.0,0.6666667,0.33333334,0.9886,0.4571111,0.0,0.0,13,0.0,0.0,0.14285715,0.0,0,0.33333334,0.0,0.0,0.0,0.014199425,0.06633385,0.033333335,0.0,0.0
0.5495965,0.3530401,0.5021294,0.05,-2108.0,9000.0,0.0,0,24.0,-164.0,176264.55,0.5662409,12.061121,0.06666667,43,0,1.0,25.0,-786.0,0.0,-984.25,0.0,-9035.0,162075.6,1661.0,0.0,0.0,0.75,-1506.0,0.8497176,0.0,15.0,7344.3564,7120.71,502.0,3.5833333,0.0,198321.06,0.0,365056.88,7354.08,0.0,-1062.0,0.008866,15.13074,0.96,0.75,0,-728.6427,1960200.0,0.07275849,18.0,0.0,2,0.8679975,1,0.0479,1.0,0.0,1,0.0,0.0,0.0,0.0,0.9727,0.4571111,0.0,0.0,10,1.0,0.0,0.25,0.0,1,0.0,0.0,0.0,0.0,0.014199425,0.0513,0.0,0.0,0.0
0.5108563,0.057939082,0.55462205,0.048639923,-2480.0,25218.0,0.0,1,23.142857,-416.93738,1674575.6,0.5662409,6.0,0.16011429,-84,0,1.0,77.0,-33.0,0.125,-1083.0499,5242.4604,-6005.0,160390.22,1011.9233,3690.0,0.0,0.30378252,-810.0,0.83138126,0.0,66.0,23922.51,2146.05,774.7538,13.985714,2529.067,431962.28,0.0042077564,378081.47,13900.14,0.125,-132.19705,0.010147,15.13074,0.9350649,0.58311266,1,-468.0,307208.47,0.11744091,10.875,0.0,2,0.0,1,0.1025479,0.0,0.0,0,12823.701,0.0,0.25,0.375,0.9777348,0.4571111,0.125,49.54514,9,0.125,0.014233142,0.23965093,0.0,0,0.625,0.25,0.0,0.0,0.014199425,0.06633385,0.0,0.0,0.25
0.12931429,0.5800638,0.28641257,0.030610139,-430.0,13347.0,1.0654914,1,13.592881,-416.93738,678578.9,0.5662409,11.0,0.11864,-56,0,1.3829919,29.516104,-327.7884,0.1108971,-1231.0,0.0,-9412.0,0.0,1011.9233,11083.136,0.21486607,0.2580086,-3.0,0.96875226,-363.87296,37.84903,18754.361,5198.1606,-245.0,12.26564,2529.067,131072.0,0.0,60914.25,13925.762,0.23777755,-132.19705,0.010643,15.13074,0.90468615,1.0,1,-728.6427,307208.47,0.07275849,12.661583,6724.2266,2,0.8679975,1,0.1025479,0.068525076,0.0,0,12823.701,0.080552734,0.47940668,0.2845134,0.9777348,0.41465676,0.21002875,0.0,18,0.35041127,0.0,0.0,0.14514303,1,0.25491133,0.2090302,0.14553413,0.027647203,0.0,0.06633385,0.010587371,0.053136926,0.14762497
0.6430256,0.6460138,0.5021294,0.03714937,-2384.1423,53905.5,0.6888889,1,12.0,-19.0,1314288.8,0.5662409,12.061121,0.3993,-114,0,0.8666667,86.0,-138.0,0.0,-908.0,0.0,-2524.0,66744.56,162.0,6750.0,0.30232558,0.093036234,-1771.0,0.9835824,1157.33,31.0,14603.209,5.985,-408.0,13.855556,0.0,93964.0,0.0,158843.25,14110.318,0.22222222,-28.0,0.019101,15.13074,0.89534885,0.6,0,-728.6427,56112.5,0.0048859525,11.666667,23030.414,2,0.8679975,1,0.033,0.0,0.0,0,0.0,0.0,0.7777778,0.0,0.9791,0.4571111,0.11111111,0.0,9,0.11111111,0.0,0.0,0.22222222,0,0.5555556,0.0,0.0,0.0,0.014199425,0.0475,0.023255814,0.11111111,0.33333334
0.7223929,0.7294672,0.11154682,0.032420702,-1622.0,26217.0,0.06329114,0,7.142857,-416.93738,2102512.5,0.0,12.061121,0.1942,-94,0,1.1436574,48.0,-21.0,0.083333336,-1402.8,5242.4604,-5404.0,0.0,1011.9233,11461.5,0.0,0.1669449,-3170.0,0.79898906,-10367.089,30.0,26614.082,97.335,-22.0,5.21519,2529.067,812557.7,0.0,58945.03,14479.206,0.33333334,-132.19705,0.010556,4.128404,0.9375,1.0,1,-2659.0,307208.47,0.24929704,15.416667,0.0,3,0.0,1,0.1025479,0.0,0.0,0,12823.701,0.083333336,0.5833333,0.25,0.9777348,0.4571111,0.083333336,0.0,16,0.083333336,0.0,0.0,0.0,0,0.0,0.16666667,0.25,0.0,0.014199425,0.06633385,0.0,0.083333336,0.5
0.73381454,0.38521343,0.5021294,0.07907118,-590.0,18756.0,0.0,1,6.0,-465.0,57388.32,0.5662409,12.061121,0.115777776,-45,0,1.0,8.0,-28.0,0.0,-1558.0,507.42,-3978.0,39606.75,-1567.0,0.0,0.0,0.68295646,-465.0,0.9390283,0.0,20.0,7173.54,7173.54,-4.0,15.25,0.0,1149896.4,0.0,85151.484,4711.77,0.0,-485.5,0.008625,0.0,1.0,0.6,1,-728.6427,2420000.0,0.0074350853,13.0,0.0,2,0.8679975,0,0.1025479,0.0,0.0,0,10785.465,0.5,1.0,0.0,0.9777348,0.4571111,0.0,0.0,13,1.0,0.0,0.4,0.0,0,0.5,0.0,0.0,0.0,0.014199425,0.06633385,0.0,0.0,1.0
0.4614824,0.5656176,0.16205159,0.03705,-259.0,10003.5,1.0654914,1,13.592881,-416.93738,678578.9,0.5662409,12.061121,0.08892,-126,0,1.3829919,29.516104,-327.7884,0.1108971,-498.0,0.0,-6160.0,0.0,1011.9233,11083.136,0.21486607,0.41666666,-384.0,0.96875226,-363.87296,37.84903,18754.361,5198.1606,632.0,12.26564,2529.067,318402.0,0.0,61836.75,13925.762,0.23777755,-132.19705,0.00702,15.13074,0.90468615,1.0,1,-728.6427,307208.47,0.07275849,12.661583,6724.2266,2,0.8679975,0,0.1025479,0.068525076,1.0,0,12823.701,0.080552734,0.47940668,0.2845134,0.9777348,0.4571111,0.21002875,0.0,15,0.35041127,0.0,0.0,0.14514303,0,0.25491133,0.2090302,0.14553413,0.027647203,0.014199425,0.06633385,0.010587371,0.053136926,0.14762497
0.68638235,0.2666352,0.5021294,0.06440959,-1756.0,16411.5,0.5,1,8.0,-372.0,222529.9,0.5662409,12.061121,0.12156667,-107,0,0.90909094,21.0,-14.0,0.14285715,-554.0,0.0,-4578.0,2247.75,-7.0,0.0,0.0,0.5298294,0.0,0.9317821,783.4827,49.0,10114.996,2332.98,-645.0,14.545455,2529.067,431962.28,0.0,45783.0,7685.5576,0.14285715,-16.0,0.00963,15.13074,0.95238096,0.5,1,-632.0,307208.47,0.0021717153,11.142858,6285.33,2,0.9045082,1,0.1025479,0.14285715,0.0,0,0.0,0.2857143,0.2857143,0.71428573,0.9777348,0.56,0.0,0.0,10,0.2857143,0.0,0.0,0.0,1,0.42857143,0.14285715,1.0,0.0,0.0,0.06633385,0.0,0.0,0.0
0.75574005,0.53383934,0.5021294,0.03616301,-2384.1423,19039.5,12.880953,0,10.0,-416.93738,266602.3,0.5662409,12.061121,0.36474138,-109,0,0.71428573,95.0,-922.0,0.0,-820.0,0.0,-2917.0,0.0,1011.9233,11610.0,0.0,0.09914699,-1536.0,1.0882258,3203.8735,22.0,6347.6743,0.585,-420.0,12.261905,2529.067,18432.0,0.0,116955.0,8609.235,1.0,-132.19705,0.00712,15.13074,0.4631579,1.0,0,-728.6427,307208.47,0.0015712094,7.6666665,11608.245,2,0.8679975,0,0.1025479,0.0,0.0,0,12823.701,0.0,1.0,0.0,0.9777348,0.4571111,0.0,0.0,9,0.33333334,0.0,0.0,0.0,0,0.0,0.33333334,0.33333334,0.0,0.014199425,0.06633385,0.010526316,0.0,0.0
0.56737924,0.62346834,0.49927577,0.056047134,-1069.0,35059.5,0.6086956,1,20.0,-416.93738,569547.56,0.5662409,10.0,0.194775,109,1,0.85507244,60.0,-70.0,0.0,-1558.0,30010.5,-10359.0,0.0,1011.9233,0.0,0.016666668,0.28775322,-429.0,0.8764889,1214.6302,41.0,8254.3125,3.78,1001.0,13.898551,2529.067,304417.34,0.0,576847.1,10686.15,0.0,-132.19705,0.018634,15.13074,0.96666664,1.0,1,-728.6427,307208.47,0.001503456,16.25,16239.69,2,0.8679975,0,0.1932,0.5,1.0,0,12823.701,0.0,0.5,0.25,0.9796,0.4571111,0.0,0.0,18,0.25,0.0,0.0,0.5,1,0.25,0.0,0.0,0.0,0.014199425,0.0926,0.0,0.0,0.0
0.50287825,0.25232646,0.5021294,0.06796012,-2384.1423,28341.0,0.0,0,10.0,-266.0,131603.27,0.5662409,12.061121,0.24223077,-13,0,1.0,27.0,-1691.0,0.25,-767.75,1793.88,-12831.0,33069.285,465.0,5292.0,0.0,0.2805594,-369.0,0.97897506,0.0,101.0,5483.469,2584.71,-131.0,38.083332,3587.76,221313.0,0.0,110821.67,4431.105,0.5,-15.0,0.01452,15.13074,0.8888889,0.75,0,-369.0,307208.47,0.009248818,9.0,0.0,2,0.83472455,1,0.1025479,0.0,0.0,0,0.0,0.0,0.5,0.0,0.9777348,0.42909035,0.25,0.0,11,0.25,0.0,0.0,0.0,0,0.25,0.25,0.0,0.0,0.1967033,0.06633385,0.037037037,0.0,0.75
0.5108563,0.64126396,0.5021294,0.05339667,-1310.0,58729.5,0.0,1,11.0,-416.93738,473030.72,0.5662409,12.061121,0.52204,-116,0,1.0,31.0,-31.0,0.0,-1083.0499,5242.4604,-658.0,160390.22,1011.9233,0.0,0.0,0.10228463,-1021.0,0.98024625,0.0,25.0,16311.404,10381.23,774.7538,10.965517,2529.067,431962.28,0.0042077564,378081.47,18181.035,0.0,-132.19705,0.006296,15.13074,0.9354839,0.58311266,1,-728.6427,307208.47,0.0015608432,13.8,0.0,3,0.8679975,1,0.1025479,0.2,0.0,0,12823.701,0.0,0.6,0.2,0.9777348,0.4571111,0.6,49.54514,10,0.2,0.014233142,0.23965093,0.4,1,0.0,0.0,0.0,0.0,0.014199425,0.06633385,0.0,0.0,0.0
0.2608559,0.4051972,0.5021294,0.05,-2384.1423,45000.0,1.0654914,0,13.592881,-352.0,678578.9,0.5662409,12.061121,0.4,-88,1,1.3829919,29.516104,-327.7884,0.1108971,-376.25,0.0,-913.0,32.445,1355.0,11083.136,0.21486607,0.125,-122.0,0.96875226,-363.87296,37.84903,18754.361,5198.1606,-120.0,12.26564,0.0,23064.334,0.0,99812.55,13925.762,0.23777755,-24.0,0.019689,15.13074,0.90468615,0.375,0,-728.6427,1285.8,0.07275849,12.661583,6724.2266,2,0.8679975,1,0.1025479,0.068525076,0.14340623,1,8048.088,0.080552734,0.47940668,0.2845134,0.9777348,0.4571111,0.21002875,0.0,14,0.35041127,0.0,0.625,0.14514303,0,0.25491133,0.2090302,0.14553413,0.027647203,0.014199425,0.06633385,0.010587371,0.053136926,0.14762497
0.4632753,0.6587232,0.5021294,0.039835166,-2384.1423,28840.5,0.0,1,24.0,-288.0,151680.42,0.5662409,12.061121,0.21363333,105,0,1.0,19.0,-44.0,0.0,-1028.7,1535.5743,-3109.0,13375.408,99.0,0.0,0.0,0.18646511,-604.0,0.82562476,0.0,19.0,7983.18,7983.18,1136.0,12.631579,0.0,652082.0,0.0,158657.72,7983.18,0.0,-429.875,0.01885,15.13074,1.0,0.2,0,-728.6427,186091.55,0.07275849,18.0,0.0,2,0.8679975,1,0.0966,0.0,1.0,0,1721.5032,0.0,0.0,1.0,0.9781,0.4571111,1.0,0.0,12,1.0,0.0,0.8,0.0,0,0.0,0.0,0.0,0.0,0.014199425,0.0667,0.0,0.0,0.0
0.4650692,0.7398419,0.5021294,0.030602202,-5214.0,13711.5,0.0,1,5.0,-76.0,38085.3,0.5662409,12.061121,0.076175,-43,0,1.0,6.0,-1049.0,0.0,-399.0,0.0,-3842.0,726102.0,1750.0,8545.5,0.0,0.40173548,-1194.0,1.2006325,0.0,7.0,7617.06,7611.3,-357.0,5.2,0.0,431962.28,0.0,830250.0,7618.5,0.0,-15.0,0.022625,15.13074,0.8333333,0.5,1,-728.6427,307208.47,0.07275849,10.0,0.0,2,0.8679975,0,0.0714,0.0,0.0,0,0.0,0.0,0.0,1.0,0.9811,0.4571111,1.0,0.0,10,1.0,0.0,0.0,0.0,1,0.0,1.0,0.0,0.0,0.014199425,0.0804,0.0,0.0,0.0
0.38591468,0.31943008,0.32449877,0.051253334,-3576.0,34596.0,0.0,1,12.0,-122.0,69283.35,0.5662409,12.061121,0.21965714,87,0,1.0,9.0,-544.0,0.0,-950.7273,0.0,-5513.0,106723.63,-76.0,36000.0,0.0,0.23333333,-126.0,1.5177859,0.0,13.0,8660.419,5915.565,111.0,5.0,0.0,491807.44,0.0,203941.7,5915.565,0.0,-26.0,0.010556,15.13074,0.8888889,0.72727275,1,-728.6427,349490.34,0.07275849,12.5,0.0,3,0.8679975,1,0.1025479,0.0,0.0,0,0.0,0.0,0.5,0.0,0.9777348,0.4571111,0.0,0.0,10,0.5,0.0,0.09090909,0.5,1,0.5,0.0,0.0,0.0,0.014199425,0.06633385,0.0,0.0,0.0
0.563835,0.41858745,0.37431484,0.10869258,-853.0,13842.0,1.8,1,24.0,-265.0,340635.66,0.5662409,12.061121,0.20506667,-62,0,0.6857143,24.0,-6.0,0.75,-927.25,0.0,-1197.0,756056.25,5843.0,11083.136,0.083333336,0.5300353,-724.0,0.9708481,4468.266,40.0,9732.447,733.95,774.7538,10.914286,0.0,431962.28,0.0,1740937.5,14217.21,0.25,-339.25,0.030755,15.13074,0.9583333,0.0,1,-520.0,392114.25,0.0033993432,11.75,13483.26,2,1.0,1,0.1025479,0.0,1.0,0,0.0,1.0,1.0,0.0,0.9777348,0.4571111,0.0,0.0,16,0.25,0.5,0.5,0.0,1,0.0,0.0,0.0,0.0,0.014199425,0.06633385,0.0,0.0,0.0
0.1918216,0.4992748,0.47610134,0.04893,-707.0,22018.5,0.0,1,12.0,-215.0,100950.98,0.5662409,1.0,0.10636956,55,1,1.0,8.0,-134.0,0.6666667,-1477.8572,3889.98,-7210.0,93552.0,569.0,10291.5,0.0,0.46,-878.0,1.111149,0.0,40.0,14421.567,9492.525,31069.0,15.0,3889.98,736634.0,0.0,730285.7,9492.525,0.0,-12.0,0.010006,15.13074,0.875,0.71428573,0,-167.0,64800.0,0.07275849,10.333333,0.0,1,0.8679975,1,0.018,0.0,0.0,0,3617.9326,0.0,1.0,0.0,0.9841,0.4571111,0.0,0.0,14,0.16666667,0.0,0.5714286,0.0,1,0.16666667,0.0,0.0,0.0,0.014199425,0.0244,0.0,0.0,0.33333334
0.5406544,0.34784836,0.7563934,0.03139689,-2384.1423,36310.5,0.02631579,1,16.0,-36.0,423485.3,1.75,13.0,0.29885185,-13,0,1.0,22.0,-9.0,0.0,-792.53845,0.0,-8208.0,63335.453,-178.0,11083.136,0.0,0.105058365,-502.0,0.9449082,0.0,23.0,11144.351,46.26,16.0,8.236842,0.0,527611.0,0.0,157433.89,10953.285,0.33333334,-65.0,0.007274,21.027779,0.95454544,0.23076923,0,-728.6427,83045.61,0.009105326,11.5,0.0,2,0.8679975,1,0.1025479,0.0,0.0,0,0.0,0.5,0.8333333,0.16666667,0.9777348,0.4571111,0.0,0.0,12,0.16666667,0.0,0.23076923,0.16666667,0,0.0,0.33333334,0.33333334,0.0,0.014199425,0.06633385,0.0,0.0,0.0
0.53348166,0.7086186,0.5736768,0.03304783,-3807.0,49797.0,0.0,1,11.0,-143.0,697428.75,0.5662409,12.061121,0.36886665,-3,0,1.0,25.0,-376.0,0.0,-1442.375,2473.9126,-5967.0,544419.2,1053.0,28580.85,0.0,0.08959289,-1702.0,0.9272628,0.0,17.0,30322.99,3740.22,-391.0,6.0434785,0.0,929190.25,0.0,602241.25,31256.078,0.0,-7.5,0.006008,15.13074,0.84,0.75,1,-728.6427,27612.5,0.01094099,15.25,0.0,2,0.8679975,1,0.0141,0.25,0.0,0,0.0,0.0,0.25,0.25,0.9712,0.4571111,0.25,0.0,14,0.0,0.0,0.125,0.25,1,0.25,0.0,0.5,0.0,0.014199425,0.06633385,0.04,0.25,0.0
0.66102356,0.36973247,0.47925955,0.044524208,-2384.1423,12001.5,4.375,1,16.0,-290.0,250135.66,0.5662409,12.061121,0.1778,95,0,1.0,17.0,-889.0,0.0,-538.5,0.0,-3227.0,59697.0,259.0,0.0,1.1764706,0.25041735,-1378.0,1.0,0.0,4.0,15633.479,15506.325,-329.0,0.3125,0.0,431962.28,0.0,192600.0,15641.955,0.0,-14.0,0.002042,15.13074,0.9411765,0.5,0,-728.6427,307208.47,0.07275849,10.0,0.0,3,0.8679975,0,0.1025479,1.0,0.0,0,0.0,0.0,0.0,0.0,0.9777348,0.4571111,0.0,0.0,12,1.0,0.0,0.0,0.0,0,0.0,0.0,0.0,0.0,0.014199425,0.06633385,0.0,0.0,0.0
0.2940831,0.19521977,0.5021294,0.029339854,-468.0,37044.0,0.0,1,9.0,-457.0,373372.03,0.5662409,12.061121,0.2352,4,1,1.2851734,11.0,-41.0,0.0,-753.0,5242.4604,-666.0,23540.4,275.0,2403.0,0.0,0.12474427,-61.0,0.93299466,-9000.0,18.0,37337.203,4240.935,808.0,6.6,2529.067,10147.2,0.0,200942.36,15193.192,0.5,-10.0,0.020713,15.13074,0.90909094,0.71428573,1,-728.6427,38088.0,0.026881581,11.5,0.0,3,0.8679975,0,0.0085,0.0,0.0,0,12823.701,0.5,0.5,0.5,0.9781,0.7232967,0.0,0.0,11,0.5,0.0,0.42857143,0.5,1,0.5,0.0,0.5,0.0,0.011208791,0.0195,0.0,0.0,0.0
0.6144144,0.38731295,0.5021294,0.037689872,-2384.1423,10719.0,0.0,1,10.0,-834.0,100171.71,0.5662409,12.061121,0.1191,56,0,1.0,8.0,-353.0,0.5,-866.5,5242.4604,-5148.0,321540.75,928.0,9000.0,0.0,0.3164557,-534.0,0.95121795,0.0,52.0,16695.285,10498.725,774.7538,30.166666,2529.067,431962.28,0.0,472500.0,10498.725,0.5,-45.0,0.011703,15.13074,0.875,0.0,0,-35.0,2112.5,0.05125037,15.0,0.0,2,0.79113925,0,0.0983,0.0,0.0,0,0.0,0.0,0.5,0.0,0.9786,0.4571111,0.0,0.0,9,0.5,0.0,0.0,0.0,0,0.5,0.5,0.0,0.0,0.014199425,0.0608,0.0,0.0,0.5
0.5108563,0.37080324,0.5021294,0.072927214,-1088.0,20740.5,0.1764706,1,12.0,-416.93738,791700.8,0.33333334,12.061121,0.2095,-98,0,0.9411765,24.0,-29.0,0.375,-417.0,0.0,-9108.0,0.0,1011.9233,11083.136,0.125,0.34810126,-428.0,0.92730474,1545.9908,36.0,15523.545,162.09,-387.0,3.9215686,2529.067,431962.28,0.0,59821.516,18765.922,0.0,-132.19705,0.020246,0.2651515,0.9583333,1.0,1,-210.0,307208.47,0.011923459,9.0625,21972.914,3,0.7124578,0,0.0566,0.0,0.0,0,12823.701,0.3125,0.6875,0.3125,0.9786,0.4571111,0.125,0.0,11,0.0625,0.0,0.0,0.1875,1,0.0625,0.0,0.0625,0.0,0.014199425,0.0428,0.0,0.0,0.1875
0.62967426,0.08131073,0.5021294,0.07164695,-645.0,17716.5,0.03448276,1,6.0,-430.0,555707.06,0.22727273,19.0,0.13123333,-71,0,1.0,12.0,-10.0,0.33333334,-430.0,5242.4604,-2391.0,0.0,-65.0,9180.0,0.0,0.5459509,-1477.0,0.6720064,0.0,30.0,4790.578,225.0,774.7538,3.0344827,2529.067,431962.28,0.0,0.0,7494.8623,0.0,-132.0,0.006852,1.5799373,0.9166667,0.0,1,-1769.0,307208.47,0.3387037,10.0,0.0,3,1.0110437,1,0.1025479,0.0,0.0,0,0.0,0.0,0.6666667,0.0,0.9777348,0.4571111,0.0,0.0,8,0.0,0.0,1.0,0.0,1,0.6666667,0.0,0.33333334,0.0,0.014199425,0.06633385,0.0,0.0,0.0
0.6894792,0.6719609,0.4324817,0.05184382,-1194.0,8604.0,8.916667,1,8.0,-416.93738,315942.97,0.5662409,15.0,0.10622222,-21,0,0.9166667,31.0,-14.0,0.0,-893.25,0.0,-5462.0,0.0,1011.9233,3667.5,0.06451613,0.48806942,-807.0,1.0555195,1275.4781,44.0,13164.291,9.27,-72.0,13.208333,2529.067,385525.66,0.0,80473.97,12246.42,0.33333334,-132.19705,0.035792,15.13074,0.9354839,1.0,1,-728.6427,307208.47,0.0030889565,14.666667,23368.006,2,0.8679975,1,0.1025479,0.0,0.0,0,12823.701,0.0,0.33333334,0.33333334,0.9777348,0.20147596,0.0,0.0,14,0.33333334,0.0,0.0,0.0,1,0.6666667,0.33333334,0.33333334,0.0,0.00390625,0.06633385,0.0,0.0,0.0
0.7463002,0.5087972,0.15856417,0.097419046,-3797.0,46030.5,0.29411766,0,8.8,-416.93738,202190.67,0.5662409,6.0,0.255725,-82,0,0.9411765,35.0,-1009.0,0.2857143,-1493.5,5242.4604,-249.0,0.0,1011.9233,6795.0,0.0,0.3809524,-4.0,0.9770659,382.10028,30.0,5946.784,2237.895,-762.0,8.5,2529.067,0.5,0.0,127563.75,6257.16,0.71428573,-132.19705,0.018634,15.13074,0.9142857,1.0,0,-1795.0,307208.47,0.013355149,15.714286,4257.81,2,0.9099042,1,0.0552,0.0,0.0,0,12823.701,0.0,0.0,0.85714287,0.9776,0.4571111,0.14285715,0.0,12,0.14285715,0.0,0.0,0.0,1,0.0,0.0,0.2857143,0.0,0.014199425,0.0521,0.0,0.0,0.0
0.49386287,0.73569167,0.7517907,0.03981362,-292.0,33259.5,0.0,1,6.0,-74.0,23756.355,0.5662409,12.061121,0.24636666,-9,0,1.0,10.0,-2714.0,0.0,-723.1667,0.0,-2681.0,33775.875,-2044.0,18000.0,0.0,0.16160311,-2896.0,1.8649943,0.0,0.0,3959.3926,3954.78,-518.0,0.0,0.0,28322.0,0.0,231907.5,3960.315,1.0,-520.75,0.031329,15.13074,0.9,0.33333334,1,-728.6427,1156314.2,0.07275849,11.0,0.0,2,0.8679975,1,0.1025479,0.0,0.0,0,215639.73,0.0,0.0,0.0,0.9777348,0.4571111,0.0,0.0,12,0.0,0.0,0.5,0.0,1,0.0,1.0,0.0,0.0,0.014199425,0.06633385,0.0,0.0,0.0
0.17044613,0.6430378,0.41403684,0.029312018,-1945.0,51651.0,0.0,1,8.0,-337.0,472073.6,0.5662409,2.0,0.27328572,-124,1,1.0,7.0,-445.0,0.0,-1291.0,298.5,-4914.0,55782.3,-1823.0,17190.0,0.0,0.107257776,0.0,0.94820935,0.0,27.0,118018.4,53095.32,-8.0,12.75,23.142857,631831.9,0.0,286009.06,36280.53,0.5,-260.375,0.006008,15.13074,0.71428573,0.5294118,1,-728.6427,779110.8,0.015805045,13.0,0.0,2,0.8679975,1,0.1025479,0.0,0.0,0,973.3837,0.5,0.5,0.0,0.9777348,0.4571111,0.0,0.0,13,0.5,0.0,0.3529412,0.0,0,0.5,0.0,0.0,0.0,0.014199425,0.06633385,0.0,0.0,0.0
0.47225335,0.58937186,0.5021294,0.07228,-2384.1423,8131.5,1.0,0,37.714287,-878.0,4486757.0,0.5662409,13.0,0.07228,-92,0,2.957275,25.0,-102.0,0.1875,-1754.0,5242.4604,-1131.0,83040.0,749.0,18000.0,0.56,1.0,-1131.0,0.91025585,-59315.043,32.0,172567.58,11269.125,-1089.0,10.384615,2529.067,445741.7,0.0,847500.0,31057.914,0.0,-18.0,0.018634,0.0,0.84,0.8333333,0,-202.0,307208.47,0.014477195,12.5,0.0,2,0.65445024,1,0.1025479,0.0,0.0,0,0.0,0.25,0.375,0.625,0.9777348,0.6111111,0.25,0.0,11,0.0625,0.0,0.0,0.0625,0,0.3125,0.0,0.125,0.0,0.0057471264,0.06633385,0.0,0.125,0.125
0.31703177,0.7258226,0.6561231,0.041355386,-2557.0,61803.0,0.41666666,1,6.0,-380.0,102085.47,0.5662409,12.061121,0.1526,-120,1,1.0,14.0,-1147.0,0.0,-1107.9286,0.0,-1981.0,117401.49,-12.0,22500.0,0.0,0.27100515,-1641.0,0.55270886,0.0,25.0,8507.122,8453.745,30954.0,5.0,0.0,206070.7,0.0,432501.75,13255.987,0.5,-25.5,0.072508,0.0,0.85714287,0.42857143,1,-728.6427,155881.08,0.6109742,14.0,0.0,1,0.8679975,0,0.2233,0.0,0.0,0,128465.17,0.0,0.5,0.5,0.9796,0.60792017,0.0,0.0,13,0.5,0.0,0.64285713,0.0,1,0.0,0.5,0.5,0.0,0.0,0.06633385,0.0,0.0,0.0
0.49566582,0.08752287,0.5021294,0.051374514,-5345.0,20772.0,0.0,1,16.5,-231.0,841985.25,0.33333334,12.061121,0.14890322,-47,0,1.0,49.0,-19.0,0.26666668,-1256.8572,482.4,-9021.0,56004.42,350.0,4500.0,0.0,0.3450195,-2706.0,0.90700597,0.0,25.0,12382.137,10.53,-231.0,7.0441175,0.0,537004.25,0.0,127264.28,9518.985,0.0,-26.0,0.018801,0.7878788,0.93877554,0.5714286,1,-145.0,53070.8,0.018969111,9.6,0.0,2,0.7163324,1,0.0535,0.0,0.0,0,2003.9625,0.0,0.53333336,0.46666667,0.9836,0.46967712,0.46666667,0.0,6,0.06666667,0.0,0.35714287,0.2,1,0.0,0.06666667,0.0,0.0,0.0025510204,0.0402,0.0,0.33333334,0.2
0.44183582,0.36323902,0.5021294,0.08039953,-6027.0,7317.0,0.0,1,20.8,-188.0,947717.5,0.5662409,12.061121,0.0813,-17,0,1.2673889,36.0,-26.0,0.0,-755.5,5242.4604,-9406.0,31239.75,1034.0,13500.0,0.0,0.988924,-1879.0,0.9497876,-6972.9453,59.0,29616.172,4350.42,92.0,24.125,2529.067,85971.336,0.0,118341.45,12334.203,0.14285715,-37.5,0.010556,15.13074,0.8611111,0.6666667,1,-728.6427,0.5,0.024771685,12.428572,0.0,3,0.8679975,1,0.0335,0.0,0.0,0,0.0,0.0,0.42857143,0.42857143,0.9791,0.49754903,0.2857143,0.0,11,0.14285715,0.0,0.16666667,0.0,1,0.2857143,0.0,0.0,0.0,0.0,0.0233,0.027777778,0.14285715,0.14285715
0.4632753,0.1621921,0.5021294,0.033049025,-4267.0,41499.0,11.973684,1,6.5,-315.0,270024.84,0.5662409,12.061121,0.2634857,-62,0,0.6315789,30.0,-1115.0,0.16666667,-315.0,5242.4604,-7162.0,160390.22,254.0,13050.0,0.6,0.12543005,-1290.0,1.1472405,4460.793,16.0,7105.917,6.57,774.7538,2.631579,2529.067,431962.28,0.0,222750.0,9716.175,0.16666667,-14.0,0.025164,15.13074,0.9,0.0,1,-2576.0,307208.47,0.0072852806,12.5,13053.87,2,1.1111112,1,0.1025479,0.0,0.0,0,12823.701,0.0,0.5,0.0,0.9777348,0.4571111,0.5,0.0,6,0.0,0.0,0.0,0.33333334,1,0.16666667,0.0,0.16666667,0.0,0.014199425,0.06633385,0.0,0.0,0.33333334
0.6594055,0.6898693,0.5021294,0.026473215,-423.0,36562.5,1.2,0,10.0,-92.0,156928.28,0.5662409,7.0,0.1625,51,0,0.6666667,11.0,-1261.0,0.0,-1204.0,5242.4604,-6311.0,387874.5,-59.0,13500.0,0.0,0.16291209,-1567.0,1.029978,5232.075,31.0,10461.885,510.57,-2028.0,11.666667,2529.067,431962.28,0.0,707425.5,15689.43,0.0,-31.5,0.04622,15.13074,0.90909094,0.33333334,1,-728.6427,568178.0,0.07275849,13.0,15212.835,1,0.8679975,1,0.0385,0.0,0.0,0,0.0,0.0,0.0,1.0,0.9806,0.4571111,0.0,0.0,13,1.0,0.0,0.33333334,0.0,1,1.0,0.0,0.0,0.0,0.014199425,0.0468,0.0,0.0,0.0
0.85905313,0.6878398,0.7159241,0.0377,-1975.0,8482.5,0.0,1,8.0,-1773.0,35509.363,0.5662409,12.061121,0.0754,114,0,1.0,8.0,-1800.0,0.0,-1710.2,0.0,-5630.0,10698.75,53.0,31500.0,0.0,0.5,-1498.0,2.0344558,0.0,20.0,4438.6704,4415.085,-1148.0,18.0,2529.067,197096.33,0.0,205695.9,4442.04,1.0,-27.0,0.035792,15.13074,1.0,0.8,1,-728.6427,307208.47,0.07275849,14.0,0.0,2,0.8679975,0,0.014,0.0,0.0,0,0.0,0.0,1.0,0.0,0.9463,0.4571111,0.0,0.0,16,0.0,0.0,0.0,0.0,0,0.0,1.0,0.0,0.0,0.014199425,0.06633385,0.0,0.0,0.0
0.7136314,0.56570894,0.51435643,0.029339854,-2572.0,37800.0,0.4090909,1,19.5,-416.93738,2865883.2,0.5662409,12.061121,0.28,72,1,0.95454544,66.0,-11.0,0.0,-1674.5,0.0,-6268.0,0.0,1011.9233,61559.28,0.1969697,0.10478519,-160.0,0.9475605,1926.2761,30.0,43422.477,0.18,-838.0,5.0454545,2529.067,310721.66,0.0,75917.25,36118.754,0.5,-132.19705,0.04622,15.13074,0.95454544,1.0,1,-728.6427,307208.47,0.023789845,15.0,63423.81,1,0.8679975,1,0.1025479,0.0,0.0,0,12823.701,0.0,0.25,0.25,0.9777348,0.4571111,0.0,0.0,15,0.25,0.0,0.0,0.0,1,0.5,0.0,0.0,0.25,0.014199425,0.06633385,0.0,0.0,0.0
0.49927202,0.28589788,0.34789783,0.0651004,-2363.0,25911.0,0.47058824,1,15.0,-471.0,217409.12,0.5662409,12.061121,0.11516,110,0,0.9411765,17.0,-22.0,0.0,-764.75,10697.67,-4579.0,212998.5,1355.0,8325.0,0.0,0.5653039,-1950.0,0.9727844,633.5841,29.0,12788.772,2504.07,-169.0,6.1764708,2529.067,184932.33,0.0,299299.5,14363.19,0.5,-40.0,0.018801,15.13074,0.9411765,0.75,1,-728.6427,307208.47,0.0045831846,11.0,8266.86,2,0.8679975,0,0.1025479,0.0,1.0,0,0.0,0.0,0.0,0.5,0.9777348,0.4571111,0.5,0.0,9,0.5,0.0,0.0,0.0,1,0.0,0.5,0.0,0.0,0.014199425,0.06633385,0.0,0.5,0.0
0.28078958,0.5283229,0.8547882,0.09887429,-2384.1423,9486.0,0.0,1,22.0,-87.0,220938.03,0.5662409,12.061121,0.082666665,61,0,1.0,14.0,-16.0,0.0,-848.5,5042.43,-3159.0,139510.31,129.0,59580.0,0.0,1.1960601,-386.0,1.1433494,0.0,22.0,15781.288,13390.74,774.7538,10.714286,5042.43,431962.28,0.0,168001.88,15260.07,0.25,-170.5,0.006671,15.13074,0.9285714,0.0,1,-728.6427,1819513.6,0.14661127,12.0,0.0,2,0.8679975,1,0.0538,0.25,0.0,0,69170.9,0.0,0.5,0.5,0.9826,0.4571111,0.25,0.0,13,0.25,0.0,0.5,0.25,0,0.0,0.0,0.0,0.0,0.014199425,0.0799,0.0,0.25,0.0
0.44183582,0.38123357,0.5021294,0.04826546,-2384.1423,40320.0,2.0714285,0,8.0,-119.0,968708.9,0.5662409,12.061121,0.256,28,0,1.3581686,16.0,-198.0,0.11111111,-489.25,0.0,-13133.0,15055.875,66.0,45000.0,0.0625,0.18853696,0.0,1.2114713,-21229.988,60.0,69193.49,11.025,-13.0,17.571428,0.0,358544.34,0.0,158586.86,20158.732,0.33333334,-26.0,0.010032,15.13074,0.6875,0.75,0,-183.0,307208.47,0.21564932,8.333333,17769.15,2,1.9230769,0,0.0351,0.0,0.0,0,0.0,0.0,0.33333334,0.5555556,0.9662,0.4571111,0.33333334,0.0,5,0.11111111,0.0,0.0,0.11111111,0,0.11111111,0.11111111,0.44444445,0.0,0.014199425,0.0217,0.0,0.22222222,0.11111111
0.3376727,0.42660174,0.5021294,0.039404236,-1824.0,18679.5,0.0,1,10.0,-99.0,79054.06,0.5662409,12.061121,0.14825,-108,1,1.0,10.0,-115.0,0.0,-749.75,4908.105,-4622.0,44260.875,213.0,13500.0,0.0,0.26579586,-385.0,1.2001334,0.0,3.0,8783.785,7929.315,-2000.0,2.0,4908.105,431962.28,0.0,148142.25,7929.315,0.0,-30.0,0.004849,15.13074,0.9,0.25,1,-728.6427,52801.332,0.07275849,16.666666,0.0,2,0.8679975,1,0.1025479,0.0,0.0,0,0.0,0.0,1.0,0.0,0.9777348,0.3125,0.0,0.0,17,0.33333334,0.0,0.25,0.33333334,1,0.33333334,0.0,0.6666667,0.0,0.0,0.06633385,0.0,0.0,0.0
0.3825018,0.12022363,0.5899261,0.072468355,-1775.0,6183.0,0.18238993,0,20.0,-268.0,2668870.8,1.4878049,23.0,0.05496,31,0,0.9622642,77.0,-32.0,0.4,-1264.5714,0.0,-7331.0,36876.117,-37.0,0.0,0.0,1.3185654,-1323.0,0.8025644,637.66187,38.0,16785.35,24.84,-755.0,4.6855345,0.0,291170.03,0.0,175660.72,14393.197,0.4,-25.75,0.018029,9.703252,0.9480519,0.71428573,1,-495.0,138832.67,0.0816934,9.6,22950.0,3,0.8256425,1,0.1025479,0.2,0.0,0,280.245,0.2,0.4,0.2,0.9777348,0.4571111,0.2,0.0,9,0.1,0.0,0.2857143,0.0,1,0.1,0.0,0.3,0.2,0.014199425,0.06633385,0.0,0.0,0.0
0.3264752,0.28619263,0.5021294,0.027498212,-2891.0,51885.0,2.4545455,0,8.0,-337.0,424398.28,0.5662409,4.0,0.05765,-2,1,1.0,14.0,-869.0,0.0,-1221.9231,34593.074,-5954.0,51444.645,1145.0,10422.0,0.64285713,0.47698545,-2595.0,1.0555608,0.0,14.0,38581.664,10308.51,591.0,4.6363635,650.25,357652.62,0.0,2517596.0,33040.24,0.0,-35.75,0.010966,15.13074,0.85714287,0.6923077,1,-728.6427,78329.664,0.006174024,12.5,0.0,2,0.8679975,1,0.2201,0.0,0.0,0,121385.12,0.0,0.5,0.5,0.9881,0.4571111,1.0,0.0,11,0.5,0.0,0.30769232,0.0,1,0.0,0.0,0.0,0.0,0.014199425,0.1977,0.0,0.0,0.5
0.44896227,0.69258094,0.25892836,0.04864,-4831.0,21888.0,0.0,0,8.0,-761.0,134990.9,0.5662409,12.061121,0.16213334,62,0,1.0,15.0,-27.0,0.0,-1250.8334,0.0,-1797.0,82968.3,-1022.0,0.0,0.0,0.3,-536.0,0.93318355,0.0,29.0,10383.916,8996.67,-837.0,20.0,2529.067,1681778.0,0.0,163388.25,9748.282,0.0,-159.75,0.01885,15.13074,0.8666667,0.33333334,1,-728.6427,41044.918,0.001645838,10.5,0.0,2,0.8679975,1,0.1025479,0.0,1.0,0,0.0,0.0,0.5,0.5,0.9777348,0.4571111,0.0,0.0,11,0.5,0.0,0.33333334,0.5,1,1.0,0.0,0.0,0.0,0.014199425,0.06633385,0.06666667,0.0,0.0
0.5108563,0.31964403,0.5021294,0.06606667,-714.0,8919.0,0.0,1,24.0,-416.93738,177076.8,0.5662409,12.061121,0.07928,-52,1,1.0,12.0,-22.0,0.0,-1083.0499,5242.4604,-6115.0,160390.22,1011.9233,67500.0,0.0,0.8333333,-375.0,1.25,0.0,8.0,14756.4,14756.4,774.7538,5.75,2529.067,431962.28,0.0042077564,378081.47,14756.4,0.0,-132.19705,0.02461,15.13074,1.0,0.58311266,1,-728.6427,307208.47,0.07275849,14.0,0.0,2,0.8679975,1,0.0719,0.0,0.0,0,12823.701,0.0,1.0,0.0,0.9861,0.4571111,1.0,49.54514,16,1.0,0.014233142,0.23965093,0.0,1,0.0,0.0,0.0,0.0,0.014199425,0.034,0.0,0.0,0.0
0.5108563,0.60735846,0.5021294,0.05,-1629.0,6750.0,1.9534883,0,16.0,-416.93738,629504.0,0.5662409,12.061121,0.05,100,0,1.0,46.0,-36.0,0.0,-1083.0499,5242.4604,-4977.0,160390.22,1011.9233,0.0,0.0,1.0,-1337.0,0.95302176,0.0,50.0,14639.628,8657.1,774.7538,9.581395,2529.067,431962.28,0.0042077564,378081.47,16655.58,0.0,-132.19705,0.018029,15.13074,0.95652175,0.58311266,0,-728.6427,307208.47,0.0017283519,7.6666665,0.0,3,0.8679975,1,0.1025479,0.33333334,0.0,1,12823.701,0.0,0.33333334,0.0,0.9777348,0.4571111,0.6666667,49.54514,11,0.33333334,0.014233142,0.23965093,0.33333334,1,0.0,0.0,0.0,0.0,0.014199425,0.06633385,0.0,0.0,0.0
0.6041126,0.33998358,0.5021294,0.06072,-2455.0,27324.0,7.740741,1,10.0,-328.0,98930.3,0.5662409,12.061121,0.17348571,-24,0,0.7037037,21.0,-20.0,0.0,-748.0,5242.4604,-1496.0,481631.53,1500.0,0.0,0.04761905,0.35,0.0,1.0,1612.2117,31.0,3664.085,18.63,340.0,3.0370371,2529.067,31116.334,0.0,643237.25,5206.86,0.0,-22.0,0.010966,15.13074,0.9047619,0.6666667,1,-728.6427,1296050.0,0.07275849,21.0,5458.725,2,0.8679975,1,0.1373,0.0,0.0,0,0.0,0.0,1.0,0.0,0.9975,0.23376623,1.0,0.0,15,0.0,0.16666667,0.16666667,1.0,0,0.0,1.0,0.0,0.0,0.21861471,0.1304,0.04761905,0.0,0.0
0.6785677,0.69809353,0.5021294,0.029433334,-5045.0,19867.5,7.25,0,12.0,-675.0,49904.91,0.5662409,8.0,0.29433334,-107,0,0.6,13.0,-232.0,0.0,-1654.6666,0.0,-7508.0,59169.6,1151.0,0.0,0.0,0.1,-3313.0,0.90444773,1663.56,21.0,2495.2456,0.9,-922.0,7.9,2529.067,263758.8,0.0,94803.45,4158.9,0.0,-16.0,0.01885,15.13074,0.9230769,0.8333333,1,-728.6427,307208.47,0.07275849,14.0,4158.0,2,0.8679975,1,0.1025479,0.0,0.0,0,0.0,0.0,1.0,0.0,0.9777348,0.4571111,0.0,0.0,11,0.0,0.0,0.0,1.0,0,1.0,0.0,0.0,0.0,0.014199425,0.06633385,0.0,0.0,0.0
0.06733951,0.46878284,0.36002916,0.04691,-273.0,21109.5,2.4565217,1,12.0,-310.0,493404.75,0.5662409,12.061121,0.18764,12,0,0.65217394,33.0,-334.0,0.6923077,-547.75,0.0,-3334.0,77078.09,55.0,10170.0,1.1818181,0.25,-1277.0,0.82817334,5648.0986,30.0,10726.19,25.2,-162.0,11.282609,0.0,431962.28,0.0,119774.25,13063.86,0.9230769,-14.666667,0.01452,15.13074,0.90909094,0.25,1,-108.0,179585.33,0.014144781,10.384615,18661.14,2,0.64324903,0,0.0997,0.0,1.0,0,0.0,0.0,0.3846154,0.3846154,0.9771,0.4571111,0.0,0.0,9,0.07692308,0.0,0.5,0.0,1,0.07692308,0.0,0.15384616,0.61538464,0.014199425,0.077,0.0,0.0,0.46153846
0.7958031,0.5972179,0.5021294,0.072174706,-2384.1423,8923.5,3.7777777,1,10.0,-438.0,88992.9,0.5662409,12.061121,0.16525,-62,0,0.5555556,13.0,-1106.0,0.0,-1087.4,5242.4604,-2513.0,55426.5,391.0,0.0,0.0,0.4367607,0.0,0.92379105,3955.19,30.0,4944.05,135.0,-162.0,12.555555,2529.067,1837444.5,0.0,166869.0,8899.74,0.0,-36.0,0.019101,15.13074,0.84615386,0.4,1,-728.6427,266059.0,0.07275849,12.0,8764.74,2,0.8679975,0,0.1025479,0.0,0.0,0,0.0,0.0,0.0,0.0,0.9777348,0.4571111,0.0,0.0,9,1.0,0.0,0.0,0.0,0,1.0,0.0,0.0,0.0,0.014199425,0.06633385,0.07692308,0.0,1.0
0.14554282,0.14322741,0.7363774,0.098,-2384.1423,22050.0,1.5909091,1,10.0,-299.0,304819.66,0.5662409,34.0,0.22272727,-56,1,0.90909094,22.0,-693.0,0.33333334,-704.6,4015.0576,-3746.0,81436.5,66.0,0.0,0.0,0.44,-1390.0,0.96064675,1386.2332,31.0,13855.438,90.855,283.0,4.8636365,7854.5923,432805.34,0.0,147771.0,15248.565,0.0,-19.5,0.00733,15.13074,0.90909094,0.6,0,-468.0,159612.5,0.0012206675,15.666667,19351.08,2,0.9486616,0,0.1025479,0.0,1.0,0,1563.75,0.0,0.33333334,0.33333334,0.9777348,0.4571111,1.0,0.0,16,0.33333334,0.0,0.2,0.0,0,0.0,0.0,0.33333334,0.0,0.014199425,0.06633385,0.0,0.33333334,0.0
0.31703177,0.39612883,0.17406641,0.038919784,-134.0,29164.5,0.95,0,9.333333,-97.0,214431.39,0.5662409,13.0,0.18517143,81,1,0.9,20.0,-65.0,0.0,-376.4,7313.337,-3245.0,73827.66,89.0,33372.0,0.0,0.21018244,-984.0,1.1517301,1547.7345,46.0,10721.569,173.475,1336.0,19.05,6521.5464,431962.28,0.0,327768.3,10762.59,0.0,-19.5,0.01885,15.13074,0.9,0.2,1,-728.6427,66740.664,0.03259987,14.0,15303.87,2,0.8679975,0,0.1025479,0.0,0.0,0,2026.5975,0.0,0.75,0.0,0.9777348,0.4571111,0.25,0.0,10,0.25,0.0,0.4,0.5,0,0.5,0.75,0.0,0.0,0.014199425,0.06633385,0.0,0.0,0.25
0.5108563,0.6333436,0.504765,0.042467356,-10108.0,55611.0,0.0,1,22.0,-416.93738,946335.06,0.31578946,0.0,0.154475,104,0,1.0,20.0,-28.0,0.0,-1122.0,5242.4604,-4396.0,0.0,1011.9233,11124.0,0.0,0.2749141,-1818.0,0.9947786,0.0,41.0,7169.205,130.5,-726.0,12.613636,2529.067,431962.28,0.0,46525.86,18766.867,0.16666667,-132.19705,0.026392,0.72900337,0.9,1.0,1,-728.6427,307208.47,0.0051056864,14.666667,0.0,2,0.8679975,1,0.0314,0.0,0.0,0,12823.701,0.0,0.33333334,0.0,0.9747,0.4571111,0.5,0.0,13,0.0,0.0,0.0,0.16666667,1,0.0,0.0,0.0,0.0,0.014199425,0.0547,0.0,0.16666667,0.0
0.57796913,0.6577738,0.5021294,0.051797733,-2384.1423,8901.0,0.25925925,1,17.6,-416.93738,959011.3,0.5662409,12.061121,0.041208334,81,0,1.4741474,29.0,-53.0,0.21428572,-2814.0,9.0,-9039.0,160390.22,1011.9233,5297.4,0.0,1.2569723,-469.0,0.7833755,-7717.78,60.0,35518.938,4186.8,-2599.0,13.925926,2529.067,431962.28,0.0,144720.0,15682.734,0.0,-132.19705,0.018634,0.0,0.8965517,1.0,0,-443.0,307208.47,0.123140745,14.857142,7933.14,2,0.8833922,1,0.1025479,0.071428575,1.0,0,12823.701,0.14285715,0.64285713,0.21428572,0.9777348,0.11764706,0.071428575,0.0,14,0.0,0.0,0.0,0.0,0,0.2857143,0.0,0.2857143,0.0,0.0,0.06633385,0.0,0.071428575,0.2857143
0.5108563,0.51782185,0.58458686,0.029354839,-6589.0,32760.0,0.0,0,12.0,-416.93738,78859.94,0.5662409,17.0,0.208,27,0,1.0,10.0,-35.0,0.0,-1083.0499,5242.4604,-3855.0,160390.22,1011.9233,0.0,0.0,0.14112903,-349.0,0.9044787,0.0,26.0,7169.085,7169.085,774.7538,19.0,2529.067,431962.28,0.0042077564,378081.47,7169.085,0.0,-132.19705,0.018209,15.13074,1.0,0.58311266,1,-728.6427,307208.47,0.07275849,14.0,0.0,3,0.8679975,1,0.1025479,0.0,0.0,0,12823.701,0.0,1.0,0.0,0.9777348,0.4571111,0.0,49.54514,16,1.0,0.014233142,0.23965093,0.0,1,1.0,0.0,0.0,0.0,0.014199425,0.06633385,0.0,0.0,1.0
0.5108563,0.1800891,0.5021294,0.097915195,-2384.1423,24939.0,0.96666664,1,16.0,-416.93738,357773.8,0.5662409,12.061121,0.346375,-103,1,0.96666664,31.0,-538.0,0.0,-1664.0,5242.4604,-4094.0,160390.22,1011.9233,0.0,0.0,0.28268552,0.0,1.0,712.08,46.0,11925.794,236.025,-1151.0,5.266667,2529.067,431962.28,0.0,244561.5,13134.825,0.5,-132.19705,0.018209,15.13074,0.9354839,1.0,1,-728.6427,307208.47,0.0,10.0,21126.375,3,0.8679975,0,0.1025479,0.0,0.0,0,12823.701,0.5,0.5,0.5,0.9777348,0.4571111,0.0,0.0,8,0.0,0.0,0.0,0.0,0,0.5,0.5,0.0,0.0,0.014199425,0.06633385,0.0,0.0,0.0
0.59197664,0.67990255,0.45139363,0.07926918,-1030.0,39438.0,0.0,0,10.0,-416.93738,132407.64,0.5662409,12.061121,0.29213333,-30,1,1.0,20.0,-13.0,0.42857143,-1437.1428,1445.355,-4334.0,0.0,1011.9233,5148.0,0.0,0.27134588,-1418.0,1.1534318,0.0,21.0,6968.823,5106.015,-275.0,8.473684,2529.067,330888.47,0.0,58333.5,7072.3125,0.2857143,-132.19705,0.035792,15.13074,0.95,1.0,1,-1122.0,307208.47,0.028000759,13.142858,0.0,2,1.1111279,0,0.1025479,0.0,0.0,0,12823.701,0.0,0.42857143,0.0,0.9777348,0.32275468,0.42857143,0.0,17,0.14285715,0.0,0.0,0.14285715,1,0.0,0.42857143,0.14285715,0.0,0.035751835,0.06633385,0.0,0.0,0.14285715
0.5108563,0.3871417,0.5021294,0.029397782,-635.0,23931.0,0.7755102,0,22.0,-416.93738,1366553.2,0.10958904,12.061121,0.21272,-105,0,1.1732773,15.0,-28.0,0.0,-2683.0,0.0,-1421.0,0.0,1011.9233,0.0,0.0,0.13819943,-264.0,0.60211486,-4500.0,30.0,13944.421,234.72,-2469.0,4.3469386,2529.067,431962.28,0.0,80599.5,14440.92,0.2,-132.19705,0.020246,0.8648649,0.93333334,1.0,1,-728.6427,307208.47,0.27437055,10.6,4500.0,3,0.8679975,1,0.1025479,0.0,0.0,0,12823.701,0.0,0.6,0.2,0.9777348,0.07058824,0.2,0.0,9,0.2,0.0,0.0,0.0,1,0.0,0.2,0.0,0.0,0.0,0.06633385,0.0,0.2,0.0
0.5108563,0.59304494,0.8479402,0.0940106,-963.0,23944.5,1.0654914,1,13.592881,-80.0,678578.9,0.5662409,12.061121,0.17736667,-84,0,1.3829919,29.516104,-327.7884,0.1108971,-753.1667,1217.715,-39.0,0.0,-599.0,11083.136,0.21486607,0.5300353,-642.0,0.96875226,-363.87296,37.84903,18754.361,5198.1606,76.0,12.26564,2529.067,396361.66,0.0,423905.88,13925.762,0.23777755,-22.0,0.010276,15.13074,0.90468615,0.6666667,0,-728.6427,726012.5,0.07275849,12.661583,6724.2266,2,0.8679975,1,0.0327,0.068525076,0.0,0,0.0,0.080552734,0.47940668,0.2845134,0.9742,0.4571111,0.21002875,9.75,14,0.35041127,0.0,0.16666667,0.14514303,0,0.25491133,0.2090302,0.14553413,0.027647203,0.014199425,0.0372,0.010587371,0.053136926,0.14762497
0.66585493,0.75727546,0.5021294,0.029239131,-310.0,30262.5,0.0,0,20.0,-559.0,1151710.9,0.5662409,12.061121,0.09607143,-71,0,1.0,19.0,-207.0,0.0,-1482.0,5242.4604,-1361.0,2034340.9,6746.0,20731.5,0.0,0.3043478,-43.0,1.0454555,0.0,43.0,67747.695,14247.765,1169.0,10.882353,2529.067,406848.16,0.0,1566203.8,16001.73,0.0,-31.0,0.030755,0.0,0.8947368,0.85714287,1,-728.6427,307208.47,0.0061985916,15.8,0.0,2,0.8679975,0,0.0861,0.0,0.0,0,0.0,0.2,0.4,0.4,0.9846,0.44759014,0.4,0.0,18,0.0,0.14285715,0.0,0.0,1,0.0,0.0,0.0,0.0,0.0,0.0865,0.0,0.2,0.2
0.5108563,0.6919194,0.5021294,0.108166166,-1409.0,30136.5,0.0,0,6.0,-416.93738,489549.56,0.5662409,14.0,0.167425,-95,0,1.4299641,9.0,-150.0,0.0,-1083.0499,5242.4604,-4250.0,160390.22,1011.9233,0.0,0.0,0.6460574,-150.0,0.9482138,-12809.7,27.0,48954.957,23766.705,774.7538,25.4,2529.067,431962.28,0.0042077564,378081.47,16524.787,0.0,-132.19705,0.072508,0.0,0.8888889,0.58311266,0,-728.6427,307208.47,0.0053636157,16.0,0.0,1,0.8679975,0,0.0696,0.0,0.0,0,12823.701,0.33333334,0.6666667,0.0,0.9757,0.4571111,0.33333334,49.54514,16,0.33333334,0.014233142,0.23965093,0.0,0,0.0,0.0,0.33333334,0.0,0.014199425,0.0,0.0,0.0,0.0
0.43296167,0.7970108,0.5021294,0.042539626,-2056.0,32125.5,0.0,1,13.592881,-113.0,27836.686,0.5662409,12.061121,0.20397143,91,0,1.0,4.0,-2847.0,0.1108971,-1032.0,0.0,-7439.0,34059.4,322.0,11083.136,0.0,0.20855679,0.0,0.96875226,0.0,0.0,9278.895,9217.575,-71.0,0.0,0.0,1030778.94,0.0,74380.87,13925.762,0.23777755,-6.0,0.032561,15.13074,0.75,0.8,1,-728.6427,307208.47,0.07275849,12.661583,0.0,1,0.8679975,0,0.0565,0.068525076,1.0,0,0.0,0.080552734,0.47940668,0.2845134,0.9752,0.4571111,0.21002875,0.0,18,0.35041127,0.0,0.0,0.14514303,0,0.25491133,0.2090302,0.14553413,0.027647203,0.014199425,0.0612,0.0,0.053136926,0.14762497
0.5108563,0.44793868,0.63531536,0.11926,-859.0,26833.5,0.16666667,0,12.0,-416.93738,89882.33,0.5662409,12.061121,0.17037143,15,0,1.0,13.0,-104.0,0.4,-1083.0499,5242.4604,-524.0,160390.22,1011.9233,7398.0,0.0,0.7,-455.0,0.9773719,0.0,16.0,7490.194,7481.655,774.7538,2.6666667,2529.067,431962.28,0.0042077564,378081.47,10825.133,0.2,-132.19705,0.007114,15.13074,0.9230769,0.58311266,1,-455.0,307208.47,0.0023674287,13.4,0.0,2,0.90447366,1,0.0733,0.0,0.0,0,12823.701,0.2,0.4,0.6,0.9777348,0.4571111,0.0,49.54514,10,0.6,0.014233142,0.23965093,0.6,1,0.4,0.8,0.2,0.0,0.014199425,0.0369,0.0,0.0,0.0
0.6006575,0.51993454,0.5021294,0.067472875,-3508.0,13432.5,0.0,1,6.0,-512.0,17283.734,0.5662409,64.0,0.0995,71,1,1.0,8.0,-2155.0,0.33333334,-1172.25,1447.65,-1933.0,41259.375,583.0,1525.5,0.0,0.67811936,-781.0,1.1029044,0.0,18.0,3456.747,2891.88,-415.0,15.6,2529.067,590545.3,0.0,94965.75,2891.88,0.33333334,-8.0,0.016612,15.13074,0.625,0.75,1,-2255.0,307208.47,0.017089643,13.0,0.0,2,1.25,1,0.1065,0.0,0.0,0,0.0,0.0,0.33333334,0.0,0.9816,0.4571111,0.0,0.0,14,0.33333334,0.0,0.0,0.0,1,0.33333334,0.6666667,0.0,0.0,0.014199425,0.0585,0.25,0.0,0.0
0.45969045,0.43665475,0.17200215,0.07295973,-953.0,48919.5,1.1315789,1,12.0,-196.0,261108.22,0.5662409,4.0,0.14494666,125,1,0.8947368,37.0,-247.0,0.0,-196.0,0.0,-3514.0,170037.0,263.0,10327.5,0.0,0.5033557,-1056.0,0.9735016,1146.5715,36.0,6871.269,813.375,774.7538,8.026316,0.0,431962.28,0.0,274500.0,7566.06,0.33333334,-9.0,0.026392,15.13074,0.9189189,0.0,1,-728.6427,307208.47,0.0035839227,14.333333,10093.95,2,0.8679975,1,0.0027,0.0,0.0,0,0.0,0.0,0.33333334,0.33333334,0.9816,0.4571111,0.0,0.0,16,0.33333334,0.0,0.0,0.33333334,0,0.6666667,0.33333334,0.33333334,0.0,0.014199425,0.06633385,0.0,0.0,0.0
0.5108563,0.6379219,0.5021294,0.061465345,-295.0,27936.0,0.0,1,10.0,-416.93738,391794.47,0.5662409,12.061121,0.194,-49,1,1.0,23.0,-51.0,0.0,-1083.0499,5242.4604,-2020.0,160390.22,1011.9233,25240.5,0.0,0.31683168,-711.0,1.0039163,0.0,25.0,19589.725,2992.455,774.7538,15.5,2529.067,431962.28,0.0042077564,378081.47,17070.09,0.0,-132.19705,0.026392,15.13074,0.9130435,0.58311266,1,-728.6427,307208.47,0.011086276,17.0,0.0,2,0.8679975,0,0.1725,0.0,0.0,0,12823.701,0.0,0.0,0.6666667,0.997,0.4571111,0.6666667,49.54514,16,0.33333334,0.014233142,0.23965093,0.0,0,0.33333334,0.0,0.0,0.0,0.014199425,0.06633385,0.0,0.0,1.0
0.52629495,0.3585685,0.5021294,0.029471561,-2384.1423,16047.0,0.22222222,1,16.0,-860.0,1542483.4,0.03125,12.061121,0.1783,22,0,0.962963,51.0,-4.0,0.125,-1671.0,2901.96,-8566.0,13977.0,-2177.0,45000.0,0.25490198,0.165292,-2712.0,1.1053932,475.7322,46.0,9521.502,39.69,774.7538,6.0061727,2901.96,431962.28,0.0,58590.0,8490.791,0.25,-75.0,0.035792,0.051644735,0.98039216,0.0,1,-531.0,1315442.0,0.14050572,12.375,14019.075,2,1.0,0,0.1025479,0.0,0.0,0,0.0,0.125,0.375,0.5,0.9777348,0.4571111,0.375,0.0,10,0.0,0.0,0.0,0.25,0,0.25,0.0,0.125,0.125,0.014199425,0.06633385,0.0,0.125,0.0
0.52629495,0.6780675,0.5021294,0.042496424,-3195.0,42790.5,0.2625,1,14.0,-185.0,959665.75,0.61538464,12.061121,0.31696665,-122,0,0.95,28.0,-14.0,0.0,-937.25,10387.905,-8184.0,49621.5,-4.0,22500.0,0.0,0.13407221,-1594.0,0.7009703,701.6282,36.0,11995.822,7.2,-378.0,2.95,23881.5,190199.0,0.0,244692.14,12052.38,0.0,-17.0,0.010643,2.6639676,0.9285714,0.5,1,-728.6427,8983.333,0.46814135,12.666667,16574.58,2,0.8679975,1,0.0605,0.0,0.0,0,0.0,0.0,0.33333334,0.6666667,0.9881,0.68934065,0.0,0.0,16,0.33333334,0.0,0.25,0.0,1,0.6666667,0.0,0.33333334,0.0,0.027472528,0.0531,0.0,0.0,0.0
0.62799084,0.4771116,0.5021294,0.05,-733.0,13500.0,0.041666668,0,17.0,-416.93738,144480.06,0.5662409,12.061121,0.08571429,-119,1,1.0,25.0,-10.0,0.0,-1134.0,5242.4604,-381.0,0.0,1011.9233,3456.0,0.0,0.5833333,0.0,0.9561252,0.0,17.0,6020.0024,4481.955,-768.0,8.291667,2529.067,431962.28,0.0,91782.0,5801.8726,0.0,-132.19705,0.026392,15.13074,0.96,1.0,0,-728.6427,307208.47,0.009895945,17.0,0.0,2,0.8679975,1,0.1754,0.0,0.0,1,12823.701,0.0,0.5,0.0,0.9965,0.4571111,1.0,0.0,14,0.5,0.0,0.0,0.0,1,0.0,0.5,0.0,0.0,0.014199425,0.1336,0.0,0.0,0.0
0.824595,0.69853115,0.5021294,0.05629747,-2384.1423,16011.0,0.0,1,12.571428,-416.93738,1056497.5,0.5662409,12.061121,0.101657145,64,1,1.0,86.0,-102.0,0.0,-2471.5,0.0,-784.0,0.0,1011.9233,9742.5,0.0,0.5537975,-764.0,0.96525615,0.0,79.0,13206.219,2995.515,-2015.0,27.0,2529.067,46512.5,0.0,107223.75,11930.959,0.42857143,-132.19705,0.019101,15.13074,0.94186044,1.0,1,-728.6427,307208.47,0.0026697663,12.285714,0.0,2,0.8679975,0,0.2796,0.0,0.0,0,12823.701,0.0,0.2857143,0.2857143,0.9985,0.4571111,0.2857143,0.0,11,0.0,0.0,0.0,0.14285715,0,0.2857143,0.0,0.0,0.0,0.014199425,0.0,0.0,0.2857143,0.14285715
0.43473324,0.5645804,0.15854295,0.051188774,-425.0,51543.0,0.33333334,0,6.0,-793.0,119069.91,0.5662409,30.0,0.13475294,2,0,1.0,7.0,-257.0,0.0,-793.0,5242.4604,-7741.0,995463.0,302.0,11781.0,0.0,0.37987128,0.0,1.0553899,0.0,8.0,19844.984,19844.686,774.7538,3.3333333,2529.067,431962.28,0.0,2880184.5,19845.045,0.0,-6.0,0.010643,15.13074,0.85714287,0.0,1,-728.6427,307208.47,0.07275849,17.0,0.0,2,0.8679975,0,0.0768,0.0,0.0,0,0.0,0.0,0.0,0.0,0.9767,0.375,1.0,0.0,12,0.0,0.0,0.0,0.0,1,0.0,0.0,1.0,0.0,0.0625,0.0617,0.0,0.0,0.0
0.35233998,0.17049967,0.28793797,0.0482626,-1294.0,40995.0,0.38636363,0,17.5,-512.0,420876.4,0.5662409,26.0,0.31413794,69,0,0.97727275,47.0,-512.0,0.375,-1863.5555,217.125,-7566.0,130941.28,-970.0,0.0,0.08510638,0.15363505,0.0,0.9003331,135.9583,37.0,9565.373,2674.845,156.0,14.977273,868.5,473546.84,0.0,442464.72,6255.36,0.0,-675.6667,0.010032,15.13074,0.9148936,0.8333333,0,-943.0,237744.0,0.007118937,7.5,3307.32,2,0.8938148,1,0.1265,0.25,0.0,0,12823.701,0.125,0.25,0.5,0.9891,0.18241975,0.25,0.0,2,0.125,0.0,0.055555556,0.0,1,0.25,0.0,0.125,0.0,0.031976894,0.1239,0.0,0.0,0.0
0.39621958,0.61710244,0.5021294,0.03982759,-2011.0,30478.5,0.0,1,8.0,-103.0,154979.73,0.5662409,12.061121,0.25085184,-40,0,1.0,16.0,-28.0,0.625,-456.5,10009.5,-9639.0,106327.5,-73.0,0.0,0.0,0.15876935,-840.0,0.94652265,0.0,19.0,10331.982,4433.76,-44.0,6.5333333,2529.067,199749.67,0.0,262512.75,7975.035,0.375,-13.0,0.008625,15.13074,0.9375,0.6666667,1,-350.0,1984.5,0.0014473544,14.125,0.0,2,0.9099181,1,0.0585,0.0,0.0,0,0.0,0.25,0.75,0.25,0.9846,0.6130952,0.125,0.0,15,0.125,0.0,0.33333334,0.125,1,0.0,0.0,0.125,0.125,0.0,0.0117,0.0,0.0,0.5
0.73381454,0.6614463,0.5021294,0.05,-5618.0,13500.0,0.0,0,10.0,-357.0,221690.25,0.5662409,14.0,0.13636364,115,0,1.0,32.0,-327.0,0.0,-1699.8334,5242.4604,-600.0,106864.875,713.0,10147.5,0.0,0.36666667,-1454.0,1.0190082,0.0,55.0,7644.491,2572.785,-890.0,15.689655,2529.067,68948.664,0.0,240046.5,7399.605,0.33333334,-60.0,0.018029,15.13074,0.90625,0.6666667,0,-728.6427,21840.5,0.009259773,10.333333,0.0,3,0.8679975,1,0.1485,0.0,0.0,1,0.0,0.0,0.33333334,0.0,0.9901,0.4571111,0.33333334,0.0,7,0.33333334,0.0,0.5,0.0,1,0.33333334,0.33333334,0.0,0.0,0.014199425,0.2491,0.0,0.0,0.33333334
0.3539876,0.6106597,0.5021294,0.05132,-2793.0,34641.0,0.54545456,0,18.8,-22.0,1225649.6,0.5662409,11.0,0.11843077,-43,0,0.92727274,55.0,-31.0,0.125,-808.5714,5242.4604,-284.0,448836.56,-6.0,6750.0,0.12727273,0.43333334,-173.0,0.8912949,244.50545,56.0,22284.54,3.6,1435.0,16.49091,2529.067,506851.47,0.0,803256.75,12951.801,0.5,-14.142858,0.028663,15.13074,0.96363634,0.5,0,-173.0,385336.0,0.018907141,11.5,3358.35,2,0.7163324,1,0.1025479,0.0,0.0,0,0.0,0.0,0.25,0.375,0.9777348,0.4571111,0.25,0.0,11,0.125,0.071428575,0.14285715,0.25,1,0.0,0.25,0.0,0.25,0.014199425,0.06633385,0.0,0.125,0.25
0.6561584,0.70524335,0.80294514,0.06149514,-2384.1423,25060.5,0.4728261,1,15.777778,-216.0,2414949.0,0.72727275,12.061121,0.11138,-106,0,0.9836956,117.0,-16.0,0.07692308,-975.625,0.0,-10933.0,265970.25,-111.0,12510.0,0.0,0.55212015,-1879.0,0.8315569,173.94995,33.0,13124.723,1.755,10523.0,3.6032608,0.0,439360.66,0.0,360800.44,12802.16,0.07692308,-34.5,0.01885,1.3818182,0.94871795,0.5,0,-551.0,175192.92,0.08833643,14.923077,10700.415,2,0.9486633,0,0.0693,0.07692308,1.0,0,0.0,0.15384616,0.3846154,0.46153846,0.9771,0.45923313,0.07692308,0.0,17,0.0,0.0,0.25,0.30769232,0,0.46153846,0.0,0.0,0.0,0.0,0.06633385,0.008547009,0.07692308,0.07692308
0.5567274,0.2779124,0.38023555,0.05262183,-817.0,25569.0,0.9,1,10.0,-223.0,132283.89,0.5662409,12.061121,0.14205,91,1,0.9,12.0,-50.0,0.0,-690.7143,5242.4604,-1422.0,0.0,1603.0,5620.5,0.0,0.37044582,-79.0,1.0070864,642.258,40.0,13228.389,4.68,1280.0,17.2,2529.067,143514.3,0.0,326799.0,7865.115,0.33333334,-25.0,0.006852,15.13074,0.75,0.71428573,0,-728.6427,38088.0,0.00015065118,13.666667,6417.9,3,0.8679975,1,0.0053,0.0,1.0,0,12823.701,0.0,0.6666667,0.0,0.9762,0.4571111,0.33333334,0.0,6,0.33333334,0.0,0.2857143,0.0,1,0.33333334,0.6666667,0.33333334,0.0,0.014199425,0.0038,0.083333336,0.0,0.33333334
0.37740424,0.53746724,0.8153567,0.054534655,-1050.0,24786.0,9.288462,1,12.0,-301.0,1061637.9,0.48958334,12.061121,0.22032,-82,0,0.9326923,9.0,-16.0,0.16666667,-1303.25,90.0,-326.0,156334.5,-1395.0,11083.136,0.0,0.24752475,-372.0,0.84888005,297.0926,30.0,10208.057,0.045,-134.0,4.355769,90.0,432020.34,0.0,301548.94,22925.025,0.0,-425.2,0.018801,1.2,0.8888889,0.375,1,-316.0,553736.8,0.00044786665,12.166667,6525.0,2,0.83472455,1,0.0416,0.0,1.0,0,0.0,0.16666667,0.75,0.16666667,0.994,0.45793477,0.25,0.0,11,0.0,0.0,0.25,0.41666666,0,0.0,0.0,0.25,0.0,0.024404762,0.0681,0.0,0.083333336,0.0
0.5814837,0.03352133,0.5021294,0.036151964,-2384.1423,20164.5,0.0,0,16.666666,-483.0,247652.14,0.5662409,12.061121,0.4481,34,0,1.0,35.0,-48.0,0.0,-877.4,0.0,-5609.0,129219.086,1343.0,4230.0,0.0,0.080678344,-2006.0,0.95330113,0.0,29.0,7504.6104,4993.875,542.0,19.181818,0.0,77924.664,0.0,192282.61,8799.345,0.5,-19.0,0.020246,15.13074,0.94285715,0.8,0,-728.6427,307208.47,0.0041813906,7.75,0.0,3,0.8679975,1,0.1025479,0.0,0.0,0,0.0,0.0,0.5,0.0,0.9777348,0.4571111,0.0,0.0,12,0.25,0.0,0.4,0.0,0,0.25,0.5,0.0,0.0,0.014199425,0.06633385,0.0,0.0,0.0
0.5108563,0.5362928,0.5021294,0.055965126,-494.0,58347.0,0.7,0,9.0,-515.0,238633.02,0.5662409,12.0,0.48022223,33,0,0.9,20.0,-540.0,0.0,-713.4,801.0,-4653.0,87118.99,579.0,4950.0,0.25,0.11654005,-721.0,0.9728127,472.23676,35.0,11931.651,1162.125,-706.0,7.35,0.0,65522.0,0.0,199945.34,17551.328,0.5,-415.0,0.015221,15.13074,0.95,0.4,1,-728.6427,1.3333334,0.009767341,12.0,3510.45,2,0.8679975,1,0.1025479,0.0,0.0,0,4801.68,0.25,0.25,0.0,0.9777348,0.3077647,0.25,0.0,9,0.25,0.0,0.4,0.25,1,0.0,0.25,0.25,0.25,0.0,0.06633385,0.0,0.0,0.25
0.5108563,0.41022435,0.63858384,0.09759699,-2051.0,71095.5,0.0,1,10.5,-416.93738,1097809.9,0.5662409,12.061121,0.5266333,-44,1,1.0,39.0,-226.0,0.0,-1083.0499,5242.4604,-602.0,160390.22,1011.9233,8680.5,0.0,0.18532246,-1.0,1.0091643,0.0,23.0,33266.965,6837.57,774.7538,13.575758,2529.067,431962.28,0.0042077564,378081.47,25991.617,0.25,-132.19705,0.009175,15.13074,0.8717949,0.58311266,1,-728.6427,307208.47,0.0014473556,13.5,0.0,2,0.8679975,1,0.0576,0.0,0.0,0,12823.701,0.0,0.25,0.5,0.9886,0.4571111,0.0,49.54514,12,0.25,0.014233142,0.23965093,0.25,0,0.75,0.0,0.25,0.0,0.014199425,0.0,0.025641026,0.0,0.0
0.35069585,0.44952363,0.5021294,0.054497585,-9269.0,28408.5,1.1935484,1,6.0,-114.0,451968.66,3.2,12.061121,0.13152084,-37,0,0.9354839,13.0,-18.0,0.0,-390.0,5242.4604,-8486.0,79796.25,416.0,13500.0,0.0,0.41436464,-499.0,1.0024958,1955.8204,14.0,14579.634,0.27,774.7538,2.967742,2529.067,431962.28,0.0,80408.25,23825.97,0.0,-7.0,0.00823,10.233334,0.9230769,0.0,1,-728.6427,152352.0,1.2457324e-05,12.0,32494.186,2,0.8679975,1,0.1025479,0.0,0.0,0,0.0,0.0,1.0,0.0,0.9777348,0.4571111,0.0,0.0,11,0.33333334,0.0,0.5,0.0,1,0.33333334,0.0,0.0,0.0,0.014199425,0.06633385,0.0,0.0,0.33333334
0.5208976,0.67398703,0.53632873,0.07901,-3037.0,35554.5,0.0,0,12.0,-32.0,228997.89,0.5662409,18.0,0.15492156,-100,0,1.0,14.0,-1497.0,0.6666667,-714.4286,0.0,-7017.0,92247.516,4.0,0.0,0.0,0.51,-1852.0,0.9273363,0.0,14.0,19083.158,19081.035,368.0,9.25,0.0,55261.0,0.0,401142.84,19081.035,0.33333334,-17.25,0.003818,15.13074,0.85714287,0.42857143,1,-639.0,147999.33,0.0047296197,7.0,0.0,2,0.8632626,1,0.0056,0.0,0.0,0,138.42,0.0,0.6666667,0.33333334,0.9791,0.5661908,0.0,0.0,12,0.33333334,0.0,0.2857143,0.0,1,0.6666667,0.0,0.0,0.0,0.0,0.06633385,0.071428575,0.0,0.6666667
0.6058363,0.26225838,0.37297636,0.06978164,-3287.0,49900.5,0.29508197,0,7.6,-198.0,962337.3,0.4225352,12.061121,0.31682858,50,0,1.1038977,40.0,-31.0,0.14285715,-1100.375,5242.4604,-2926.0,51284.812,-155.0,45000.0,0.0,0.22025046,-2357.0,1.1248622,248.41623,33.0,7888.0107,84.105,-172.0,3.6311476,2529.067,637036.7,0.0,154633.5,9828.657,0.14285715,-65.666664,0.031329,10.037363,0.9,0.625,1,-2357.0,122384.336,0.44042364,13.857142,9200.61,2,1.856192,0,0.0494,0.0,1.0,0,0.0,0.0,0.2857143,0.14285715,0.9757,0.4571111,0.14285715,0.0,11,0.14285715,0.0,0.25,0.0,0,0.42857143,0.14285715,0.2857143,0.0,0.014199425,0.055,0.025,0.0,0.0
0.5108563,0.3272283,0.54522556,0.04703207,-890.0,14611.5,2.0714285,1,12.0,-416.93738,191976.75,0.5662409,12.061121,0.10823333,-57,1,0.85714287,12.0,-1416.0,0.5,-1083.0499,5242.4604,-6168.0,160390.22,1011.9233,13500.0,1.0,0.43454328,-64.0,1.0082895,2286.3022,91.0,13712.625,333.54,774.7538,18.071428,2529.067,431962.28,0.0042077564,378081.47,16004.115,0.75,-132.19705,0.04622,15.13074,1.0,0.58311266,1,-1442.0,307208.47,3.053997e-05,17.5,15670.575,1,1.0110306,0,0.049,0.0,0.0,0,12823.701,0.0,0.5,0.5,0.9777348,0.4571111,0.0,49.54514,19,0.25,0.014233142,0.23965093,0.5,1,0.0,0.25,0.25,0.0,0.014199425,0.06633385,0.0,0.0,0.0
0.47764915,0.6758198,0.5021294,0.028951634,-4429.0,12541.5,1.0654914,1,13.592881,-416.93738,678578.9,0.5662409,12.061121,0.1858,-110,0,1.3829919,29.516104,-327.7884,0.1108971,-1596.2,5242.4604,-2397.0,0.0,1011.9233,11083.136,0.21486607,0.15582149,-1332.0,0.96875226,-363.87296,37.84903,18754.361,5198.1606,-408.0,12.26564,2529.067,713741.2,0.0,80082.9,13925.762,0.23777755,-132.19705,0.02461,15.13074,0.90468615,1.0,1,-728.6427,307208.47,0.07275849,12.661583,6724.2266,2,0.8679975,1,0.1025479,0.068525076,0.0,0,12823.701,0.080552734,0.47940668,0.2845134,0.9777348,0.4571111,0.21002875,0.0,16,0.35041127,0.0,0.0,0.14514303,1,0.25491133,0.2090302,0.14553413,0.027647203,0.014199425,0.06633385,0.010587371,0.053136926,0.14762497
0.41184855,0.51911575,0.228271,0.07920075,-233.0,53671.5,0.36,0,5.3333335,-367.0,1246668.0,0.21428572,13.0,0.36142424,16,0,1.191935,21.0,-249.0,0.33333334,-1427.3334,5242.4604,-2482.0,200167.5,1460.0,22500.0,0.0,0.21913515,-693.0,1.0923938,-7832.9556,19.0,49866.72,2.295,-559.0,3.52,2529.067,1084864.5,0.0,895500.0,40092.887,0.16666667,-8.0,0.009549,0.5661765,0.85714287,0.6666667,0,-239.0,307208.47,0.09335178,14.0,2247.705,2,0.8938148,1,0.1025479,0.0,0.0,0,0.0,0.33333334,0.5,0.16666667,0.9777348,0.18803419,0.5,0.0,17,0.0,0.0,0.0,0.5,0,0.0,0.16666667,0.16666667,0.16666667,0.0,0.06633385,0.0,0.0,0.33333334
0.13510601,0.28589788,0.5021294,0.055837657,-683.0,40675.5,0.0,1,6.0,-116.0,67179.734,0.5662409,22.0,0.20086667,120,1,1.0,7.0,-292.0,0.0,-243.0,3747.69,-6178.0,22993.83,-6.0,0.0,0.0,0.2779837,-462.0,1.0,0.0,29.0,11196.622,11194.785,774.7538,15.0,3747.69,431962.28,0.0,138285.0,11196.99,1.0,-18.0,0.018634,15.13074,0.85714287,0.0,1,-728.6427,16257.0,0.07275849,13.0,0.0,2,0.8679975,0,0.1025479,0.0,0.0,0,0.0,0.0,1.0,0.0,0.9777348,0.4571111,0.0,0.0,12,1.0,0.0,0.33333334,0.0,1,0.0,0.0,0.0,0.0,0.014199425,0.06633385,0.0,0.0,0.0
0.26224896,0.61979085,0.36477795,0.06743945,-137.0,14085.0,1.5932204,0,18.0,-148.0,1086969.9,0.5662409,12.061121,0.10433333,-110,0,0.7627119,46.0,-7.0,0.5,-148.0,5242.4604,-8323.0,86206.5,958.0,3825.0,0.45652175,0.64638454,-1596.0,0.8843391,5914.048,31.0,18423.219,5.94,774.7538,7.6949153,2529.067,431962.28,0.0,90000.0,18219.15,0.8333333,-3.0,0.007305,15.13074,0.9782609,0.0,1,-1878.0,307208.47,0.013490182,12.0,31265.55,3,0.82205296,0,0.1025479,0.0,0.0,0,0.0,0.0,0.16666667,0.8333333,0.9777348,0.4571111,0.16666667,0.0,10,0.16666667,0.0,1.0,0.6666667,1,0.0,0.16666667,0.0,0.6666667,0.014199425,0.06633385,0.0,0.16666667,0.0
0.5108563,0.33524495,0.5021294,0.07371202,-2384.1423,10044.0,0.0,1,21.0,-416.93738,259807.77,0.5662409,12.061121,0.1488,89,0,1.5361744,13.0,-36.0,0.0,-1083.0499,5242.4604,-8100.0,160390.22,1011.9233,11083.136,0.0,0.4953765,-1263.0,0.9156569,-5582.8125,16.0,16237.985,9389.205,774.7538,12.75,2529.067,431962.28,0.0042077564,378081.47,11601.585,0.5,-132.19705,0.020246,15.13074,0.9230769,0.58311266,0,-728.6427,307208.47,0.005490948,11.0,0.0,3,0.8679975,0,0.0762,0.0,0.0,0,12823.701,0.5,0.0,1.0,0.9886,0.4571111,0.0,49.54514,5,0.5,0.014233142,0.23965093,0.0,0,0.5,0.0,0.0,0.0,0.014199425,0.0786,0.0,0.0,0.0
0.48665315,0.44943705,0.3109926,0.042515,-1342.0,38263.5,1.074074,1,13.333333,-371.0,417366.44,0.5662409,13.0,0.212575,31,1,0.7407407,44.0,-434.0,0.0,-715.0,0.0,-7412.0,33862.5,93.0,33070.5,0.0,0.2,-1501.0,1.0114872,2321.4016,30.0,7729.0083,4.05,-130.0,7.703704,0.0,431962.28,0.0,322868.03,10607.04,0.25,-21.333334,0.04622,15.13074,0.9318182,0.25,1,-728.6427,47742.332,0.011588977,12.75,16015.86,1,0.8679975,1,0.1025479,0.0,0.0,0,0.0,0.0,0.25,0.75,0.9777348,0.4571111,0.25,0.0,16,0.25,0.0,0.0,0.0,0,0.25,0.25,0.25,0.0,0.014199425,0.06633385,0.022727273,0.0,0.5
0.53348166,0.6873137,0.5021294,0.05,-5555.0,22500.0,0.056737587,1,12.727273,-375.0,3646203.0,0.5662409,3.0,0.0625,-68,1,0.9858156,149.0,-98.0,0.26666668,-1119.7693,0.0,-8210.0,185583.0,386.0,104535.0,0.0067114094,0.8,-1665.0,1.0178918,319.6104,30.0,25859.596,9.585,792.0,4.496454,2529.067,559214.6,0.0,526569.25,24269.94,0.4,-4.5,0.02461,15.13074,0.8791946,0.84615386,0,-602.0,48050.0,0.013243416,12.266666,22635.81,2,0.93518543,1,0.1038,0.0,0.0,1,12823.701,0.2,0.73333335,0.26666668,0.9856,0.4571111,0.26666668,0.0,11,0.06666667,0.0,0.0,0.2,1,0.33333334,0.13333334,0.13333334,0.26666668,0.014199425,0.0252,0.060402684,0.0,0.13333334
0.5108563,0.6994008,0.5021294,0.07898181,-2770.0,10863.0,0.6097561,1,5.6666665,-416.93738,512530.97,0.115384616,12.061121,0.2414,0,0,1.0,20.0,-608.0,0.0,-1083.0499,5242.4604,-11779.0,160390.22,1011.9233,2025.0,0.5,0.3271823,-1432.0,0.65899813,0.0,29.0,6250.3774,193.545,774.7538,5.243902,2529.067,431962.28,0.0042077564,378081.47,5953.215,0.33333334,-132.19705,0.004849,0.40993184,0.9,0.58311266,1,-728.6427,307208.47,0.33188874,12.666667,0.0,2,0.8679975,1,0.1025479,0.0,0.0,0,12823.701,0.0,1.0,0.0,0.9777348,0.4571111,0.0,49.54514,10,0.33333334,0.014233142,0.23965093,0.33333334,1,0.33333334,0.0,0.0,0.0,0.014199425,0.06633385,0.0,0.0,0.6666667
0.5954562,0.74528444,0.5021294,0.02638,-374.0,17806.5,0.0,0,0.0,-514.0,212338.08,0.06329114,3.0,0.09421428,-3,0,1.0,9.0,-9.0,0.6666667,-716.0,0.0,-220.0,120414.6,515.0,11083.136,0.0,0.28,-2416.0,0.62010694,0.0,39.0,2469.0474,197.955,714.0,1.0348837,2529.067,30805.334,0.0,1654079.4,9000.0,0.0,-52.5,0.028663,0.3125,0.8888889,0.6,0,-1060.0,318402.0,0.29327703,9.333333,0.0,2,0.8603208,1,0.0822,0.0,0.0,0,0.0,0.0,0.33333334,0.6666667,0.9995,0.4571111,0.0,0.0,11,0.0,0.2,0.2,0.0,1,0.6666667,0.0,0.33333334,0.0,0.014199425,0.0628,0.0,0.0,0.0
0.36394525,0.7000073,0.7683772,0.05,-837.0,22500.0,0.0,0,6.0,-465.0,341644.62,0.5662409,1.0,0.125,27,0,1.0,48.0,-30.0,0.0,-893.0,7355.295,-2506.0,120987.4,988.0,67500.0,0.0,0.4,-1201.0,1.7520496,0.0,32.0,11780.85,5730.525,718.0,10.310345,14710.59,351958.9,0.0,726844.06,9956.37,0.375,-330.0,0.035792,15.13074,0.8541667,0.6666667,0,-728.6427,26680.5,0.21922404,14.875,0.0,2,0.8679975,1,0.0446,0.0,0.0,1,0.0,0.0,0.25,0.125,0.9826,0.4571111,0.0,0.0,12,0.125,0.0,0.16666667,0.5,0,0.375,0.375,0.0,0.0,0.014199425,0.055,0.0,0.0,0.0
0.5108563,0.6157788,0.4902386,0.02937619,-4002.0,27760.5,0.07920792,0,5.8,-416.93738,222567.03,0.041666668,12.061121,0.17625715,112,0,0.980198,25.0,-15.0,0.0,-1083.0499,5242.4604,-2263.0,160390.22,1011.9233,22500.9,0.0,0.16666667,-1792.0,1.3776841,71.761185,103.0,2203.634,33.48,774.7538,8.118812,2529.067,431962.28,0.0042077564,378081.47,4772.304,0.2,-132.19705,0.015221,0.10843374,0.92,0.58311266,1,-728.6427,307208.47,0.6916164,12.2,3220.02,2,0.8679975,1,0.1025479,0.0,0.0,0,12823.701,0.0,0.4,0.6,0.9777348,0.4571111,0.2,49.54514,8,0.2,0.014233142,0.23965093,0.0,1,0.4,0.2,0.2,0.0,0.014199425,0.06633385,0.0,0.0,0.4
0.8050197,0.67289054,0.5021294,0.04261689,-2144.0,22099.5,0.024793388,1,15.428572,-2316.0,3050948.2,0.79310346,12.061121,0.09444231,-105,0,1.1133051,64.0,-21.0,0.1,-2225.3333,0.0,-1628.0,0.0,-1280.0,1260.0,0.0,0.45124787,-994.0,0.69727117,-1797.4744,31.0,25214.45,0.36,-904.0,4.801653,0.0,371848.66,0.0,168374.25,16788.08,0.1,-651.5,0.022625,1.8064516,0.921875,0.6666667,1,-515.0,2888.0,0.18683346,14.8,0.0,2,0.896459,0,0.0063,0.0,0.0,0,148500.0,0.2,0.6,0.4,0.9692,0.4571111,0.1,0.0,16,0.1,0.0,0.16666667,0.4,1,0.4,0.0,0.2,0.0,0.014199425,0.06633385,0.015625,0.1,0.0
0.5108563,0.21967748,0.5021294,0.038909294,-1188.0,31464.0,0.0,1,36.0,-416.93738,596995.0,0.5662409,12.061121,0.17928205,-94,0,1.0,6.0,-376.0,0.6666667,-1083.0499,5242.4604,-719.0,160390.22,1011.9233,11083.136,0.0,0.21702838,-489.0,0.93122905,0.0,15.0,149248.75,27926.596,774.7538,11.75,2529.067,431962.28,0.0042077564,378081.47,27926.596,0.0,-132.19705,0.002042,15.13074,0.6666667,0.58311266,1,-201.0,307208.47,0.0038920022,14.666667,0.0,3,0.9154156,1,0.1025479,0.0,0.0,0,12823.701,1.0,0.33333334,0.33333334,0.9777348,0.4571111,0.6666667,49.54514,12,0.33333334,0.014233142,0.23965093,0.0,1,0.33333334,0.0,0.0,0.0,0.014199425,0.06633385,0.16666667,0.0,0.33333334
0.050631512,0.395517,0.149261,0.054663993,-1183.0,17167.5,1.625,0,12.0,-105.0,78066.31,0.5662409,12.061121,0.1526,105,0,0.6875,12.0,-287.0,0.5,-270.75,5242.4604,-6495.0,32903.03,260.0,11083.136,0.25,0.3582175,-604.0,0.9085301,2042.6062,32.0,4879.1445,427.32,-58.0,9.375,2529.067,5408.0,0.0,75235.5,6536.34,0.25,-49.0,0.008866,15.13074,0.9166667,0.5,1,-218.0,8844.5,0.016733482,15.5,6109.02,2,1.0,0,0.077,0.0,0.0,0,2253.87,0.5,1.0,0.0,0.9881,0.7706981,0.0,0.0,10,0.5,0.0,0.25,0.0,1,0.0,0.0,0.0,0.0,0.035714287,0.0,0.0,0.0,0.5
0.85282844,0.5245613,0.5021294,0.042489316,-3267.0,45729.0,0.0,1,8.0,-416.93738,371707.28,0.5662409,12.061121,0.5081,96,0,1.0,15.0,-457.0,0.0,-1083.0499,5242.4604,-4129.0,160390.22,1011.9233,9000.0,0.0,0.08362392,-2196.0,1.1296353,0.0,72.0,26550.521,5935.725,774.7538,21.071428,2529.067,431962.28,0.0042077564,378081.47,19862.348,0.5,-132.19705,0.008625,15.13074,0.93333334,0.58311266,1,-728.6427,307208.47,0.033610623,14.5,0.0,2,0.8679975,1,0.0673,0.0,0.0,0,12823.701,0.0,0.5,0.0,0.9757,0.4571111,0.5,49.54514,11,0.5,0.014233142,0.23965093,0.0,1,0.0,0.5,0.0,0.0,0.014199425,0.0587,0.0,0.0,0.5
0.5108563,0.32815328,0.18993014,0.11868,-1865.0,26703.0,0.5714286,0,8.0,-375.0,584454.2,0.0,12.061121,0.14835,-27,0,1.0,18.0,-26.0,0.44444445,-584.0,0.0,-7891.0,787.5,1393.0,11083.136,0.0,0.8,-1441.0,0.80310035,0.0,13.0,13915.576,1.485,-765.0,3.6666667,2529.067,431962.28,0.0,11250.0,15424.47,0.33333334,-62.0,0.018801,184.89091,1.0,0.5,0,-796.0,307208.47,0.13412687,12.666667,0.0,2,0.0,0,0.0426,0.0,0.0,0,12823.701,0.44444445,0.44444445,0.5555556,0.9767,0.86752135,0.0,0.0,14,0.0,0.0,0.5,0.22222222,1,0.22222222,0.0,0.33333334,0.11111111,0.0,0.06633385,0.0,0.0,0.0
0.5108563,0.54832554,0.09148426,0.11990677,-218.0,12501.0,0.0,0,8.0,-365.0,118373.85,0.5662409,23.0,0.108941175,-78,1,1.0,13.0,-60.0,0.5714286,-365.0,0.0,-7685.0,700429.5,1096.0,40500.0,0.0,1.100656,-453.0,1.2465415,0.0,60.0,13152.65,5694.525,774.7538,29.333334,0.0,431962.28,0.0,787500.0,5482.92,0.42857143,-28.0,0.01452,15.13074,0.6923077,0.0,1,-379.0,307208.47,0.6085998,10.714286,0.0,2,0.87094176,0,0.1025479,0.14285715,0.0,0,0.0,0.0,0.2857143,0.71428573,0.9777348,0.625,0.0,0.0,13,0.14285715,0.0,0.0,0.42857143,1,0.42857143,0.14285715,0.14285715,0.0,0.0,0.06633385,0.07692308,0.0,0.0
0.29708663,0.4659032,0.5021294,0.06681736,-556.0,13302.0,0.2857143,1,8.0,-1026.0,300686.94,0.5662409,12.061121,0.11824,44,0,0.9285714,15.0,-147.0,0.0,-1026.0,5242.4604,-1547.0,779625.0,794.0,0.0,0.0,0.5650995,-1243.0,0.96615636,1398.51,30.0,21477.639,93.42,774.7538,12.857142,2529.067,431962.28,0.0,1732500.0,19112.445,0.5,-14.0,0.020246,15.13074,0.8666667,0.0,1,-728.6427,307208.47,0.0022907825,11.5,19485.72,3,0.8679975,0,0.1025479,0.0,1.0,0,0.0,0.0,0.5,0.0,0.9777348,0.4571111,0.0,0.0,11,0.5,0.0,0.0,0.0,1,0.5,0.5,0.5,0.0,0.014199425,0.06633385,0.0,0.0,0.0
0.31391668,0.6261391,0.23369096,0.048299126,-906.0,32278.5,0.0,1,6.0,-234.0,154582.92,0.5662409,12.061121,0.19386487,3,1,1.0,12.0,-29.0,0.0,-1011.5,4260.0,-4044.0,355995.75,69.0,0.0,0.0,0.24913812,-388.0,0.9522393,0.0,12.0,12881.91,12874.815,-625.0,7.3333335,0.0,1791724.5,0.0,569723.25,13191.277,0.0,-29.0,0.019101,0.0,0.9166667,0.33333334,0,-728.6427,138726.0,0.004562172,13.333333,0.0,2,0.8679975,1,0.1025479,0.33333334,0.0,0,0.0,0.0,0.6666667,0.33333334,0.9777348,0.4571111,0.0,0.0,9,0.33333334,0.0,0.33333334,0.0,1,0.0,0.0,0.0,0.0,0.014199425,0.06633385,0.0,0.0,0.0
0.5108563,0.39603993,0.30638433,0.067074746,-1384.0,35109.0,0.37037036,0,19.333334,-416.93738,237563.23,0.5662409,12.061121,0.30007693,60,0,0.9259259,26.0,-31.0,0.0,-1083.0499,5242.4604,-930.0,160390.22,1011.9233,0.0,0.0,0.22352517,-661.0,0.8963089,470.27667,32.0,8798.639,80.955,774.7538,10.407408,2529.067,431962.28,0.0042077564,378081.47,8152.98,0.33333334,-132.19705,0.018029,15.13074,0.96153843,0.58311266,1,-728.6427,307208.47,1.35003775e-05,11.333333,6267.78,3,0.8679975,0,0.1243,0.6666667,0.0,0,12823.701,0.0,0.6666667,0.0,0.9796,0.4571111,0.0,49.54514,7,0.6666667,0.014233142,0.23965093,0.0,1,0.0,0.33333334,0.0,0.0,0.014199425,0.06633385,0.0,0.0,0.0
0.3740208,0.4283036,0.2832543,0.05,-728.0,9000.0,0.0,1,11.0,-85.0,98299.03,0.5662409,12.061121,0.025974026,-120,0,1.0,16.0,-25.0,0.0,-219.0,0.0,-1028.0,14562.96,80.0,5697.0,0.0,1.925,-463.0,1.0025007,0.0,38.0,6553.269,6066.45,774.7538,16.866667,0.0,431962.28,0.0,26905.5,6398.7075,0.5,-10.333333,0.018634,15.13074,0.9375,0.0,0,-728.6427,17067.0,1.2505954e-05,13.0,0.0,2,0.8679975,0,0.1025479,0.0,0.0,1,1817.7,0.0,1.0,0.0,0.9777348,0.4571111,0.5,0.0,14,0.5,0.0,0.33333334,1.0,1,0.0,1.0,0.0,0.0,0.014199425,0.06633385,0.0,0.0,0.0
0.8128226,0.61765516,0.5021294,0.044276275,-2384.1423,24696.0,0.0,1,24.285715,-416.93738,1804389.8,0.5662409,12.061121,0.10976,-79,0,1.1107031,85.0,-18.0,0.16666667,-2086.0,5242.4604,-3264.0,0.0,1011.9233,14881.5,0.0,0.40339172,-1719.0,0.9465192,-1084.3374,30.0,21739.635,611.01,-1718.0,12.722892,2529.067,72200.0,0.0,43514.55,23136.59,0.0,-132.19705,0.025164,15.13074,0.9647059,1.0,0,-207.0,307208.47,0.008140615,9.333333,0.0,2,0.92666346,1,0.1025479,0.0,0.0,0,12823.701,0.0,0.33333334,0.33333334,0.9777348,0.50841343,0.5833333,0.0,8,0.083333336,0.0,0.0,0.25,0,0.083333336,0.0,0.41666666,0.0,0.0,0.06633385,0.0,0.33333334,0.083333336
0.5814837,0.70301104,0.5021294,0.036036,-230.0,40540.5,0.12631579,0,16.0,-366.0,5512243.5,0.7,6.0,0.15015,57,0,0.9894737,49.0,-165.0,0.18181819,-1330.2222,11308.5,-76.0,0.0,31060.0,7514.55,0.0,0.24,-1710.0,0.8635429,218.09322,29.0,58023.613,0.675,10360.0,6.610526,2529.067,793665.06,0.0,819567.0,40003.613,0.09090909,-26.0,0.028663,2.837931,0.8979592,0.8888889,1,-532.0,307208.47,0.106307335,13.0,13500.0,2,0.91986203,1,0.1025479,0.0,0.0,0,0.0,0.0,0.54545456,0.36363637,0.9777348,0.4571111,0.27272728,0.0,9,0.09090909,0.0,0.44444445,0.09090909,1,0.36363637,0.0,0.09090909,0.09090909,0.014199425,0.06633385,0.0,0.18181819,0.09090909
0.57796913,0.73416233,0.5021294,0.051282052,-1458.0,29988.0,0.0,0,48.0,-423.0,2307789.8,0.5662409,3.0,0.0952,35,0,1.0,19.0,-765.0,0.33333334,-978.4167,4680.0,-9708.0,0.0,1180.0,0.0,0.0,0.53867704,-889.0,0.6666667,0.0,27.0,135752.34,32830.92,1061.0,12.176471,7800.0,164164.94,0.0,1721846.1,40128.21,0.0,-26.333334,0.009175,15.13074,0.8947368,0.75,1,-1387.0,123601.0,0.33333334,11.333333,0.0,2,0.0,1,0.0399,0.0,0.0,0,0.0,1.0,0.33333334,0.33333334,0.9737,0.5439399,0.0,0.0,11,0.33333334,0.0,0.083333336,0.33333334,1,0.6666667,0.0,0.33333334,0.0,0.006993007,0.0882,0.0,0.0,0.33333334
0.7490217,0.7265792,0.5021294,0.03319664,-3788.0,29506.5,0.0,1,10.0,-416.93738,53317.35,0.5662409,12.061121,0.18734285,-46,0,1.2566634,9.0,-346.0,0.0,-1626.4166,0.0,-5610.0,0.0,1011.9233,3775.5,0.0,0.17719725,-574.0,1.11117,-822.14,18.0,5924.15,4691.79,-7.0,14.0,2529.067,640094.44,0.0,94082.08,4691.79,1.0,-132.19705,0.010147,15.13074,0.8888889,1.0,1,-728.6427,307208.47,0.07275849,18.0,0.0,2,0.8679975,0,0.0826,0.0,1.0,0,12823.701,0.0,1.0,0.0,0.9921,0.4571111,0.0,0.0,14,1.0,0.0,0.0,0.0,1,0.0,1.0,0.0,0.0,0.014199425,0.0084,0.0,0.0,0.0
0.41359675,0.53855973,0.5021294,0.065619126,-887.0,16650.0,3.9836066,0,11.2,-11.0,274827.16,0.5662409,12.061121,0.123333335,103,0,0.8360656,53.0,-55.0,0.44444445,-291.0,0.0,-2384.0,18510.0,31.0,4135.5,0.6603774,0.532047,-1164.0,1.0331125,902.39386,44.0,4505.3633,68.94,-285.0,9.934426,0.0,431962.28,0.0,71500.8,5452.155,0.44444445,-15.5,0.006207,15.13074,0.9433962,0.33333334,1,-155.0,34322.0,0.008888173,15.555555,7064.145,2,1.0,1,0.0432,0.0,0.0,0,0.0,0.11111111,0.22222222,0.6666667,0.9727,0.4571111,0.33333334,0.0,11,0.11111111,0.0,0.0,0.0,1,0.11111111,0.22222222,0.22222222,0.0,0.014199425,0.2456,0.0,0.0,0.22222222
0.6127042,0.6999522,0.5021294,0.05454,-1094.0,24543.0,0.64705884,1,20.5,-149.0,235596.78,0.5662409,19.0,0.18806897,-29,0,1.0,18.0,-48.0,0.0,-1327.6666,5025.549,-5739.0,0.0,1487.0,8003.7,0.0,0.29,-2328.0,0.9540497,0.0,28.0,13858.634,5903.28,203.0,9.6470585,0.0,414238.78,0.0,145802.31,19981.598,0.0,-240.5,0.026392,15.13074,0.9444444,0.7619048,1,-728.6427,447683.66,0.00478837,13.5,0.0,2,0.8679975,0,0.1025479,0.0,0.0,0,171130.5,0.0,0.0,0.25,0.9777348,0.4571111,0.25,0.0,11,0.25,0.0,0.1904762,0.75,1,0.75,0.0,0.0,0.0,0.014199425,0.06633385,0.0,0.0,0.0
0.5108563,0.572487,0.41679955,0.094220094,-1550.0,16798.5,3.9629629,1,11.0,-416.93738,248243.22,0.5662409,12.061121,0.12443333,-64,1,0.8148148,24.0,-204.0,0.7777778,-1083.0499,5242.4604,-5973.0,160390.22,1011.9233,8190.0,0.0,0.7571933,-1532.0,1.0427296,2959.5833,13.0,9194.193,2.25,774.7538,5.5925927,2529.067,431962.28,0.0042077564,378081.47,10823.85,0.0,-132.19705,0.025164,15.13074,0.9166667,0.58311266,1,-92.0,307208.47,0.0024789649,14.555555,15979.5,2,1.0,0,0.4415,0.0,0.0,0,12823.701,0.0,0.8888889,0.0,0.993,0.4571111,0.5555556,49.54514,12,0.11111111,0.014233142,0.23965093,0.11111111,0,0.11111111,0.0,0.0,0.0,0.014199425,0.1797,0.0,0.0,0.0
0.20559815,0.56488675,0.5964342,0.06135409,-2384.1423,44694.0,0.0,1,8.0,-262.0,117469.98,0.5662409,31.0,0.13068421,111,0,1.0,8.0,-2577.0,0.4,-1321.3636,0.0,-11714.0,54192.273,208.0,9418.5,0.0,0.46948355,-2790.0,0.9914493,0.0,44.0,16781.426,14728.41,233.0,37.142857,2529.067,365352.9,0.0,238254.55,14728.41,0.0,-26.833334,0.020713,15.13074,0.875,0.72727275,1,-101.0,107578.266,0.018248094,6.8,0.0,3,0.8959294,1,0.1081,0.0,0.0,0,0.0,0.0,1.0,0.0,0.9836,0.24514559,0.4,0.0,10,0.2,0.0,0.3181818,0.2,0,0.0,0.0,0.2,0.0,0.0,0.1345,0.0,0.2,0.4
0.3656165,0.13641931,0.32237685,0.03048555,-210.0,23733.0,0.1,0,12.0,-342.0,62313.164,0.5662409,3.0,0.13185,-115,0,1.0,11.0,-1875.0,0.0,-570.0,0.0,-2301.0,7821.0,1038.0,11250.0,0.0,0.23121387,-30.0,1.1658307,0.0,19.0,6231.3164,5270.85,10366.0,12.8,0.0,431962.28,0.0,515865.38,5270.85,1.0,-30.333334,0.018634,15.13074,1.0,0.25,1,-728.6427,37387.0,0.07275849,15.0,0.0,2,0.8679975,1,0.1205,0.0,0.0,0,0.0,0.0,0.0,0.0,0.9856,0.70454544,0.0,0.0,12,1.0,0.0,0.75,0.0,1,0.0,1.0,0.0,0.0,0.0,0.0814,0.0,0.0,0.0
0.52449644,0.70056266,0.32735354,0.052021958,-1111.0,27931.5,5.6666665,1,13.592881,-416.93738,18587.07,0.5662409,12.061121,0.11285455,70,1,0.8888889,11.0,-2652.0,0.1108971,-1833.5,5242.4604,-2681.0,0.0,1011.9233,11083.136,4.090909,0.46096468,-1.0,0.96875226,255.905,70.0,2065.23,0.45,-427.0,22.88889,2529.067,2198704.5,0.0,175437.0,13925.762,0.23777755,-132.19705,0.031329,15.13074,0.90909094,1.0,1,-728.6427,307208.47,0.07275849,12.661583,2302.695,2,0.8679975,0,0.0924,0.068525076,0.0,0,12823.701,0.080552734,0.47940668,0.2845134,0.9871,0.4571111,0.21002875,0.0,12,0.35041127,0.0,0.0,0.14514303,0,0.25491133,0.2090302,0.14553413,0.027647203,0.014199425,0.088,0.0,0.053136926,0.14762497
0.5108563,0.37059408,0.20097138,0.026794117,-633.0,8199.0,0.5194805,0,12.5,-416.93738,886404.3,1.0,14.0,0.0911,19,0,0.987013,44.0,-13.0,0.0,-1083.0499,5242.4604,-4212.0,160390.22,1011.9233,0.0,0.0,0.29411766,-935.0,0.71051,91.07825,34.0,11511.744,1.305,774.7538,7.3896103,2529.067,431962.28,0.0042077564,378081.47,9899.055,0.0,-132.19705,0.018209,5.242647,0.95454544,0.58311266,1,-728.6427,307208.47,0.22577357,11.8,6975.0,3,0.8679975,1,0.0101,0.0,0.0,0,12823.701,0.2,0.4,0.6,0.9677,0.4571111,0.6,49.54514,15,0.2,0.014233142,0.23965093,0.2,1,0.0,0.0,0.2,0.0,0.014199425,0.0112,0.0,0.0,0.4
0.5108563,0.61673033,0.5021294,0.071857534,-5178.0,12438.0,1.2631578,1,10.0,-416.93738,119256.84,0.5662409,12.061121,0.18426667,-18,0,0.94736844,19.0,-1883.0,0.0,-1083.0499,5242.4604,-8201.0,160390.22,1011.9233,7353.0,0.84210527,0.3899649,-709.0,1.046262,243.49974,62.0,6276.676,513.495,774.7538,13.684211,2529.067,431962.28,0.0042077564,378081.47,5988.1274,0.33333334,-132.19705,0.026392,15.13074,0.94736844,0.58311266,1,-728.6427,307208.47,0.0033486825,16.0,4113.0,2,0.8679975,1,0.0233,0.0,0.0,0,12823.701,0.0,1.0,0.0,0.9881,0.4571111,0.33333334,49.54514,13,0.33333334,0.014233142,0.23965093,0.0,1,0.0,0.6666667,0.33333334,0.0,0.014199425,0.06633385,0.0,0.0,0.0
0.5513813,0.6084061,0.5021294,0.05,-7849.0,10125.0,0.0,1,37.6,-816.0,2160228.2,0.5662409,12.061121,0.05625,79,1,1.0,93.0,-19.0,0.0,-1555.1666,0.0,-10311.0,112448.25,279.0,2700.0,0.0,0.8888889,-736.0,0.90758616,0.0,86.0,23738.773,3683.97,-266.0,6.2197804,2529.067,468730.5,0.0,270059.25,20578.762,0.33333334,-22.0,0.005002,15.13074,0.97849464,0.8333333,0,-728.6427,307208.47,0.015210358,15.166667,0.0,3,0.8679975,0,0.1019,0.16666667,0.0,1,12823.701,0.16666667,0.16666667,0.6666667,0.9692,0.4571111,0.16666667,0.0,16,0.16666667,0.0,0.6666667,0.0,1,0.16666667,0.16666667,0.0,0.16666667,0.014199425,0.0363,0.0,0.16666667,0.16666667
0.47944897,0.6361168,0.30940947,0.0639,-1594.0,8626.5,0.7906977,1,7.3333335,-356.0,318607.47,0.5662409,12.061121,0.07668,19,1,0.95348835,48.0,-77.0,0.0,-806.0,5242.4604,-4190.0,214157.25,1470.0,40500.0,0.25,0.8333333,-1053.0,1.1815262,494.92047,31.0,7409.476,482.76,571.0,9.232558,2529.067,431962.28,0.0,483750.0,7049.04,0.6666667,-28.0,0.018634,15.13074,0.875,0.5,1,-728.6427,307208.47,0.047918107,12.833333,10158.03,2,0.8679975,0,0.1025479,0.0,0.0,0,0.0,0.0,0.6666667,0.0,0.9777348,0.4571111,0.16666667,0.0,14,0.16666667,0.0,0.0,0.0,1,0.16666667,0.5,0.0,0.0,0.014199425,0.06633385,0.041666668,0.0,0.16666667
0.7662337,0.48225832,0.54634756,0.026453847,-452.0,46426.5,0.19354838,1,10.0,-943.0,703066.75,0.025,18.0,0.18758182,-83,1,0.9516129,39.0,-26.0,0.0,-1734.0,4405.545,-2778.0,0.0,-153.0,13196.25,0.051282052,0.14102565,-1510.0,0.76524574,318.67114,56.0,5669.893,4.68,947.0,3.782258,0.0,480376.66,0.0,326139.0,10243.53,0.0,-399.5,0.007305,0.05,0.9230769,0.6666667,0,-728.6427,526338.0,0.2648088,11.0,6616.98,3,0.8679975,1,0.1025479,0.2,0.0,0,38250.0,0.0,0.6,0.0,0.9777348,0.4571111,0.4,0.0,10,0.2,0.0,0.33333334,0.0,0,0.0,0.0,0.2,0.0,0.014199425,0.06633385,0.0,0.0,0.2
0.6212263,0.30935317,0.5695361,0.03226,-9161.0,21775.5,0.0,1,6.0,-52.0,80969.086,0.5662409,12.061121,0.18611538,114,1,1.0,6.0,-1997.0,0.0,-1285.6666,5242.4604,-10078.0,294250.5,456.0,13500.0,0.0,0.17333333,-2173.0,1.1846154,0.0,9.0,13494.848,13474.71,1075.0,5.6666665,2529.067,511354.9,0.0,389976.75,13498.875,0.0,-50.5,0.00963,15.13074,1.0,0.6666667,1,-728.6427,183012.5,0.07275849,13.0,0.0,2,0.8679975,0,0.0731,0.0,0.0,0,0.0,0.0,0.0,1.0,0.9796,0.4571111,0.0,0.0,12,1.0,0.0,0.16666667,1.0,1,1.0,0.0,0.0,0.0,0.014199425,0.0457,0.0,0.0,0.0
0.38591468,0.5204858,0.5021294,0.026488721,-2338.0,31707.0,0.0,1,17.8,-252.0,1402021.4,0.5662409,6.0,0.09942428,82,1,1.1881685,32.0,-959.0,0.11111111,-853.0714,0.0,-5170.0,303021.66,924.0,15291.0,0.0,0.26642105,-1629.0,1.0416733,-1600.225,66.0,51926.715,7353.675,857.0,19.074074,0.0,416827.75,0.0,838278.94,35498.574,0.0,-91.6,0.010006,15.13074,0.84375,0.64285713,1,-90.0,172946.7,0.01041784,14.111111,0.0,2,1.0,1,0.1561,0.11111111,0.0,0,5504.301,0.33333334,0.33333334,0.22222222,0.9856,0.58890367,0.44444445,0.0,13,0.11111111,0.0,0.2857143,0.22222222,0,0.11111111,0.11111111,0.22222222,0.0,0.0,0.0909,0.03125,0.0,0.33333334
0.39621958,0.7445531,0.5021294,0.05725,-2384.1423,5152.5,0.0,1,14.0,-20.0,245564.33,0.5662409,12.061121,0.095416665,80,0,1.0,24.0,-363.0,0.0,-821.7692,0.0,-538.0,19630.5,-1104.0,8685.0,0.0,0.6,-535.0,0.9678784,0.0,22.0,11693.539,5550.885,976.0,12.190476,2529.067,338853.5,0.0,79968.64,7009.661,0.16666667,-577.0,0.035792,15.13074,0.875,0.6923077,0,-728.6427,414424.34,0.0007960458,16.0,0.0,2,0.8679975,0,0.1025479,0.0,0.0,0,12823.701,0.16666667,0.5,0.5,0.9777348,0.4571111,0.0,0.0,15,0.5,0.0,0.07692308,0.33333334,0,0.5,0.0,0.0,0.0,0.014199425,0.06633385,0.0,0.0,0.0
0.62461466,0.74338263,0.4505532,0.029339854,-3296.0,37800.0,0.0,0,7.3333335,-416.93738,337455.72,0.5662409,15.0,0.2625,108,0,1.0,23.0,-400.0,0.0,-1671.3334,0.0,-8419.0,0.0,1011.9233,9000.0,0.0,0.11177087,-2655.0,1.041023,0.0,36.0,16069.32,6324.345,-500.0,15.476191,2529.067,493303.06,0.0,49983.0,14088.255,0.25,-132.19705,0.01885,15.13074,0.9130435,1.0,1,-728.6427,307208.47,0.011039412,16.75,0.0,2,0.8679975,1,0.0446,0.0,0.0,0,12823.701,0.0,0.25,0.25,0.9856,0.4571111,0.75,0.0,11,0.25,0.0,0.0,0.0,1,0.0,0.5,0.0,0.0,0.014199425,0.0202,0.0,0.25,0.0
0.6313545,0.54114544,0.5021294,0.05,-13250.0,10125.0,0.8701299,1,15.6,-350.0,760004.75,0.5662409,12.061121,0.1092233,-66,0,0.8961039,71.0,-21.0,0.0,-1095.3334,5242.4604,-804.0,0.0,1011.9233,5998.5,0.08450704,0.45777777,-1711.0,1.0311512,1250.7979,31.0,9870.191,65.07,-428.0,9.454545,2529.067,190962.0,0.0,150000.0,9466.074,0.4,-9.0,0.00712,15.13074,0.97183096,0.6666667,0,-728.6427,307208.47,0.016363205,11.0,11240.055,2,0.8679975,1,0.1025479,0.0,2.0,1,12823.701,0.0,0.2,0.2,0.9777348,0.4571111,0.6,0.0,8,0.2,0.0,0.33333334,0.4,1,0.0,0.4,0.2,0.0,0.014199425,0.06633385,0.0,0.0,0.0
0.6577838,0.24143541,0.74815077,0.11358771,-2441.0,29605.5,0.3548387,1,10.0,-1687.0,3538611.0,1.12,12.061121,0.164475,97,1,1.0209277,29.0,-29.0,0.0,-1439.0,5242.4604,-7245.0,0.0,-1012.0,0.0,0.0,0.6906077,-305.0,0.61658734,-4181.342,22.0,38049.582,132.165,-194.0,3.7741935,2529.067,167672.0,0.0,114926.234,45469.26,0.25,-40.0,0.035792,11.26,0.9310345,0.8,1,-728.6427,307208.47,0.29077783,17.5,8841.6,2,0.8679975,1,0.1025479,0.0,0.0,0,0.0,0.0,0.75,0.25,0.9777348,0.5097643,0.25,0.0,17,0.25,0.0,0.6,0.25,0,0.0,0.0,0.0,0.25,0.0074074073,0.06633385,0.0,0.0,0.0
0.5108563,0.71062374,0.33938873,0.029417722,-1865.0,20916.0,0.0,0,30.0,-663.0,1784163.8,0.5662409,12.061121,0.15493333,97,1,1.972201,26.0,-47.0,0.4,-1387.5,2992.5,-6332.0,0.0,-86.0,11083.136,0.0,0.18987341,-780.0,0.65404314,-30412.494,31.0,68621.68,7503.345,-1900.0,14.423077,0.0,431962.28,0.0,44805.78,26318.543,0.0,-659.0,0.00733,0.0,1.0,0.5,1,-663.0,307208.47,0.1915226,16.0,0.0,2,0.82564175,1,0.1025479,0.0,0.0,0,0.0,0.2,0.4,0.0,0.9777348,0.4571111,0.6,0.0,17,0.2,0.0,0.0,0.2,1,0.0,0.0,0.0,0.0,0.014199425,0.06633385,0.0,0.0,0.0
0.5744466,0.18371089,0.43965057,0.06721984,-3030.0,21982.5,0.3478261,1,9.333333,-798.0,288251.6,0.5662409,12.061121,0.2123913,-82,0,1.0,24.0,-6.0,0.0,-1261.2,5242.4604,-1021.0,245097.0,13.0,7920.0,0.0,0.31649053,-2425.0,1.0077429,0.0,14.0,12532.678,8571.645,258.0,5.869565,2529.067,33800.0,0.0,423482.4,12102.42,0.25,-26.333334,0.008068,15.13074,0.9583333,0.4,1,-728.6427,23869.0,0.003899832,5.5,0.0,3,0.8679975,1,0.3169,0.0,0.0,0,0.0,0.0,0.25,0.25,0.9876,0.4571111,0.5,0.0,7,0.25,0.0,0.6,0.0,0,0.0,0.0,0.0,0.0,0.014199425,0.0444,0.0,0.25,0.25
0.4188543,0.665265,0.5021294,0.02637914,-1490.0,25740.0,0.15384616,1,12.0,-493.0,200594.7,0.5662409,12.061121,0.1144,-109,0,0.9230769,13.0,-1353.0,0.0,-763.4,11683.5,-4573.0,384599.25,243.0,35991.0,0.0,0.23058689,-1716.0,1.1484449,1283.2616,34.0,15430.361,2414.7,1530.0,10.923077,17525.25,241512.5,0.0,673200.0,16719.3,0.0,-49.333332,0.072508,15.13074,0.9230769,0.4,0,-728.6427,43041.0,0.07275849,14.0,14267.7,1,0.8679975,0,0.1589,0.0,1.0,0,5585.655,0.0,0.0,1.0,0.9836,0.4571111,0.0,0.0,15,1.0,0.0,0.4,0.0,0,1.0,0.0,0.0,0.0,0.014199425,0.1334,0.0,0.0,0.0
0.8072739,0.63664305,0.5021294,0.10301121,-2384.1423,24138.0,0.015748031,1,12.0,-531.0,798581.2,0.083333336,12.061121,0.3155294,27,0,0.992126,10.0,-9.0,0.5,-962.25,0.0,-11.0,181551.0,504.0,0.0,0.0,0.32647103,-2370.0,0.96904314,12.13441,30.0,6288.0405,50.22,-167.0,2.968504,2529.067,722402.0,0.0,402531.22,25755.074,0.0,-66.5,0.035792,0.22456141,0.9,0.5,0,-2462.0,12.5,0.0019166529,10.5,999.495,2,1.0,1,0.1293,0.0,0.0,0,0.0,0.0,1.0,0.0,0.9995,0.4571111,0.0,0.0,11,0.0,0.0,0.25,0.5,0,1.0,0.0,0.0,0.0,0.014199425,0.0316,0.0,0.0,0.0
0.5108563,0.41695982,0.40186602,0.042602465,-1108.0,23593.5,0.032258064,1,12.0,-416.93738,406811.94,0.5662409,17.0,0.26215,17,0,1.0,34.0,-12.0,0.0,-1083.0499,5242.4604,-512.0,160390.22,1011.9233,0.0,0.0,0.16251178,-961.0,0.88417,0.0,21.0,13122.965,5530.905,774.7538,4.7419353,2529.067,431962.28,0.0042077564,378081.47,10835.85,0.0,-132.19705,0.020713,15.13074,0.9411765,0.58311266,0,-728.6427,307208.47,0.0060584787,7.25,0.0,3,0.8679975,0,0.0165,0.0,0.0,0,12823.701,0.0,0.75,0.0,0.9945,0.4571111,0.25,49.54514,8,0.25,0.014233142,0.23965093,0.25,1,0.5,0.0,0.25,0.0,0.014199425,0.0256,0.0,0.0,0.25
0.19070596,0.5948011,0.5021294,0.048351124,-1024.0,25560.0,0.25,1,12.0,-250.0,58667.49,0.5662409,12.061121,0.18933333,-97,1,0.875,7.0,-29.0,0.0,-489.5,0.0,-794.0,211362.75,1423.0,0.0,0.0,0.25537565,-239.0,0.9045029,1047.6338,34.0,7333.436,126.72,-158.0,7.125,2529.067,33540.5,0.0,322373.25,8381.07,1.0,-22.0,0.003069,15.13074,1.0,0.5,1,-728.6427,11704.5,0.07275849,10.0,8254.35,3,0.8679975,1,0.1025479,0.0,1.0,0,0.0,0.0,0.0,1.0,0.9777348,0.4571111,0.0,0.0,11,1.0,0.0,0.0,0.0,1,0.0,1.0,0.0,0.0,0.014199425,0.06633385,0.0,0.0,0.0
0.6817059,0.6343281,0.75468564,0.039776,-2384.1423,44748.0,0.0,0,8.0,-89.0,117333.586,0.5662409,17.0,0.22097778,-85,0,1.0,4.0,-315.0,0.0,-947.75,0.0,-3214.0,44398.125,92.0,9000.0,0.0,0.18,-404.0,1.0240748,0.0,18.0,39111.195,16359.705,-90.0,12.666667,0.0,2076529.0,0.0,304087.5,16359.705,1.0,-27.0,0.003818,15.13074,0.75,0.75,1,-728.6427,307208.47,0.07275849,4.0,0.0,2,0.8679975,1,0.0573,0.0,0.0,0,0.0,0.0,1.0,0.0,0.9876,0.4571111,0.0,0.0,4,1.0,0.0,0.0,0.0,0,0.0,0.0,0.0,0.0,0.014199425,0.0,0.0,0.0,0.0
0.5424451,0.63543826,0.5021294,0.05,-2254.0,6750.0,0.0,1,26.666666,-341.0,273465.38,0.5662409,12.061121,0.042857144,73,0,1.0,26.0,-959.0,0.0,-495.0,5242.4604,-14810.0,238410.0,524.0,7623.0,0.0,1.1666666,-1565.0,0.94604164,0.0,49.0,11394.39,7384.815,774.7538,24.083334,2529.067,431962.28,0.0,352500.0,20420.49,0.0,-20.666666,0.00963,15.13074,0.9230769,0.0,0,-728.6427,17787.0,0.003216664,11.666667,0.0,2,0.8679975,0,0.1025479,0.0,0.0,1,0.0,0.0,0.33333334,0.0,0.9777348,0.4571111,0.33333334,0.0,16,0.33333334,0.0,0.33333334,0.0,0,0.6666667,0.0,0.0,0.0,0.014199425,0.06633385,0.0,0.33333334,0.0
0.48124933,0.14063355,0.5021294,0.1128,-1374.0,12690.0,0.0,0,9.0,-50.0,92824.47,0.5662409,21.0,0.1128,106,0,1.0,14.0,-48.0,0.0,-149.0,0.0,-454.0,59640.75,498.0,7749.0,0.0,1.0,-410.0,1.0580957,0.0,16.0,7140.3438,5438.79,-155.0,7.6923075,0.0,431962.28,0.0,72131.11,6360.795,0.0,-16.0,0.01885,15.13074,0.9285714,0.5,1,-728.6427,307208.47,0.0056466735,12.5,0.0,2,0.8679975,0,0.1025479,0.0,2.0,0,0.0,0.0,0.0,0.5,0.9777348,0.41666666,1.0,0.0,9,0.5,0.0,0.0,0.0,1,0.0,0.0,0.0,0.0,0.0,0.06633385,0.0,0.0,0.0
0.48665315,0.41195548,0.6559695,0.06716105,-1341.0,26001.0,0.0,1,11.0,-117.0,124675.6,0.5662409,12.061121,0.1284,-69,1,1.0,23.0,-311.0,0.25,-666.1667,5496.75,-3935.0,20296.5,285.0,16866.0,0.0,0.5230612,-1144.0,0.9157756,0.0,67.0,6233.7803,2350.215,-322.0,19.55,7329.0,265280.34,0.0,176713.5,6016.0273,0.25,-18.666666,0.006852,15.13074,0.9130435,0.5,1,-612.0,104241.0,0.010577413,10.75,0.0,3,0.8189914,1,0.1025479,0.0,2.0,0,0.0,0.0,0.75,0.25,0.9777348,0.52795076,0.0,0.0,9,0.25,0.0,0.16666667,0.0,0,0.5,0.0,0.25,0.0,0.0485348,0.06633385,0.0,0.0,0.0
0.5108563,0.5991574,0.61582494,0.026377926,-1403.0,33984.0,1.0654914,1,0.0,-1370.0,678578.9,0.5662409,12.061121,0.28934866,-51,0,1.3829919,29.516104,-327.7884,0.0,-1779.6666,0.0,-1438.0,0.0,1011.9233,11083.136,0.21486607,0.09116311,-9.0,1.0,-363.87296,37.84903,18754.361,5198.1606,-1068.0,12.26564,0.0,750312.5,0.0,65892.0,2250.0,0.0,-312.0,0.04622,15.13074,0.90468615,0.6666667,0,-728.6427,307208.47,0.07275849,12.0,6724.2266,1,0.8679975,0,0.0336,0.0,0.0,0,4.5,1.0,0.0,1.0,0.9737,0.4571111,0.0,0.0,14,1.0,0.0,0.33333334,0.0,0,0.0,0.0,0.0,0.0,0.014199425,0.063,0.010587371,0.0,0.0
0.30927536,0.26287654,0.5021294,0.029354839,-3328.0,32760.0,0.056603774,0,37.5,-203.0,3799428.0,0.9479167,12.061121,0.182,-70,0,0.990566,29.0,-13.0,0.0,-735.1667,0.0,-683.0,204121.5,1258.0,11083.136,0.0,0.16129032,0.0,0.9600835,152.83018,34.0,17921.83,130.5,-392.0,5.1273584,0.0,64387.0,0.0,549045.0,20107.822,0.125,-26.0,0.01452,2.470943,0.86206895,0.5,1,-728.6427,8008.3335,0.0021394868,11.5,14400.0,2,0.8679975,1,0.2006,0.0,0.0,0,160218.11,0.0,0.625,0.375,0.9975,0.47909638,0.0,0.0,13,0.0,0.0,0.33333334,0.0,1,0.375,0.0,0.25,0.125,0.0,0.0,0.0,0.0,0.375
0.5602843,0.43773627,0.18462811,0.038086668,-5025.0,25708.5,0.0,0,19.333334,-1042.0,547950.94,0.5662409,12.061121,0.119020835,-33,0,1.174289,52.0,-261.0,0.33333334,-1795.1818,1293.75,-1575.0,89391.0,-1739.0,2466.0,0.0,0.32,-1523.0,0.9437352,-1136.4083,29.0,10537.519,2634.93,-1030.0,10.307693,0.0,908646.8,0.0,309420.0,7344.855,0.0,-227.66667,0.018029,15.13074,0.9423077,0.72727275,0,-386.0,1016601.3,0.011889203,9.333333,0.0,3,0.8938148,1,0.1871,0.33333334,0.0,0,0.0,0.16666667,0.33333334,0.33333334,0.9861,0.4571111,0.5,0.0,6,0.0,0.0,0.36363637,0.0,0,0.0,0.16666667,0.0,0.0,0.014199425,0.0,0.0,0.0,0.33333334
0.5108563,0.52788144,0.5021294,0.061791163,-2384.1423,12798.0,0.020833334,1,17.2,-120.0,3143489.5,1.2222222,12.061121,0.08125714,32,0,1.0,87.0,-30.0,0.25,-166.0,5242.4604,-817.0,1662.0,1011.9233,0.0,0.0,0.76043975,-1759.0,0.9092489,0.0,34.0,32744.684,69.48,774.7538,5.4375,2529.067,4802.0,1.0,19500.0,19232.73,0.03125,-18.0,0.031329,0.44444445,0.90804595,0.6666667,1,-424.0,307208.47,0.0027087582,11.0,0.0,2,0.8123477,0,0.0647,0.03125,0.0,0,12823.701,0.0625,0.53125,0.46875,0.9876,0.75,0.3125,0.0,12,0.0,0.0,0.0,0.0,0,0.15625,0.0,0.15625,0.0,0.0,0.0785,0.0,0.28125,0.125
0.5108563,0.65811336,0.5021294,0.100588925,-1810.0,7686.0,0.0,1,14.571428,-416.93738,2084944.9,0.5662409,12.061121,0.10047059,-91,0,1.4054465,70.0,-74.0,0.125,-2497.0,0.0,-8933.0,160390.22,1011.9233,17307.0,0.0,1.0011779,-574.0,0.89727616,-5168.76,62.0,27799.266,10763.865,-1982.0,17.026667,2529.067,45000.0,0.0,146250.0,19626.107,0.375,-132.19705,0.0228,0.0,0.9285714,1.0,1,-1514.0,307208.47,0.16237973,11.375,0.0,2,1.3466655,0,0.0011,0.0,1.0,0,12823.701,0.0,0.25,0.25,0.9722,0.4571111,0.25,0.0,13,0.125,0.0,0.0,0.0,0,0.25,0.125,0.0,0.125,0.014199425,0.06633385,0.014285714,0.0,0.0
0.5424451,0.54061866,0.5021294,0.029356,-2536.0,33025.5,0.0,1,6.0,-416.93738,44076.375,0.5662409,12.061121,0.36695,44,0,1.0,6.0,-332.0,0.0,-323.0,0.0,-6859.0,0.0,1011.9233,4293.0,0.0,0.08,-447.0,1.1111759,0.0,25.0,11019.094,7508.61,-233.0,22.75,2529.067,431962.28,0.0,65470.453,7508.61,1.0,-132.19705,0.019101,15.13074,0.6666667,1.0,1,-728.6427,307208.47,0.07275849,14.0,0.0,2,0.8679975,1,0.1025479,0.0,1.0,0,12823.701,0.0,1.0,0.0,0.9777348,0.27272728,0.0,0.0,17,1.0,0.0,0.0,0.0,1,0.0,1.0,0.0,0.0,0.0,0.06633385,0.16666667,0.0,0.0
0.31703177,0.26096576,0.5021294,0.054497585,-236.0,28408.5,0.0,0,8.666667,-165.0,198280.34,0.5662409,64.0,0.157825,123,1,1.0,19.0,-237.0,0.4,-376.66666,0.0,-7427.0,403537.12,1376.0,15903.0,0.0,0.34530386,-455.0,1.0415201,0.0,37.0,12392.521,6499.575,774.7538,13.375,0.0,431962.28,0.0,461562.0,8076.855,0.4,-14.333333,0.018634,15.13074,0.84210527,0.0,1,-451.0,34594.332,0.0042499774,13.8,0.0,2,1.0,0,0.1025479,0.0,0.0,0,1441.86,0.4,0.4,0.6,0.9777348,0.4571111,0.6,0.0,13,0.2,0.0,0.6666667,0.2,0,0.0,0.6,0.2,0.0,0.014199425,0.06633385,0.0,0.0,0.0
0.31703177,0.53192335,0.5021294,0.0729316,-2190.0,57676.5,0.0,0,12.0,-99.0,112166.91,0.5662409,12.061121,0.320425,-51,1,1.0,9.0,-77.0,0.0,-99.0,5242.4604,-5396.0,161698.5,266.0,0.0,0.0,0.22760896,-310.0,1.0,0.0,67.0,14020.863,9484.65,774.7538,26.625,2529.067,431962.28,0.0,204160.5,9484.65,0.0,-8.0,0.00496,15.13074,0.8888889,0.0,0,-728.6427,307208.47,0.07275849,14.0,0.0,2,0.8679975,1,0.1833,1.0,0.0,0,12823.701,0.0,0.0,0.0,0.9861,0.0,0.0,0.0,12,1.0,0.0,0.0,0.0,1,0.0,0.0,0.0,0.0,0.0,0.0311,0.0,0.0,0.0
0.5108563,0.77259034,0.5021294,0.044047825,-244.0,27553.5,1.0,1,15.2,-416.93738,1311794.2,0.5662409,4.0,0.24492,-29,0,0.88,49.0,-420.0,0.0,-1083.0499,5242.4604,-3856.0,160390.22,1011.9233,9000.0,0.30612245,0.17984577,-2753.0,1.0278451,814.0068,58.0,26235.885,1350.0,774.7538,9.56,2529.067,431962.28,0.0042077564,378081.47,13116.969,0.2857143,-132.19705,0.022625,15.13074,0.877551,0.58311266,1,-728.6427,307208.47,0.058087353,12.714286,4503.06,2,0.8679975,1,0.0991,0.0,0.0,0,12823.701,0.0,0.71428573,0.14285715,0.9836,0.4571111,0.14285715,49.54514,11,0.14285715,0.014233142,0.23965093,0.42857143,1,0.2857143,0.2857143,0.14285715,0.0,0.014199425,0.06633385,0.020408163,0.0,0.0
0.6479769,0.7073799,0.5021294,0.051271886,-233.0,30838.5,0.82608694,0,17.8,-2417.0,556550.0,0.5662409,10.0,0.1958,89,0,0.8695652,25.0,-797.0,0.0,-1830.75,5242.4604,-8.0,269730.0,-1322.0,25294.5,0.2,0.26185843,0.0,0.81079215,2769.2903,32.0,24197.826,433.08,328.0,14.521739,2529.067,210632.33,0.0,461323.12,17808.256,0.4,-1177.0,0.010032,0.0,0.84,0.75,1,-728.6427,307208.47,0.2427844,8.2,20798.145,2,0.8679975,1,0.0524,0.0,0.0,0,12823.701,0.4,0.4,0.6,0.9747,0.25650236,0.2,21.375,3,0.2,0.0,0.0,0.2,1,0.2,0.0,0.0,0.0,0.014077381,0.0477,0.04,0.0,0.0
0.5902333,0.76730335,0.5021294,0.035429884,-964.0,38200.5,0.0,1,10.0,-377.0,112525.24,0.5662409,12.061121,0.3144074,52,0,1.0,12.0,-192.0,0.0,-1992.6666,0.0,-9131.0,121543.08,-1636.0,0.0,0.0,0.11268781,-479.0,0.9191052,0.0,19.0,11252.524,11250.54,-2636.0,14.5,0.0,431962.28,0.0,261142.23,11252.745,1.0,-340.5,0.04622,15.13074,0.8333333,0.33333334,1,-728.6427,2822688.0,0.07275849,15.0,0.0,1,0.8679975,0,0.0523,0.0,0.0,0,0.0,0.0,1.0,0.0,0.9796,0.4571111,0.0,0.0,16,1.0,0.0,0.33333334,0.0,1,0.0,1.0,0.0,0.0,0.014199425,0.0645,0.083333336,0.0,0.0
0.5108563,0.37587833,0.5021294,0.0641657,-1341.0,32719.5,0.0,1,7.857143,-1124.0,883825.2,0.5662409,12.061121,0.24236667,-99,1,1.0,48.0,-229.0,0.125,-964.75,0.0,-2785.0,0.0,1011.9233,24475.5,0.0,0.26474637,0.0,0.92052484,0.0,154.0,20554.074,3102.615,-15.0,40.90698,2529.067,487602.34,0.25,157148.69,12602.52,0.125,-637.0,0.010032,0.0,0.8958333,0.75,0,-2125.0,307208.47,0.1401025,7.875,0.0,2,1.0586925,0,0.0555,0.125,0.0,0,12823.701,0.0,0.25,0.5,0.9777348,0.13502507,0.125,0.0,5,0.125,0.0,0.25,0.125,1,0.5,0.0,0.125,0.0,0.0,0.06633385,0.020833334,0.0,0.125
0.60238636,0.51769084,0.676302,0.07924098,-2582.0,43785.0,1.1805556,0,10.285714,-19.0,1939044.1,0.5662409,8.0,0.0973,-39,0,0.9027778,70.0,-29.0,0.5294118,-1062.0,5242.4604,-1853.0,289156.5,344.0,11083.136,0.042857144,0.8143986,-1942.0,0.8894189,2573.69,37.0,26931.168,5.67,-1989.0,7.75,2529.067,431962.28,0.0,662040.0,27370.086,0.4117647,-19.5,0.020713,15.13074,0.9142857,0.33333334,1,-388.0,267912.0,0.07202412,10.294118,26466.57,2,0.77657837,1,0.1025479,0.11764706,1.0,0,0.0,0.23529412,0.4117647,0.5882353,0.9777348,0.5617094,0.05882353,0.0,7,0.0,0.0,0.0,0.05882353,0,0.23529412,0.0,0.11764706,0.3529412,0.025641026,0.06633385,0.014285714,0.0,0.5294118
0.5108563,0.5828524,0.5021294,0.0654,-85.0,29430.0,0.057692308,1,16.0,-2767.0,770190.7,0.25,12.061121,0.18685715,52,0,1.0,34.0,-14.0,0.4,-2829.0,2340.0,-5311.0,113.625,-2555.0,0.0,0.0,0.35,-1531.0,0.55155534,0.0,36.0,7405.6797,203.13,-1789.0,4.9038463,4680.0,431962.28,0.0,125550.9,5763.975,0.2,-1592.0,0.026392,19.177778,0.9705882,0.5,0,-1329.0,307208.47,0.25614706,16.8,0.0,2,0.0,1,0.1025479,0.4,0.0,0,0.0,0.4,0.6,0.2,0.9777348,0.4571111,0.0,0.0,10,0.2,0.0,0.5,0.4,1,0.0,0.0,0.4,0.0,0.014199425,0.06633385,0.0,0.0,0.0
0.5108563,0.46153098,0.5021294,0.04429481,-2022.0,23445.0,0.0,1,23.666666,-678.0,2046553.9,0.5662409,8.0,0.2084,74,1,1.0931312,55.0,-30.0,0.5,-798.5,0.0,-4626.0,0.0,176.0,14368.5,0.0,0.21254708,-1221.0,0.9542588,-6987.098,21.0,51163.848,13271.355,774.7538,10.3,0.0,431962.28,0.0,506250.0,32850.254,0.0,-12.5,0.019101,15.13074,0.92727274,0.0,0,-1157.0,29040.5,0.0026126623,14.625,0.0,2,0.9143626,1,0.1025479,0.125,0.0,0,0.0,0.0,0.25,0.0,0.9777348,0.61050725,0.375,0.0,16,0.0,0.0,0.0,0.0,1,0.375,0.0,0.0,0.0,0.020833334,0.06633385,0.018181818,0.125,0.125
0.47944897,0.24249429,0.5021294,0.045335,-189.0,40801.5,0.15384616,0,10.666667,-830.0,990020.7,0.5662409,4.0,0.18134,-68,1,1.1247135,25.0,-11.0,0.25,-523.0,5242.4604,-3330.0,210458.7,996.0,6750.0,0.0,0.25,0.0,0.9723337,-9176.665,32.0,38077.72,186.57,220.0,10.423077,2529.067,21514.334,0.0,395580.6,25305.57,0.25,-439.0,0.026392,15.13074,0.96,0.6,0,-606.0,264.5,0.011297459,12.5,31220.145,2,0.8866177,1,0.1025479,0.0,0.0,0,0.0,0.5,0.25,0.25,0.9777348,0.21428572,0.5,0.0,10,0.25,0.0,0.2,0.0,1,0.25,0.0,0.0,0.0,0.0,0.06633385,0.0,0.0,0.5
0.71949077,0.5622244,0.5021294,0.032489423,-175.0,18040.5,0.0,1,6.0,-1036.0,101670.39,0.5662409,12.061121,0.16036,24,1,1.0,6.0,-34.0,0.0,-1442.2,3479.25,-13360.0,25923.91,-2497.0,0.0,0.0,0.20260304,-669.0,0.94986933,0.0,30.0,16945.064,16944.84,10614.0,18.0,1665.0,639382.0,0.0,139540.75,16945.11,0.0,-806.5,0.02461,15.13074,1.0,0.8,1,-728.6427,1724224.5,0.07275849,19.0,0.0,2,0.8679975,0,0.0614,0.0,0.0,0,0.0,0.0,0.0,1.0,0.9742,0.4571111,1.0,0.0,19,1.0,0.0,0.2,0.0,0,0.0,0.0,0.0,0.0,0.014199425,0.0549,0.0,0.0,0.0
0.56737924,0.7140695,0.22305964,0.05,-904.0,6750.0,0.0,1,12.0,-416.93738,168699.56,0.5662409,24.0,0.1,-25,0,1.2851846,20.0,-43.0,0.25,-343.0,0.0,-7669.0,0.0,1011.9233,6736.5,0.0,0.5,-511.0,1.0265423,-1880.6589,75.0,8878.924,2373.84,-98.0,25.526316,2529.067,431962.28,0.0,30471.66,5308.5,0.0,-132.19705,0.011703,15.13074,0.9,1.0,0,-160.0,307208.47,0.003252325,14.0,0.0,2,1.1111112,0,0.1025479,0.0,0.0,1,12823.701,0.0,0.5,0.25,0.9777348,0.4571111,0.25,0.0,17,0.25,0.0,0.0,0.0,1,0.75,0.5,0.25,0.0,0.014199425,0.06633385,0.0,0.0,0.0
0.45074728,0.5050258,0.5021294,0.027590258,-2384.1423,39100.5,1.3521127,1,8.5,-334.0,1375120.4,0.24175824,7.0,0.11585333,-91,0,0.9366197,26.0,-10.0,0.0,-1399.0,8706.0,-3163.0,183562.5,412.0,0.0,0.0,0.23814815,0.0,0.73080474,1473.6039,32.0,9683.946,2.61,-545.0,6.4859157,0.0,377777.0,0.0,413763.2,14435.617,0.0,-17.0,0.030755,0.9531773,0.9230769,0.5,0,-728.6427,754500.3,0.238677,11.0,23247.586,2,0.8679975,1,0.1025479,0.0,1.0,0,0.0,0.0,0.5,0.5,0.9777348,0.89205575,0.5,0.0,11,0.0,0.0,0.125,0.0,0,0.25,0.25,0.25,0.0,0.0,0.06633385,0.0,0.0,0.25
0.73381454,0.5068515,0.5480537,0.026373832,-794.0,12699.0,0.04255319,0,13.2,-416.93738,1002311.75,0.5662409,17.0,0.10201721,79,0,1.0,50.0,-40.0,0.16666667,-1381.5,0.0,-142.0,0.0,1011.9233,4500.0,0.0,0.25852337,-840.0,0.8802211,0.0,32.0,21325.783,3039.075,-1288.0,7.1702127,2529.067,0.5,0.0,31702.77,15500.502,0.6666667,-132.19705,0.010147,15.13074,0.94,1.0,0,-236.0,307208.47,0.0059850146,15.833333,0.0,2,0.8679975,1,0.3423,0.0,0.0,0,12823.701,0.16666667,0.16666667,0.8333333,0.997,0.4571111,0.16666667,0.0,12,0.16666667,0.0,0.0,0.0,0,0.0,0.33333334,0.16666667,0.33333334,0.014199425,0.06633385,0.0,0.0,0.33333334
0.5108563,0.5143918,0.5021294,0.0653562,-97.0,33484.5,1.0654914,1,13.592881,-591.0,678578.9,0.5662409,12.061121,0.37205,3,0,1.3829919,29.516104,-327.7884,0.1108971,-1981.5,3043.575,-6427.0,0.0,-75.0,11083.136,0.21486607,0.17566511,-1316.0,0.96875226,-363.87296,37.84903,18754.361,5198.1606,-768.0,12.26564,0.0,225403.3,0.0,107280.59,13925.762,0.23777755,-555.0,0.011657,15.13074,0.90468615,0.8333333,1,-728.6427,307208.47,0.07275849,12.661583,6724.2266,1,0.8679975,0,0.0449,0.068525076,0.0,0,0.0,0.080552734,0.47940668,0.2845134,0.9841,0.4571111,0.21002875,0.0,10,0.35041127,0.0,0.16666667,0.14514303,1,0.25491133,0.2090302,0.14553413,0.027647203,0.014199425,0.0,0.010587371,0.053136926,0.14762497
0.5108563,0.7608348,0.6678984,0.02654308,-785.0,20605.5,1.0654914,1,13.592881,-435.0,678578.9,0.5662409,7.0,0.18316,-55,1,1.3829919,29.516104,-327.7884,0.1108971,-435.0,5242.4604,-838.0,0.0,948.0,11083.136,0.21486607,0.14491746,-17.0,0.96875226,-363.87296,37.84903,18754.361,5198.1606,774.7538,12.26564,2529.067,431962.28,0.0,180000.0,13925.762,0.23777755,-116.0,0.003122,15.13074,0.90468615,0.0,1,-728.6427,307208.47,0.07275849,12.661583,6724.2266,3,0.8679975,0,0.0913,0.068525076,0.0,0,0.0,0.080552734,0.47940668,0.2845134,0.9841,0.4,0.21002875,0.0,11,0.35041127,0.0,1.0,0.14514303,0,0.25491133,0.2090302,0.14553413,0.027647203,0.0,0.1207,0.010587371,0.053136926,0.14762497
0.04118593,0.5747333,0.6994406,0.042368,-1391.0,47664.0,0.0,1,4.0,-48.0,271443.34,0.5662409,2.0,0.08826666,96,1,1.0,19.0,-574.0,0.0,-510.16666,31.5,-5922.0,2055735.5,-17.0,19304.145,0.0,0.48,-2666.0,0.76803803,0.0,21.0,16965.209,5125.14,-175.0,15.8125,39.375,288448.0,0.0,1173764.8,17604.912,0.0,-33.333332,0.007274,0.0,0.84210527,0.25,1,-728.6427,68327.36,0.2791166,14.0,0.0,2,0.8679975,0,0.0551,0.0,0.0,0,1350.0,0.0,0.75,0.0,0.9796,0.54788226,0.25,0.0,17,0.25,0.0,0.33333334,0.25,0,0.5,0.25,0.0,0.0,0.060855262,0.0562,0.0,0.0,0.0
0.5531647,0.46902245,0.42322713,0.03621,-2641.0,16294.5,0.49659863,0,13.0,-416.93738,1775321.0,2.0,12.061121,0.1207,-123,0,0.97959185,74.0,-15.0,0.0,-675.0,3389.58,-1736.0,0.0,1011.9233,0.0,0.0,0.3,-1587.0,0.7533851,341.65286,45.0,12077.014,3.78,-309.0,12.299319,2529.067,431962.28,0.0,38470.5,13137.135,0.5,-132.19705,0.016612,9.0985155,0.9189189,1.0,1,-728.6427,307208.47,0.13967448,12.0,18000.0,2,0.8679975,1,0.1025479,0.0,0.0,0,12823.701,0.25,0.5,0.375,0.9777348,0.4571111,0.0,0.0,9,0.125,0.0,0.0,0.125,0,0.125,0.125,0.0,0.125,0.014199425,0.06633385,0.013513514,0.0,0.125
0.34252888,0.25900525,0.5305296,0.058148734,-244.0,9922.5,0.23076923,1,12.0,-91.0,76643.77,0.5662409,12.061121,0.0735,-16,1,0.9230769,12.0,-1867.0,0.0,-91.0,0.0,-5695.0,64323.0,1011.9233,9000.0,0.0,0.79113925,0.0,1.0741622,485.1727,35.0,5895.675,131.04,774.7538,20.538462,0.0,431962.28,0.0,74577.51,6394.23,0.0,-23.0,0.035792,15.13074,1.0,0.0,1,-728.6427,307208.47,0.07275849,19.0,6176.205,2,0.8679975,0,0.1025479,0.0,0.0,0,10251.27,0.0,1.0,0.0,0.9777348,0.4571111,1.0,0.0,12,1.0,0.0,1.0,0.0,1,0.0,1.0,0.0,0.0,0.014199425,0.06633385,0.0,0.0,1.0
0.5108563,0.6543197,0.34141114,0.0793,-139.0,35685.0,0.0,1,10.0,-416.93738,158401.7,0.5662409,65.0,0.34478262,-71,1,1.0,11.0,-243.0,0.33333334,-1083.0499,5242.4604,-4017.0,160390.22,1011.9233,0.0,0.0,0.23,0.0,1.0,0.0,15.0,15840.171,15826.32,774.7538,10.0,2529.067,431962.28,0.0042077564,378081.47,15841.71,0.33333334,-132.19705,0.006296,15.13074,0.90909094,0.58311266,1,-456.0,307208.47,0.0,16.0,0.0,3,1.0,0,0.2801,0.0,0.0,0,12823.701,0.0,1.0,0.0,0.9796,0.4571111,0.0,49.54514,13,0.33333334,0.014233142,0.23965093,0.33333334,1,0.0,0.6666667,0.33333334,0.0,0.014199425,0.165,0.0,0.0,0.0
0.6894792,0.506447,0.5021294,0.10354893,-9245.0,12132.0,1.1453744,1,9.2,-416.93738,1575914.8,0.05319149,12.061121,0.17973334,25,0,0.99559474,97.0,-23.0,0.2857143,-1667.5,5242.4604,-4753.0,0.0,1011.9233,5850.0,0.0,0.5761254,0.0,0.91278,0.6841189,87.0,6942.356,11.205,-429.0,9.577092,2529.067,2493144.5,0.0,43818.75,8199.373,0.5714286,-132.19705,0.008019,0.425084,0.8556701,1.0,1,-2290.0,307208.47,0.073785275,12.5,144.09,2,1.0,0,0.0581,0.0,1.0,0,12823.701,0.0,0.5,0.21428572,0.9836,0.4571111,0.14285715,0.0,12,0.0,0.0,0.0,0.14285715,1,0.21428572,0.14285715,0.21428572,0.071428575,0.014199425,0.0704,0.041237112,0.0,0.21428572
0.5108563,0.51583964,0.69357914,0.03965356,-994.0,25753.5,0.0,1,6.0,-416.93738,85033.35,0.5662409,12.061121,0.12717777,-27,0,1.0,5.0,-24.0,0.0,-1083.0499,5242.4604,-3488.0,160390.22,1011.9233,45000.0,0.0,0.3117963,-167.0,1.4573458,0.0,14.0,17006.67,17006.67,774.7538,11.8,2529.067,431962.28,0.0042077564,378081.47,17006.67,0.0,-132.19705,0.010556,15.13074,1.0,0.58311266,0,-728.6427,307208.47,0.07275849,19.0,0.0,3,0.8679975,0,0.1025479,0.0,0.0,0,12823.701,0.0,0.0,0.0,0.9777348,0.4571111,0.0,49.54514,10,1.0,0.014233142,0.23965093,0.0,1,1.0,0.0,0.0,0.0,0.014199425,0.06633385,0.0,0.0,0.0
0.48845518,0.6254888,0.5021294,0.03808349,-2384.1423,12919.5,0.21468927,0,28.0,-883.0,1776335.1,0.45652175,19.0,0.071775,24,0,0.9830508,31.0,-9.0,0.25,-883.0,0.0,-3392.0,117152.55,857.0,11083.136,0.0,0.5305955,-884.0,0.6656633,85.835846,30.0,10035.791,3.195,-487.0,7.2146893,0.0,431962.28,0.0,246049.14,17995.785,0.0,-531.5,0.020713,8.247014,0.9677419,0.33333334,0,-385.0,0.0,0.19757186,11.25,11700.0,3,0.91986203,1,0.1025479,0.0,0.0,0,76271.17,0.0,0.5,0.5,0.9777348,0.4571111,0.0,0.0,11,0.0,0.0,0.6666667,0.0,0,0.75,0.0,0.5,0.0,0.014199425,0.06633385,0.0,0.0,0.25
0.37910047,0.4570236,0.5021294,0.08076,-2540.0,18171.0,0.43571427,0,10.0,-103.0,1464715.8,0.23188406,3.0,0.073418185,-112,0,0.96428573,69.0,-14.0,0.0,-763.125,0.0,-1296.0,402753.94,228.0,12361.5,0.11594203,1.1,-840.0,0.85521716,448.74323,34.0,10462.256,307.62,-180.0,6.2714286,2529.067,1791724.5,0.0,671766.2,8753.06,0.125,-100.0,0.026392,1.0630862,0.9130435,0.25,0,-728.6427,141161.06,0.1654387,11.375,16071.075,2,0.8679975,1,0.1025479,0.0,0.0,0,0.0,0.125,0.375,0.375,0.9777348,0.4571111,0.25,0.0,11,0.125,0.0,0.25,0.125,1,0.375,0.125,0.125,0.0,0.014199425,0.06633385,0.014492754,0.0,0.125
0.56560796,0.59236395,0.5021294,0.058218397,-2384.1423,9193.5,0.0,1,6.0,-88.0,85709.74,0.5662409,12.061121,0.16086614,-57,0,1.343723,10.0,-62.0,0.0,-1212.091,0.0,-6388.0,6382.7183,-57.0,4500.0,0.0,0.36190584,-590.0,1.0152882,-1451.28,17.0,9523.305,7866.045,800.0,12.888889,0.0,801827.7,0.0,84729.27,8711.393,1.0,-23.5,0.00823,15.13074,0.9,0.8181818,1,-728.6427,244300.5,0.0044621048,12.0,0.0,2,0.8679975,1,0.1025479,0.0,0.0,0,0.0,0.5,0.5,0.5,0.9777348,0.4571111,0.0,0.0,10,0.5,0.0,0.0,0.5,0,0.0,1.0,0.0,0.0,0.014199425,0.06633385,0.0,0.0,0.0
0.4632753,0.5934934,0.5021294,0.06138849,-3021.0,38398.5,0.0,1,22.0,-575.0,863292.56,0.5662409,12.061121,0.18962222,-18,0,1.0,50.0,-25.0,0.14285715,-1308.2,0.0,-2259.0,42163.875,540.0,4725.0,0.0,0.32374102,-2526.0,0.99808955,0.0,12.0,17618.215,3314.43,-2002.0,4.102041,0.0,4.5,0.0,79736.4,10494.12,0.14285715,-168.66667,0.031329,15.13074,0.96,0.4,1,-578.0,11230.333,0.015948156,11.0,0.0,2,1.0,0,0.0967,0.0,0.0,0,0.0,0.14285715,0.5714286,0.2857143,0.9796,0.5601819,0.14285715,0.0,10,0.14285715,0.0,0.6,0.0,1,0.14285715,0.42857143,0.2857143,0.0,0.0076923077,0.1444,0.0,0.0,0.42857143
0.6161217,0.63025576,0.30041736,0.04085029,-886.0,43965.0,0.0,1,9.0,-883.0,181556.78,0.5662409,3.0,0.36185184,-13,0,1.0,19.0,-1388.0,0.0,-1416.0,0.0,-6116.0,210441.38,452.0,2718.0,0.0,0.1128923,-1744.0,0.94039744,0.0,19.0,10086.487,5233.725,-496.0,8.944445,2529.067,663484.0,0.0,599627.7,8872.695,1.0,-67.0,0.030755,15.13074,0.6315789,0.6,0,-728.6427,9660.5,0.02800552,14.5,0.0,2,0.8679975,1,0.0069,0.0,1.0,0,0.0,0.0,0.5,0.5,0.9513,0.16989648,0.0,0.0,13,0.5,0.0,0.2,1.0,0,0.0,0.5,0.0,0.5,0.013590557,0.06633385,0.31578946,0.0,0.0
0.71215516,0.2168753,0.78239244,0.03062,-6320.0,20668.5,0.2,1,5.5,-1065.0,465402.2,0.13043478,12.061121,0.18372,7,0,0.9652174,24.0,-111.0,0.0,-1564.5,6432.75,-4792.0,0.0,1137.0,26955.0,0.0,0.16666667,-2161.0,0.84568715,234.78261,69.0,4046.9756,121.95,742.0,8.052174,2529.067,955045.3,0.0,263879.25,7194.814,0.2,-35.0,0.01452,0.32097188,0.9583333,0.8333333,1,-728.6427,307208.47,0.37895456,10.0,4500.0,2,0.8679975,1,0.0357,0.0,0.0,0,0.0,0.0,0.4,0.2,0.9881,0.4571111,0.2,0.0,10,0.2,0.0,0.33333334,0.0,1,0.2,0.4,0.4,0.0,0.014199425,0.0593,0.0,0.0,0.0
0.16640554,0.7586995,0.5021294,0.10585984,-1951.0,16177.5,0.0,0,6.0,-163.0,52784.01,0.5662409,9.0,0.0719,10,0,1.0,7.0,-806.0,0.0,-1135.9,0.0,-6433.0,142345.12,787.0,4041.0,0.0,1.4723203,-973.0,0.9361968,0.0,20.0,8797.335,8769.735,2492.0,17.833334,0.0,351194.47,0.0,397598.78,8802.855,1.0,-64.333336,0.031329,15.13074,0.85714287,0.7,1,-728.6427,382865.34,0.07275849,13.0,0.0,2,0.8679975,1,0.3675,0.0,0.0,0,23672.295,0.0,0.0,1.0,0.9881,0.45211422,0.0,0.0,17,1.0,0.1,0.2,0.0,1,0.0,1.0,0.0,0.0,0.0,0.2255,0.0,0.0,0.0
0.6545293,0.46149293,0.3338382,0.05,-739.0,14625.0,0.0,1,18.0,-2184.0,254641.14,0.5662409,16.0,0.108333334,-116,0,1.0,12.0,-20.0,0.0,-1568.0,0.0,-299.0,0.0,-1821.0,11083.136,0.0,0.46153846,-403.0,0.9249125,0.0,12.0,19587.78,19587.78,233.0,6.769231,2529.067,194688.0,0.0,109125.0,19587.78,0.0,-1825.0,0.020246,15.13074,1.0,0.6666667,0,-728.6427,307208.47,0.07275849,11.333333,0.0,3,0.8679975,1,0.0169,0.0,0.0,1,12823.701,0.33333334,0.6666667,0.33333334,0.9886,0.4571111,0.33333334,0.0,12,0.33333334,0.0,0.33333334,0.33333334,0,0.0,0.0,0.6666667,0.0,0.014199425,0.0289,0.0,0.0,0.0
0.3376727,0.22968322,0.4300729,0.067216,-537.0,75618.0,0.0,1,6.0,-46.0,173550.06,0.5662409,12.061121,0.25852308,-20,0,1.0,23.0,-63.0,0.0,-446.4,0.0,-7252.0,49577.4,-20.0,1930.5,0.0,0.26,-2847.0,0.995958,0.0,51.0,9134.214,2712.825,-195.0,31.263159,0.0,16380.5,0.0,119459.7,7504.9873,0.2,-61.333332,0.01452,0.0,0.9130435,0.4,1,-728.6427,6330.3335,0.016291901,11.2,0.0,2,0.8679975,1,0.1025479,0.0,1.0,0,0.0,0.2,0.8,0.2,0.9777348,0.4571111,0.2,0.0,7,0.2,0.0,0.4,0.0,1,0.2,0.2,0.2,0.0,0.014199425,0.06633385,0.0,0.0,0.0
0.5108563,0.55796254,0.5021294,0.032255705,-5929.0,23823.0,16.364964,1,10.0,-416.93738,234867.73,0.034883723,12.061121,0.3728169,80,0,0.890511,97.0,-24.0,0.4,-1083.0499,5242.4604,-11268.0,160390.22,1011.9233,0.0,0.62886596,0.08651889,-1980.0,0.75710034,492.88467,35.0,1714.363,1.305,774.7538,3.4525547,2529.067,431962.28,0.0042077564,378081.47,7203.12,0.4,-132.19705,0.015221,0.10227273,0.97938144,0.58311266,1,-1980.0,307208.47,0.18436347,10.6,5683.5,2,1.0,1,0.1025479,0.0,0.0,0,12823.701,0.0,0.4,0.0,0.9777348,0.4571111,0.0,49.54514,8,0.0,0.014233142,0.23965093,0.2,0,0.2,0.8,0.2,0.0,0.014199425,0.06633385,0.0,0.0,0.0
0.6594055,0.6158357,0.6365453,0.03979356,-6041.0,38340.0,1.0654914,0,13.592881,-787.0,678578.9,0.5662409,4.0,0.18933333,5,0,1.3829919,29.516104,-327.7884,0.0,-1349.25,0.0,-2576.0,0.0,808.0,11083.136,0.21486607,0.21017724,-3230.0,0.96875226,-363.87296,37.84903,18754.361,5198.1606,-210.0,12.26564,0.0,1298532.4,0.0,163539.97,13925.762,0.0,-666.0,0.035792,15.13074,0.90468615,0.75,1,-728.6427,307208.47,0.07275849,16.0,6724.2266,2,0.8679975,1,0.1025479,0.0,1.0,0,0.0,0.0,1.0,0.0,0.9777348,0.4571111,0.0,0.0,9,0.0,0.0,0.25,0.0,1,0.0,0.0,1.0,0.0,0.014199425,0.06633385,0.010587371,0.0,0.0
0.66585493,0.6126128,0.5021294,0.042366326,-2384.1423,32778.0,5.2786884,0,9.2,-197.0,348946.75,0.5662409,12.061121,0.19168422,124,0,0.75409836,52.0,-1290.0,0.0,-690.1667,5242.4604,-9571.0,128571.0,374.0,11070.0,0.0,0.22102147,-1592.0,1.0469358,1953.7083,29.0,5720.4385,5.085,-420.0,7.377049,2529.067,17112.5,0.0,321276.9,7400.61,0.2,-21.25,0.028663,15.13074,0.9423077,0.33333334,1,-728.6427,48459.332,0.0038308443,10.2,11026.395,2,0.8679975,1,0.1025479,0.0,0.0,0,0.0,0.0,0.2,0.0,0.9777348,0.57771164,0.4,0.0,8,0.0,0.0,0.0,0.2,0,0.4,0.0,0.2,0.0,0.11904762,0.06633385,0.0,0.0,0.0
0.5108563,0.078270055,0.5021294,0.0711192,-4158.0,17586.0,0.0,1,6.5,-416.93738,339503.34,0.5662409,12.061121,0.22988236,71,0,1.0,28.0,-518.0,0.0,-1211.5,0.0,-6341.0,0.0,1011.9233,13500.0,0.0,0.30937216,-1741.0,1.0700717,0.0,35.0,14761.016,4410.675,-604.0,20.0,2529.067,312840.5,0.0,107650.8,12779.527,1.0,-132.19705,0.020246,15.13074,0.8214286,1.0,1,-728.6427,307208.47,0.009664906,9.25,0.0,3,0.8679975,0,0.1025479,0.0,0.0,0,12823.701,0.0,0.25,0.25,0.9777348,0.22361985,0.0,0.0,9,0.25,0.0,0.0,0.5,1,0.0,0.75,0.0,0.0,0.0,0.06633385,0.035714287,0.0,0.0
0.47944897,0.09214383,0.5021294,0.05,-4218.0,13500.0,0.0,1,18.0,-42.0,91634.4,0.5662409,12.061121,0.14285715,-54,1,1.0,11.0,-34.0,0.0,-62.0,0.0,-7013.0,71588.25,285.0,0.0,0.0,0.35,-352.0,0.7594397,0.0,17.0,8330.4,8330.4,774.7538,14.090909,0.0,431962.28,0.0,79177.5,8330.4,0.0,-13.0,0.006296,15.13074,0.90909094,0.0,0,-728.6427,800.0,0.07275849,15.0,0.0,3,0.8679975,1,0.1025479,0.0,0.0,1,0.0,0.0,1.0,0.0,0.9777348,0.4571111,0.0,0.0,11,1.0,0.0,0.0,0.0,1,1.0,0.0,1.0,0.0,0.014199425,0.06633385,0.09090909,0.0,0.0
0.735221,0.25394708,0.5021294,0.04910013,-2014.0,13504.5,1.4130435,1,14.0,-416.93738,507598.6,0.5662409,28.0,0.3001,-123,0,0.8913044,43.0,-285.0,0.25,-1977.3334,5242.4604,-5910.0,160390.22,1011.9233,4500.0,0.627907,0.16361256,0.0,0.9515127,1345.681,33.0,11034.752,64.215,-931.0,7.304348,2529.067,390612.34,0.0,43296.0,9111.165,0.5,-132.19705,0.035792,15.13074,0.9767442,1.0,1,-819.0,307208.47,0.022213973,11.0,17312.67,2,0.76852137,1,0.1025479,0.0,0.0,0,12823.701,0.0,0.25,0.0,0.9777348,0.052107435,0.0,0.0,13,0.25,0.0,0.0,0.25,1,0.5,0.25,0.0,0.25,0.0,0.06633385,0.0,0.0,0.25
0.42413032,0.51616734,0.5021294,0.05424823,-155.0,24430.5,0.0,0,6.0,-602.0,48592.35,0.5662409,12.061121,0.27145,62,0,1.0,7.0,-138.0,0.5,-1305.3334,16555.5,-289.0,65949.0,1193.0,4455.0,0.0,0.19984612,-278.0,1.1111112,0.0,19.0,9718.47,8176.995,-350.0,15.2,2529.067,1158242.0,0.0,181428.0,8176.995,0.5,-4.0,0.022625,15.13074,0.71428573,0.6666667,1,-162.0,307208.47,0.07275849,10.5,0.0,2,0.8679975,0,0.007,0.0,0.0,0,12823.701,0.0,0.5,0.5,0.9682,0.68472224,0.0,0.0,9,0.5,0.0,0.33333334,0.0,1,0.0,0.0,0.0,0.0,0.015277778,0.06633385,0.14285715,0.0,0.5
0.5108563,0.6429976,0.5021294,0.061178744,-550.0,49617.0,0.15384616,0,10.0,-416.93738,1221712.1,0.5,13.0,0.24502222,-16,0,0.9423077,35.0,-9.0,0.25,-1083.0499,5242.4604,-2577.0,160390.22,1011.9233,24750.0,0.0,0.24968651,-1757.0,0.9077224,614.2266,29.0,23494.463,1.44,774.7538,7.9038463,2529.067,431962.28,0.0042077564,378081.47,16966.113,0.0,-132.19705,0.031329,33.326317,0.94285715,0.58311266,1,-170.0,307208.47,0.20251048,12.333333,8613.63,2,0.90448624,1,0.1025479,0.0,0.0,0,12823.701,0.083333336,0.5833333,0.33333334,0.9777348,0.4571111,0.16666667,49.54514,12,0.16666667,0.014233142,0.23965093,0.0,1,0.33333334,0.0,0.16666667,0.0,0.014199425,0.06633385,0.0,0.083333336,0.33333334
0.7281413,0.5815439,0.5021294,0.108666666,-620.0,14670.0,0.12941177,0,15.0,-416.93738,1387826.9,1.4285715,12.061121,0.108666666,120,0,1.0,61.0,-21.0,0.0,-1433.0,5242.4604,-2555.0,0.0,1011.9233,57780.0,0.0,1.0,-1729.0,1.0961481,0.0,26.0,16327.375,54.675,-1068.0,8.552941,2529.067,431962.28,0.0,137254.5,18931.793,0.2,-132.19705,0.015221,9.340659,0.9508197,1.0,1,-728.6427,307208.47,0.05183298,12.2,0.0,2,0.8679975,0,0.1025479,0.0,0.0,0,12823.701,0.0,0.4,0.4,0.9777348,0.84615386,0.2,0.0,11,0.2,0.0,0.0,0.2,1,0.2,0.0,0.0,0.0,0.0,0.06633385,0.0,0.2,0.0
0.6161217,0.4282447,0.54338825,0.02638,-2974.0,35613.0,1.0654914,1,13.592881,-416.0,678578.9,0.5662409,12.061121,0.21245067,121,1,1.3829919,29.516104,-327.7884,0.1108971,-944.125,10601.775,-1879.0,27275.062,1002.0,11083.136,0.21486607,0.12417,0.0,0.96875226,-363.87296,37.84903,18754.361,5198.1606,740.0,12.26564,2529.067,344334.97,0.0,145269.39,13925.762,0.23777755,-76.5,0.028663,15.13074,0.90468615,0.75,0,-728.6427,26450.0,0.07275849,12.661583,6724.2266,2,0.8679975,0,0.0357,0.068525076,0.0,0,0.0,0.080552734,0.47940668,0.2845134,0.9965,0.4571111,0.21002875,0.0,10,0.35041127,0.0,0.5,0.14514303,0,0.25491133,0.2090302,0.14553413,0.027647203,0.014199425,0.06633385,0.010587371,0.053136926,0.14762497
0.6894792,0.28760186,0.5021294,0.11331638,-1663.0,29880.0,0.0,0,12.0,-45.0,210089.44,0.5662409,16.0,0.2656,-25,0,1.0,10.0,-367.0,0.33333334,-310.0,5242.4604,-2754.0,0.0,693.0,19170.0,0.0,0.426643,-659.0,1.0950422,0.0,6.0,30012.775,10976.445,-68.0,3.0,2529.067,13612.5,0.0,179739.0,9790.155,0.0,-7.0,0.003813,15.13074,0.7,0.6666667,1,-392.0,307208.47,0.03079374,13.666667,0.0,2,1.25,0,0.1025479,0.0,1.0,0,12823.701,0.0,0.33333334,0.0,0.9777348,0.41269842,0.0,0.0,11,0.33333334,0.0,0.0,0.0,1,1.0,0.6666667,0.6666667,0.0,0.0,0.06633385,0.1,0.0,0.0
0.29859498,0.0027668024,0.5021294,0.03238151,-1520.0,34042.5,0.09090909,0,10.0,-203.0,562955.7,0.5662409,12.061121,0.189125,-1,0,0.969697,36.0,-86.0,0.0,-604.375,148.5,-6751.0,27135.562,162.0,27000.0,0.0,0.17121749,-986.0,0.90330595,945.52637,32.0,17059.264,6536.34,132.0,8.30303,2529.067,71318.164,0.0,317090.8,16413.547,0.75,-11.0,0.010006,15.13074,0.8888889,0.75,1,-728.6427,288.0,0.0052082418,14.25,21236.85,2,0.8679975,1,0.013,0.0,0.0,0,0.0,0.0,0.75,0.25,0.9836,0.4571111,0.25,0.0,10,0.25,0.0,0.25,0.0,1,0.0,0.5,0.25,0.25,0.014199425,0.0081,0.0,0.0,0.0
0.5108563,0.15819718,0.5021294,0.07301738,-1088.0,37417.5,0.4375,0,8.0,-416.93738,324028.8,0.5662409,20.0,0.23757143,-45,0,0.9375,39.0,-1252.0,0.2,-1083.0499,5242.4604,-4327.0,160390.22,1011.9233,12600.0,0.23076923,0.30734915,-2041.0,1.0661361,685.52014,119.0,10125.9,978.3,774.7538,25.8125,2529.067,431962.28,0.0042077564,378081.47,9871.684,0.8,-132.19705,0.025164,15.13074,0.7948718,0.58311266,1,-2041.0,307208.47,0.0038772726,10.6,13789.17,2,1.011025,1,0.1025479,0.0,0.0,0,12823.701,0.0,0.6,0.0,0.9777348,0.4571111,0.0,49.54514,11,0.2,0.014233142,0.23965093,0.2,1,0.2,0.8,0.2,0.0,0.014199425,0.06633385,0.15384616,0.0,0.0
0.58674,0.3274209,0.5021294,0.10706667,-823.0,14454.0,0.0,0,8.0,-243.0,32875.785,0.5662409,12.061121,0.3212,-8,0,1.0,8.0,-47.0,0.0,-640.6667,0.0,-2419.0,2641.5,122.0,9000.0,0.0,0.33333334,-272.0,1.2744825,0.0,29.0,4109.473,4107.15,-621.0,21.125,0.0,2380.5,0.0,19755.0,4109.805,1.0,-30.0,0.02461,15.13074,1.0,0.6666667,1,-728.6427,307208.47,0.07275849,12.0,0.0,2,0.8679975,0,0.1025479,0.0,0.0,0,0.0,0.0,1.0,0.0,0.9777348,0.4571111,0.0,0.0,11,1.0,0.0,0.0,0.0,0,0.0,1.0,0.0,0.0,0.014199425,0.06633385,0.0,0.0,0.0
0.47045612,0.35514066,0.10125664,0.033195,-162.0,29875.5,0.0,0,6.0,-711.0,67560.03,0.5662409,12.061121,0.33195,-58,0,1.0,6.0,-291.0,0.0,-720.5,5242.4604,-523.0,287966.25,1115.0,0.0,0.0,0.1,-432.0,0.94983673,0.0,48.0,13512.006,11321.235,-609.0,29.2,2529.067,431962.28,0.0,464017.5,11321.235,0.0,-27.0,0.001417,15.13074,0.8333333,0.5,1,-728.6427,307208.47,0.07275849,11.0,0.0,2,0.8679975,1,0.1025479,0.0,0.0,0,0.0,0.0,1.0,0.0,0.9777348,0.4571111,0.0,0.0,8,1.0,0.0,0.0,0.0,0,1.0,0.0,0.0,0.0,0.014199425,0.06633385,0.0,0.0,1.0
0.5424451,0.6441413,0.5021294,0.05,-65.0,12375.0,0.70149255,1,24.0,-122.0,379748.75,0.5662409,7.0,0.05392157,-3,1,0.880597,61.0,-3.0,0.0,-438.25,5242.4604,-5159.0,126195.75,482.0,2250.0,0.06557377,0.92727274,-1817.0,0.9931812,799.38135,36.0,5667.8916,287.55,-274.0,7.761194,2529.067,431962.28,0.0,175727.25,6168.0,0.25,-21.0,0.035792,15.13074,0.9508197,0.25,0,-728.6427,187000.33,0.00018598158,13.0,6362.415,2,0.8679975,1,0.1025479,0.25,0.0,1,40500.0,0.0,0.25,0.0,0.9777348,0.4571111,0.0,0.0,12,0.25,0.0,0.5,0.0,1,0.25,0.75,0.5,0.0,0.014199425,0.06633385,0.016393442,0.0,0.25
0.51369375,0.26525635,0.5021294,0.029388603,-3509.0,25191.0,0.0,1,15.0,-225.0,795065.8,1.3333334,12.061121,0.1866,-6,0,1.0,33.0,-23.0,0.0,-1950.5,0.0,-1540.0,71215.5,50.0,0.0,0.0,0.1574952,-1097.0,0.9111406,0.0,60.0,17668.129,100.035,-782.0,13.577778,2529.067,247248.67,0.0,77957.44,19790.46,0.14285715,-11.5,0.00712,9.027778,0.93939394,0.75,1,-728.6427,347778.0,0.004833312,14.285714,0.0,2,0.8679975,0,0.0545,0.0,2.0,0,0.0,0.0,0.5714286,0.42857143,0.9747,0.4571111,0.14285715,0.0,16,0.14285715,0.0,0.25,0.14285715,0,0.14285715,0.0,0.2857143,0.14285715,0.014199425,0.038,0.0,0.14285715,0.0
0.64136827,0.0207229,0.7526655,0.07523414,-2384.1423,20785.5,0.6,1,14.571428,-221.0,3029950.8,0.5662409,12.061121,0.13585295,75,0,0.97333336,78.0,-203.0,0.0,-1583.6,5242.4604,-1046.0,138690.0,510.0,0.0,0.0,0.55379105,0.0,0.76493406,697.3446,39.0,40399.344,4.185,-161.0,6.6266665,2529.067,713690.94,0.0,857250.0,25852.057,0.2857143,-4.0,0.010006,0.0,0.9358974,0.8,1,-728.6427,307208.47,0.11887537,10.142858,25720.56,2,0.8679975,1,0.121,0.0,0.0,0,0.0,0.0,0.42857143,0.5714286,0.9886,0.49906018,0.14285715,0.0,12,0.0,0.0,0.0,0.14285715,0,0.42857143,0.0,0.14285715,0.2857143,0.0,0.0488,0.0,0.14285715,0.14285715
0.735221,0.66957045,0.5021294,0.066218354,-193.0,7533.0,86.14815,0,8.0,-434.0,97246.44,0.5662409,8.0,0.04185,7,0,0.5925926,87.0,-154.0,0.0,-937.6667,5242.4604,-1912.0,33585.0,687.0,16339.5,0.0,1.5822785,-2688.0,1.2024024,3056.12,37.0,3601.72,714.87,444.0,3.2962964,2529.067,1168920.5,0.0,142500.0,5452.7627,0.0,-27.0,0.019689,15.13074,0.9770115,0.6666667,1,-728.6427,307208.47,0.0045412355,14.0,7223.49,2,0.8679975,0,0.0536,0.5,0.0,0,0.0,0.0,0.5,0.5,0.9791,0.4571111,0.5,0.0,10,0.5,0.0,0.6666667,0.0,1,0.0,0.0,0.0,0.0,0.014199425,0.0249,0.0,0.0,0.5
0.7136314,0.75396836,0.5291115,0.030411866,-1838.0,41800.5,1.0654914,1,13.592881,-416.93738,678578.9,0.5662409,12.061121,0.2654,-48,0,1.3829919,29.516104,-327.7884,0.1108971,-1144.0,5242.4604,-4352.0,0.0,1011.9233,11083.136,0.21486607,0.11458879,-2.0,0.96875226,-363.87296,37.84903,18754.361,5198.1606,-808.0,12.26564,2529.067,431962.28,0.0,152919.0,13925.762,0.23777755,-132.19705,0.04622,15.13074,0.90468615,1.0,1,-728.6427,307208.47,0.07275849,12.661583,6724.2266,1,0.8679975,0,0.0746,0.068525076,0.0,0,12823.701,0.080552734,0.47940668,0.2845134,0.9791,0.4571111,0.21002875,0.0,12,0.35041127,0.0,0.0,0.14514303,1,0.25491133,0.2090302,0.14553413,0.027647203,0.014199425,0.0619,0.010587371,0.053136926,0.14762497
0.5108563,0.55289227,0.5021294,0.10245454,-1098.0,5071.5,0.0,1,6.0,-534.0,99913.14,0.5662409,12.061121,0.06261111,-26,0,1.0,12.0,-150.0,0.0,-534.0,5242.4604,-2328.0,82174.5,1011.9233,9000.0,0.0,1.6363636,-476.0,1.0167311,0.0,12.0,9083.013,8366.31,774.7538,7.5454545,2529.067,431962.28,0.0,90000.0,5308.155,0.5,-8.0,0.028663,0.0,0.9166667,0.0,1,-728.6427,307208.47,0.0005598622,12.5,0.0,2,0.8679975,0,0.1025479,0.0,0.0,0,12823.701,0.5,0.0,0.0,0.9777348,0.11111111,0.0,0.0,10,1.0,0.0,0.0,0.0,1,0.0,1.0,0.0,0.0,0.0,0.06633385,0.0,0.0,0.0
0.22258076,0.6394762,0.5021294,0.03894,-546.0,26284.5,0.88235295,1,23.333334,-155.0,400897.5,0.5662409,0.0,0.2124,-84,1,0.88235295,33.0,-242.0,0.0,-1178.8889,5242.4604,-3319.0,247431.0,975.0,6030.225,0.6666667,0.18333334,-2632.0,1.0872527,1075.8971,34.0,11791.103,239.625,-109.0,7.2352943,2529.067,283104.66,0.0,320686.5,6096.75,0.0,-26.8,0.018634,15.13074,0.8787879,0.44444445,1,-728.6427,13415.8,0.020046989,14.333333,8905.5,2,0.8679975,1,0.1025479,0.0,0.0,0,0.0,0.0,0.6666667,0.33333334,0.9777348,0.4571111,0.33333334,868.0,20,0.33333334,0.0,0.11111111,0.33333334,0,0.6666667,0.6666667,0.0,0.0,0.014199425,0.06633385,0.030303031,0.0,0.0
0.25946766,0.5084857,0.5021294,0.07343397,-2384.1423,14359.5,1.3333334,1,12.0,-14.0,60331.32,0.5662409,12.061121,0.13295834,0,0,1.0047342,9.0,-16.0,0.0,-480.93332,0.0,-10446.0,31385.7,-1.0,11083.136,0.0,0.5523082,-288.0,1.0,8.2275,33.0,5027.61,485.505,-125.0,8.333333,0.0,311507.44,0.2,73996.2,4905.45,0.0,-9.857142,0.031329,15.13074,1.0,0.53333336,0,-728.6427,17658.477,0.07275849,8.0,4513.86,2,0.8679975,0,0.1339,0.0,0.0,0,0.0,0.5,1.0,0.0,0.9856,0.38868925,0.0,0.0,9,1.0,0.0,0.0,0.0,0,0.5,0.0,0.0,0.0,0.0,0.1193,0.0,0.0,1.0
0.4650692,0.5686346,0.32753068,0.078519754,-359.0,12699.0,0.0,1,6.0,-916.0,30490.2,0.5662409,12.061121,0.13502392,-60,0,1.0,4.0,-36.0,0.0,-1260.6666,5242.4604,-5465.0,95190.75,-128.0,3447.0,0.0,0.5815248,-152.0,0.9295946,0.0,7.0,7622.55,7622.55,774.7538,4.75,2529.067,431962.28,0.0,303385.5,7622.55,1.0,-312.33334,0.006629,15.13074,1.0,0.0,1,-728.6427,132777.33,0.07275849,5.0,0.0,2,0.8679975,0,0.1025479,0.0,0.0,0,0.0,0.0,0.0,1.0,0.9777348,0.4571111,0.0,0.0,5,1.0,0.0,0.33333334,1.0,0,0.0,1.0,0.0,0.0,0.014199425,0.06633385,0.0,0.0,0.0
0.44539624,0.5740116,0.8175806,0.042537507,-2384.1423,32980.5,3.0,1,24.2,-97.0,191508.03,0.5662409,12.061121,0.112753846,45,1,1.0,22.0,-12.0,0.0,-1047.2,0.0,-133.0,0.0,84.0,43852.5,0.59090906,0.37725994,0.0,1.162527,0.0,29.0,9575.401,4798.395,-134.0,8.1,0.0,693121.3,0.0,353396.7,16133.553,0.125,-10.0,0.030755,15.13074,0.90909094,0.6,1,-728.6427,357858.0,0.17528783,14.5,0.0,2,0.8679975,1,0.0159,0.0,0.0,0,630023.6,0.0,0.375,0.375,0.9434,0.4571111,0.5,0.0,10,0.125,0.0,0.2,0.0,0,0.125,0.125,0.0,0.0,0.014199425,0.0,0.045454547,0.375,0.25
0.7267112,0.69671834,0.5021294,0.038961604,-4908.0,4018.5,0.2,0,5.0,-1309.0,280755.94,0.5662409,10.0,0.01786,-89,1,0.93333334,17.0,-518.0,0.0,-2046.5,3234.6113,-1230.0,958637.56,5994.0,22500.0,0.0,2.181501,-2767.0,1.3764002,234.432,55.0,18717.062,2.115,-366.0,14.866667,2529.067,806268.1,0.0,1430550.2,16819.875,0.2,-11.0,0.010006,15.13074,0.8235294,0.875,1,-728.6427,307208.47,0.31027427,14.4,3514.365,2,0.8679975,1,0.075,0.0,0.0,0,0.0,0.0,0.6,0.4,0.9826,0.10526316,0.6,0.0,10,0.2,0.125,0.0,0.4,1,0.0,0.4,0.2,0.0,0.0,0.06633385,0.0,0.0,0.0
0.42765737,0.56988394,0.22005934,0.07244,-1595.0,8149.5,0.05,1,18.0,-328.0,303902.25,0.5662409,12.061121,0.07244,-56,0,1.0,22.0,-315.0,0.0,-459.6,0.0,-3442.0,144231.3,596.0,0.0,0.0,1.0,-750.0,0.9267622,0.0,11.0,15195.111,7029.09,-153.0,4.9,2529.067,19406.334,0.0,184770.0,8389.282,0.0,-50.5,0.007114,15.13074,0.90909094,0.6,1,-728.6427,7200.0,0.010727549,14.0,0.0,2,0.8679975,1,0.1025479,0.5,0.0,0,0.0,0.0,1.0,0.0,0.9777348,0.4571111,0.0,0.0,13,0.5,0.0,0.2,0.0,1,0.5,0.0,0.5,0.0,0.014199425,0.06633385,0.0,0.0,0.5
0.5108563,0.19480097,0.70275635,0.060425,-2932.0,21753.0,0.093023255,0,10.5,-416.93738,320331.9,0.5,12.061121,0.16113333,-43,0,0.9767442,28.0,-25.0,0.0,-1083.0499,5242.4604,-5865.0,160390.22,1011.9233,0.0,0.0,0.375,-777.0,0.86391276,181.02872,29.0,7449.5796,99.585,774.7538,4.6976743,2529.067,431962.28,0.0042077564,378081.47,8310.9375,0.1,-132.19705,0.018634,82.48889,0.9285714,0.58311266,0,-728.6427,307208.47,0.009254548,18.4,6801.93,2,0.8679975,1,0.1025479,0.0,0.0,0,12823.701,0.1,0.7,0.2,0.9777348,0.4571111,0.0,49.54514,18,0.1,0.014233142,0.23965093,0.7,1,0.2,0.1,0.0,0.0,0.014199425,0.06633385,0.0,0.0,0.0
0.7016958,0.52519387,0.6124063,0.05346405,-213.0,36810.0,0.15625,1,9.0,-849.0,827256.8,0.5662409,4.0,0.21526316,-126,0,0.96875,39.0,-393.0,0.16666667,-1671.5834,0.0,-5922.0,-1.835,-1035.0,8001.0,0.0,0.24836601,-1931.0,1.0548599,5845.635,35.0,25851.775,5121.63,7000.0,6.6875,0.0,714553.4,0.0,1640489.4,19280.8,0.0,-693.0,0.025164,15.13074,0.8974359,0.8333333,1,-629.0,357012.5,0.014789364,13.833333,171941.58,2,1.25,1,0.1025479,0.0,1.0,0,8.2575,0.0,0.5,0.0,0.9777348,0.01754386,0.33333334,0.0,8,0.16666667,0.16666667,0.25,0.16666667,0,0.5,0.16666667,0.0,0.0,0.0,0.06633385,0.0,0.0,0.16666667
0.23922628,0.49971214,0.5021294,0.06717491,-1384.0,25218.0,0.30555555,1,13.333333,-322.0,577202.7,0.5662409,12.061121,0.20014286,61,0,0.9166667,34.0,-36.0,0.25,-805.6,0.0,-8769.0,96400.8,225.0,0.0,0.0,0.33563483,-1247.0,0.79935205,1077.9938,55.0,16033.409,235.89,-824.0,10.888889,2529.067,4050.0,0.0,264040.28,14169.93,0.0,-15.0,0.009334,15.13074,0.9705882,0.4,1,-327.0,80743.0,0.0065111252,14.75,12645.045,2,0.7163324,1,0.1025479,0.0,0.0,0,0.0,0.16666667,0.75,0.25,0.9777348,0.575766,0.33333334,0.0,10,0.083333336,0.0,0.4,0.16666667,0,0.083333336,0.083333336,0.0,0.0,0.024,0.06633385,0.0,0.0,0.0
0.70769936,0.6615932,0.5021294,0.05,-5125.0,10125.0,0.0,1,20.0,-416.93738,216309.42,0.5662409,12.061121,0.10227273,36,1,1.0,26.0,-29.0,0.0,-1205.6666,4255.875,-4247.0,0.0,1011.9233,0.0,0.0,0.4888889,-1764.0,0.87477463,0.0,32.0,9012.893,3741.57,426.0,20.083334,2529.067,1294988.6,0.0,139222.34,10769.745,0.2,-132.19705,0.019101,15.13074,0.96153843,1.0,1,-728.6427,307208.47,0.011941928,15.2,0.0,2,0.8679975,0,0.1025479,0.2,0.0,1,12823.701,0.0,0.4,0.6,0.9777348,0.4571111,0.2,0.0,13,0.2,0.0,0.16666667,0.0,1,0.0,0.0,0.2,0.0,0.014199425,0.06633385,0.0,0.2,0.4
0.42061096,0.7625535,0.5021294,0.107004374,-2724.0,15399.0,4.214286,0,10.666667,-132.0,220215.33,0.5662409,7.0,0.07604445,-109,0,0.75,26.0,-459.0,0.0,-795.9286,5242.4604,-1779.0,244098.33,-172.0,3847.5,0.07692308,1.4071294,-10.0,0.9003252,1162.1266,26.0,7864.833,49.635,2657.0,6.571429,2529.067,604956.7,0.0,590803.7,6652.425,0.33333334,-74.25,0.010006,15.13074,0.88461536,0.71428573,1,-728.6427,8977.667,5.129116e-05,11.333333,4963.86,2,0.8679975,1,0.0387,0.0,0.0,0,0.0,0.0,0.33333334,0.6666667,0.9841,0.4571111,0.0,0.0,8,0.0,0.0,0.0,0.0,1,0.6666667,0.6666667,0.33333334,0.0,0.014199425,0.0152,0.0,0.0,0.0
0.58499,0.59205765,0.5021294,0.054373793,-718.0,55719.0,0.0,1,10.0,-258.0,59556.51,0.5662409,13.0,0.15925401,-82,1,1.0,7.0,-398.0,0.0,-1385.1786,10335.6,-723.0,301691.25,117.0,0.0,0.0,0.34142807,-554.0,0.9191473,0.0,51.0,11911.302,6110.01,8476.0,39.4,0.0,586020.5,0.0,773884.3,6110.01,0.0,-301.6,0.010032,15.13074,0.71428573,0.8214286,1,-728.6427,359715.3,0.07275849,12.0,0.0,2,0.8679975,1,0.1025479,0.0,0.0,0,0.0,0.0,1.0,0.0,0.9777348,0.25443044,1.0,0.0,9,1.0,0.0,0.17857143,1.0,1,0.0,1.0,0.0,0.0,0.0035807558,0.06633385,0.14285715,0.0,0.0
0.7662337,0.78563845,0.83256966,0.1061,-2915.0,33421.5,0.0,1,17.5,-56.0,526583.3,0.5662409,1.0,0.2122,-83,1,1.0,45.0,-30.0,0.2,-1870.0,0.0,-5519.0,0.0,675.0,21330.0,0.0,0.5,-870.0,1.0261284,0.0,39.0,12537.698,8025.48,-1746.0,12.0,2529.067,21123.0,0.0,170055.9,13185.495,0.0,-6.0,0.04622,15.13074,0.95555556,0.8,0,-331.0,307208.47,0.0034134788,11.0,0.0,1,1.0,1,0.0767,0.2,0.0,0,12823.701,0.2,0.4,0.2,0.9896,0.4571111,0.6,0.0,14,0.2,0.0,0.2,0.0,1,0.0,0.0,0.0,0.0,0.014199425,0.06633385,0.0,0.0,0.0
0.5108563,0.5365538,0.5178797,0.107969224,-3600.0,51151.5,0.0,1,8.0,-416.93738,216226.75,0.5662409,8.0,0.3789,-100,0,1.0,12.0,-24.0,0.4,-1083.0499,5242.4604,-4160.0,160390.22,1011.9233,0.0,0.0,0.2849544,-488.0,0.9832754,0.0,6.0,19656.979,14178.69,774.7538,3.909091,2529.067,431962.28,0.0042077564,378081.47,17192.295,0.0,-132.19705,0.020713,15.13074,0.9166667,0.58311266,1,-50.0,307208.47,0.000839135,12.6,0.0,2,1.0,1,0.1025479,0.0,0.0,0,12823.701,0.2,0.6,0.0,0.9777348,0.4571111,0.2,49.54514,14,0.2,0.014233142,0.23965093,0.0,1,0.2,0.0,0.0,0.0,0.014199425,0.06633385,0.0,0.0,0.6
0.51729655,0.37171695,0.5021294,0.032420702,-335.0,26217.0,0.54545456,1,11.0,-295.0,179675.42,0.5662409,7.0,0.16645715,-28,0,1.0,23.0,-324.0,0.0,-1635.6666,1091.808,-3313.0,44539.38,215.0,0.0,0.0,0.19476905,-296.0,0.8545697,0.0,15.0,8167.0645,4530.42,-506.0,6.318182,0.0,815064.0,0.0,100555.37,7870.6577,0.6666667,-350.5,0.00733,15.13074,0.95652175,0.6666667,1,-728.6427,865928.0,0.009596317,12.666667,0.0,2,0.8679975,0,0.1025479,0.0,0.0,0,23651.55,0.0,0.33333334,0.33333334,0.9777348,0.4077536,0.0,0.0,15,0.33333334,0.0,0.5,0.33333334,1,0.0,0.6666667,0.0,0.0,0.0,0.06633385,0.0,0.0,0.0
0.21518241,0.23868677,0.15010706,0.026374346,-371.0,18135.0,1.0654914,1,13.592881,-377.0,678578.9,0.5662409,12.061121,0.15440613,125,0,1.3829919,29.516104,-327.7884,0.1108971,-483.66666,5242.4604,-75.0,249438.0,-10.0,11083.136,0.21486607,0.17081152,0.0,0.96875226,-363.87296,37.84903,18754.361,5198.1606,774.7538,12.26564,2529.067,431962.28,0.0,428232.0,13925.762,0.23777755,-40.0,0.04622,15.13074,0.90468615,0.0,0,-728.6427,8633.333,0.07275849,12.661583,6724.2266,1,0.8679975,0,0.1025479,0.068525076,1.0,0,0.0,0.080552734,0.47940668,0.2845134,0.9777348,0.4571111,0.21002875,0.0,10,0.35041127,0.0,0.33333334,0.14514303,0,0.25491133,0.2090302,0.14553413,0.027647203,0.014199425,0.06633385,0.010587371,0.053136926,0.14762497
0.5460232,0.68397677,0.5021294,0.038946856,-4056.0,25195.5,0.06508876,0,14.142858,-775.0,3860211.0,0.041666668,12.061121,0.139975,65,1,1.0337985,88.0,-30.0,0.05882353,-2122.1667,0.0,-8882.0,78359.5,1051.0,4374.0,0.0,0.27824152,-1584.0,0.90106237,-958.9239,79.0,22841.484,59.22,-880.0,5.6923075,0.0,400375.62,0.0,315405.38,22494.803,0.4117647,-1091.6666,0.032561,0.125,0.875,0.75,1,-428.0,843187.0,0.06663676,13.176471,8733.645,1,0.9558402,1,0.18,0.05882353,0.0,0,234000.0,0.05882353,0.4117647,0.5882353,0.9712,0.4571111,0.0,0.0,11,0.05882353,0.0,0.25,0.29411766,1,0.3529412,0.05882353,0.11764706,0.0,0.014199425,0.06633385,0.011363637,0.05882353,0.1764706
0.71949077,0.7415177,0.79095095,0.027563013,-2000.0,55507.5,1.5877193,0,21.0,-691.0,2371160.5,0.083333336,26.0,0.21267241,-56,1,1.0116686,18.0,-210.0,0.0,-1510.0,8441.1,-4800.0,121994.8,-599.0,11083.136,0.0,0.12960315,-3069.0,0.94014966,-1473.5381,30.0,20799.654,66.285,423.0,7.1666665,0.0,573621.56,0.0,727223.0,47817.18,0.0,-311.0,0.035792,0.18903509,0.8888889,0.6666667,1,-728.6427,72860.914,4.917219e-05,11.5,263.88,2,0.8679975,1,0.1025479,0.0,0.0,0,31111.154,0.0,0.5,0.5,0.9777348,0.4571111,0.0,0.0,13,0.0,0.0,0.25,0.5,0,1.0,0.0,0.0,0.0,0.014199425,0.06633385,0.0,0.0,0.0
0.75574005,0.25290033,0.5021294,0.07246,-1572.0,16303.5,0.84782606,0,13.333333,-56.0,863465.2,0.5662409,12.061121,0.12076667,79,0,0.9130435,88.0,-29.0,0.33333334,-1126.3077,7453.485,-5151.0,17394.305,1040.0,3600.0,0.11363637,0.6,-1790.0,0.6229492,441.37222,54.0,9385.491,96.21,-91.0,9.315217,0.0,155599.22,0.0,104610.61,8849.655,0.33333334,-18.5,0.01885,15.13074,0.9431818,0.84615386,1,-778.0,7564.5,0.22109766,11.777778,6321.33,2,0.0,0,0.1025479,0.0,0.0,0,65768.35,0.0,0.5555556,0.44444445,0.9777348,0.37646106,0.11111111,0.0,9,0.0,0.0,0.07692308,0.11111111,1,0.22222222,0.22222222,0.33333334,0.0,0.045764316,0.06633385,0.011363637,0.11111111,0.11111111
0.5108563,0.65044665,0.7980653,0.06709425,-4422.0,48298.5,0.9076923,1,13.2,-416.93738,1674865.1,0.5662409,12.061121,0.268325,-6,1,0.7846154,55.0,-171.0,0.0,-1083.0499,5242.4604,-3692.0,160390.22,1011.9233,14904.0,0.16363636,0.25004846,-1737.0,0.98845875,10232.507,40.0,25767.156,2.16,774.7538,9.707692,2529.067,431962.28,0.0042077564,378081.47,22499.72,0.14285715,-132.19705,0.04622,15.13074,0.92727274,0.58311266,1,-728.6427,307208.47,0.0050037005,17.428572,50202.45,1,0.8679975,0,0.1025479,0.0,0.0,0,12823.701,0.0,0.2857143,0.14285715,0.9777348,0.4571111,0.14285715,49.54514,13,0.14285715,0.014233142,0.23965093,0.14285715,0,0.42857143,0.0,0.0,0.0,0.014199425,0.06633385,0.0,0.0,0.0
0.68638235,0.5615407,0.5021294,0.032518182,-121.0,16096.5,4.0277777,0,6.0,-416.93738,208552.28,1.6,12.061121,0.1625909,50,1,0.7222222,20.0,-24.0,0.0,-599.3333,5242.4604,-5542.0,0.0,1011.9233,0.0,0.0,0.2,-2235.0,0.92659116,3255.6313,31.0,5793.1187,0.765,-323.0,6.5555553,2529.067,6582.3335,0.0,81000.0,9620.295,0.2,-132.19705,0.031329,2.8,0.95,1.0,1,-728.6427,307208.47,0.008005864,9.6,11720.97,2,0.8679975,0,0.1025479,0.0,0.0,0,12823.701,0.0,0.6,0.4,0.9777348,0.4571111,0.0,0.0,10,0.2,0.0,0.0,0.2,0,0.2,0.0,0.0,0.0,0.014199425,0.06633385,0.0,0.0,0.2
0.064237036,0.70867276,0.5021294,0.033195,-837.0,29875.5,0.0,1,6.0,-123.0,159102.94,0.5662409,12.061121,0.09484286,17,1,1.0,14.0,-126.0,0.0,-657.3333,5242.4604,-1482.0,35610.75,61.0,11691.0,0.0,0.35,-822.0,1.1231799,0.0,13.0,13258.579,9407.385,-881.0,9.333333,2529.067,431962.28,0.0,49849.98,13261.68,0.5,-65.5,0.010147,15.13074,0.85714287,0.33333334,0,-728.6427,199712.0,0.032166686,17.0,0.0,2,0.8679975,0,0.1025479,0.0,0.0,0,0.0,0.0,0.5,0.5,0.9777348,0.4571111,0.0,0.0,16,0.5,0.0,0.33333334,0.0,1,0.5,0.5,0.0,0.0,0.014199425,0.06633385,0.0,0.0,0.0
0.832785,0.4838856,0.5021294,0.039823774,-4424.0,31077.0,0.015384615,0,27.0,-416.93738,1173744.9,0.031578947,17.0,0.24664286,73,0,1.0175391,99.0,-31.0,0.0,-2515.0,5242.4604,-11900.0,0.0,1011.9233,0.0,0.0,0.16146332,-971.0,0.8908897,-256.5142,30.0,9028.807,53.64,-1784.0,4.1769233,2529.067,431962.28,0.0,292500.0,20571.773,0.0,-132.19705,0.020713,0.094736844,0.97979796,1.0,1,-728.6427,307208.47,0.0018098835,11.5,0.0,3,0.8679975,1,0.1025479,0.0,1.0,0,12823.701,0.0,0.0,1.0,0.9777348,0.4571111,0.5,0.0,9,0.0,0.0,0.0,0.0,1,0.5,0.0,0.0,0.0,0.014199425,0.06633385,0.0,0.5,0.0
0.5971924,0.6804258,0.5021294,0.032496404,-914.0,17694.0,0.0,1,23.6,-230.0,1831458.1,0.5662409,12.061121,0.14562963,-127,0,1.2867289,59.0,-15.0,0.0,-1117.625,0.0,-6968.0,27496.688,227.0,6363.0,0.0,0.22314419,-1324.0,1.0089353,-8885.011,28.0,32704.61,4196.205,1240.0,10.017858,0.0,926068.3,0.0,149696.3,14418.558,0.16666667,-13.0,0.019689,15.13074,0.9322034,0.625,1,-728.6427,34516.332,0.023299055,9.5,0.0,2,0.8679975,1,0.1025479,0.16666667,2.0,0,0.0,0.0,0.5,0.16666667,0.9777348,0.25937134,0.33333334,0.0,15,0.16666667,0.0,0.25,0.0,1,0.16666667,0.33333334,0.0,0.0,0.0,0.06633385,0.0,0.33333334,0.0
0.80274546,0.74906415,0.5021294,0.057915196,-2384.1423,14751.0,0.11111111,1,9.0,-1799.0,189780.3,0.5662409,12.061121,0.10926667,-126,0,1.0,11.0,-42.0,0.0,-2031.0,0.0,-13059.0,0.0,1011.9233,0.0,0.0,0.5300353,-311.0,0.9416961,0.0,12.0,21086.7,16253.64,-1831.0,3.7777777,0.0,97020.336,0.0,111097.125,19878.795,0.0,-848.0,0.04622,15.13074,0.90909094,0.75,1,-728.6427,307208.47,0.0067986865,16.571428,0.0,1,0.8679975,1,0.2015,0.0,0.0,0,13500.0,0.0,0.71428573,0.2857143,0.9816,0.4571111,0.14285715,0.0,15,0.14285715,0.0,0.25,0.0,0,0.14285715,0.0,0.71428573,0.0,0.014199425,0.06633385,0.0,0.0,0.0
0.39621958,0.7194279,0.5021294,0.069924034,-468.0,27337.5,4.1153846,1,10.5,-416.93738,304606.03,0.5662409,12.061121,0.20948276,-81,0,0.84615386,46.0,-384.0,0.0,-1875.3334,816.75,-7341.0,0.0,1011.9233,16200.0,1.0652174,0.33379373,-1482.0,1.0552452,1652.316,42.0,5857.8086,197.46,-145.0,8.403846,2529.067,1247784.8,0.0,68007.75,6893.471,0.16666667,-132.19705,0.032561,15.13074,0.8913044,0.8333333,1,-728.6427,307208.47,0.007494641,15.333333,10512.72,1,0.8679975,0,0.2107,0.0,0.0,0,12823.701,0.0,0.5,0.33333334,0.9742,0.4571111,0.33333334,0.0,15,0.0,0.0,0.0,0.33333334,1,0.16666667,0.16666667,0.16666667,0.0,0.014199425,0.0,0.04347826,0.16666667,0.33333334
0.5108563,0.61840886,0.5946265,0.029364035,-4578.0,30127.5,0.0,1,21.0,-416.93738,2519841.8,0.0,1.0,0.103,12,1,1.0809357,22.0,-11.0,0.0,-1083.0499,5242.4604,-1362.0,160390.22,1011.9233,48595.5,0.0,0.2850877,-1825.0,0.87629306,-1705.5254,44.0,35490.73,28.44,774.7538,4.0422535,2529.067,431962.28,0.0042077564,378081.47,44789.83,0.0,-132.19705,0.026392,6.7987013,0.8636364,0.58311266,1,-728.6427,307208.47,0.22259901,14.545455,0.0,2,0.8679975,1,0.1025479,0.09090909,0.0,0,12823.701,0.0,0.54545456,0.18181819,0.9777348,0.4571111,0.27272728,49.54514,11,0.09090909,0.014233142,0.23965093,0.0,0,0.09090909,0.0,0.18181819,0.0,0.014199425,0.06633385,0.0,0.27272728,0.54545456
0.69409263,0.6767103,0.5021294,0.10296962,-9895.0,26838.0,0.5597826,0,27.0,-832.0,3462526.2,0.42105263,17.0,0.1491,-41,0,0.98913044,77.0,-56.0,0.0,-1231.5,5242.4604,-7609.0,299292.3,994.0,11083.136,0.0,0.6906077,-1745.0,0.8339514,117.391304,75.0,18818.078,0.0,-245.0,16.826086,2529.067,373986.94,0.0,571057.3,22780.092,0.0,-7.0,0.018029,0.6931691,0.96103895,0.875,1,-728.6427,307208.47,0.0035541556,7.0,10800.0,3,0.8679975,1,0.1025479,0.0,0.0,0,12823.701,0.0,0.25,0.75,0.9777348,0.72932035,0.25,0.0,6,0.0,0.0,0.125,0.25,0,0.75,0.0,0.25,0.0,0.0069444445,0.06633385,0.0,0.25,0.0
0.19406782,0.54874253,0.22816512,0.05,-746.0,9000.0,0.0,1,12.666667,-103.0,328943.16,0.5662409,12.061121,0.08,-71,0,1.0,27.0,-32.0,0.0,-991.1111,4088.25,-6794.0,11996.0,30998.0,4500.0,0.0,0.625,-2246.0,0.9335388,0.0,26.0,13157.727,4792.59,11.0,5.64,2529.067,128166.336,0.0,95631.1,8533.395,0.5,-9.0,0.025164,15.13074,0.962963,0.7777778,0,-728.6427,285012.5,0.03893546,14.5,0.0,2,0.8679975,0,0.1025479,0.0,0.0,1,12823.701,0.0,0.5,0.25,0.9777348,0.4571111,0.0,0.0,15,0.25,0.0,0.6666667,0.25,0,0.25,0.25,0.0,0.25,0.014199425,0.06633385,0.0,0.0,0.25
0.6144144,0.6372297,0.27329737,0.118667915,-1963.0,15939.0,0.04,1,8.0,-366.0,110572.29,0.0,12.061121,0.1012,-32,1,1.0,10.0,-22.0,0.33333334,-1177.5,6437.8013,-1362.0,39732.0,-1853.0,0.0,0.0,1.1726079,-1335.0,0.9513368,0.0,40.0,4422.8916,50.715,-1020.0,7.8,6437.8013,0.5,0.0,104850.09,5896.71,0.6666667,-22.75,0.006671,70.75,0.9,0.33333334,0,-289.0,447216.66,0.004317253,14.0,0.0,2,0.9774152,0,0.1025479,0.0,0.0,0,1061.46,0.6666667,1.0,0.0,0.9777348,0.4571111,0.0,0.0,16,0.6666667,0.0,0.33333334,0.6666667,1,0.0,1.0,0.0,0.0,0.014199425,0.06633385,0.1,0.0,0.0
0.6479769,0.22943184,0.5021294,0.04810342,-3087.0,29304.0,0.45,1,21.0,-727.0,2022152.2,0.5662409,12.061121,0.18605714,-61,0,1.5787275,20.0,-20.0,0.0,-1036.8334,0.0,-7886.0,95613.0,7.0,4500.0,0.0,0.25854108,0.0,0.9763515,-35052.902,54.0,101107.62,4934.7,-994.0,16.5,0.0,0.5,0.0,214934.55,29150.055,0.5,-25.75,0.032561,15.13074,0.95,0.33333334,1,-728.6427,76415.336,0.0063822037,14.0,10949.85,1,0.8679975,1,0.078,0.0,0.0,0,34225.65,0.0,0.5,0.0,0.9816,0.4571111,0.5,0.0,19,0.5,0.0,0.5,0.5,0,0.0,0.0,0.0,0.0,0.014199425,0.06633385,0.0,0.5,0.0
0.75440615,0.7147967,0.3916752,0.052607045,-304.0,27423.0,0.033333335,0,8.0,-234.0,878700.0,0.5662409,11.0,0.076175,-57,1,1.0,68.0,-392.0,0.0,-609.0,19748.25,-1221.0,0.0,1176.0,8887.5,0.0,0.6906077,0.0,0.8503207,0.0,44.0,14645.0,5681.475,-95.0,9.9,29622.375,18432.0,0.0,891101.25,11574.595,0.6666667,-253.25,0.010006,0.0,0.89705884,0.33333334,1,-728.6427,87514.664,0.10448601,13.444445,0.0,1,0.8679975,1,0.0484,0.0,0.0,0,12823.701,0.0,0.33333334,0.5555556,0.9856,0.4571111,0.11111111,0.0,9,0.11111111,0.0,0.33333334,0.22222222,1,0.11111111,0.33333334,0.22222222,0.0,0.014199425,0.0473,0.0,0.0,0.11111111
0.3556387,0.76404697,0.5021294,0.032397326,-1326.0,30528.0,4.177778,1,9.0,-792.0,273583.03,0.010869565,12.061121,0.3392,-27,0,0.94074076,39.0,-18.0,0.33333334,-1105.8334,0.0,-8970.0,12241.8,559.0,22500.0,0.0,0.09551098,-1635.0,0.8006157,247.33034,48.0,2026.541,0.09,-42.0,2.8074074,2529.067,811728.7,0.0,114665.25,5785.56,0.6666667,-410.5,0.019101,0.02150024,0.9230769,0.6666667,1,-2260.0,6612.5,0.1655904,11.666667,11096.37,2,1.0,0,0.01,0.0,0.0,0,0.0,0.0,0.16666667,0.0,0.9781,0.4571111,0.0,0.0,9,0.0,0.0,0.33333334,0.16666667,1,0.16666667,0.6666667,0.16666667,0.0,0.014199425,0.0504,0.0,0.0,0.16666667
0.6577838,0.72711754,0.5021294,0.0275,-12724.0,24750.0,1.0654914,1,60.0,-817.0,678578.9,0.5662409,12.061121,0.16457704,88,0,1.3829919,29.516104,-327.7884,0.5555556,-1267.25,5242.4604,-197.0,36765.0,12813.0,11083.136,0.21486607,0.167095,-182.0,1.0,-363.87296,37.84903,18754.361,5198.1606,12813.0,12.26564,2529.067,142044.5,0.0,624375.0,27599.58,0.0,-420.5,0.028663,15.13074,0.90468615,0.5,0,-63.0,308898.0,0.0,9.666667,6724.2266,2,1.0,1,0.0078,0.7777778,0.0,0,0.0,1.0,0.0,1.0,0.9747,0.4571111,0.11111111,0.0,10,0.0,0.0,0.75,0.11111111,0,0.0,0.0,0.11111111,0.0,0.014199425,0.06633385,0.010587371,0.0,0.22222222
0.45969045,0.5523408,0.5021294,0.039126668,-2384.1423,26410.5,2.3916085,1,14.333333,-79.0,1615892.1,0.24,12.061121,0.29345,-64,1,0.9230769,82.0,-518.0,0.36363637,-209.33333,0.0,-2791.0,166646.81,964.0,23040.0,0.2195122,0.13333334,-1286.0,0.8304375,747.4179,34.0,11299.945,2.115,-55.0,6.076923,0.0,431962.28,0.0,219991.48,11597.925,0.18181819,-14.5,0.035792,0.9145946,0.9268293,0.33333334,0,-133.0,1352.0,0.26117897,12.727273,10251.0,2,0.0,0,0.0283,0.0,0.0,0,0.0,0.09090909,0.45454547,0.18181819,0.9851,0.4571111,0.36363637,0.0,13,0.09090909,0.0,0.0,0.09090909,0,0.18181819,0.27272728,0.0,0.0,0.014199425,0.0231,0.0121951215,0.18181819,0.36363637
0.77008706,0.15046144,0.5021294,0.026376,-463.0,14836.5,1.0654914,0,13.592881,-601.0,678578.9,0.5662409,2.0,0.06594,87,1,1.3829919,29.516104,-327.7884,0.1108971,-2203.6667,5242.4604,-8287.0,140398.5,495.0,11083.136,0.21486607,0.4,-7.0,0.96875226,-363.87296,37.84903,18754.361,5198.1606,-9.0,12.26564,2529.067,153737.7,0.0,569799.0,13925.762,0.23777755,-10.0,0.035792,15.13074,0.90468615,0.8333333,0,-728.6427,307208.47,0.07275849,12.661583,6724.2266,2,0.8679975,1,0.1025479,0.068525076,0.0,0,12823.701,0.080552734,0.47940668,0.2845134,0.9777348,0.0633987,0.21002875,0.0,15,0.35041127,0.0,0.16666667,0.14514303,0,0.25491133,0.2090302,0.14553413,0.027647203,0.0,0.06633385,0.010587371,0.053136926,0.14762497
0.17876047,0.47164276,0.5021294,0.05,-1173.0,9000.0,0.33333334,1,24.0,-238.0,131308.2,0.5662409,12.061121,0.06451613,-18,0,0.8888889,9.0,-237.0,0.0,-413.75,1170.7987,-273.0,101384.92,858.0,11083.136,0.0,0.775,-467.0,0.73789847,803.06,32.0,14589.8,59.76,-58.0,5.111111,4683.195,105446.336,0.0,108850.99,7227.54,0.5,-22.0,0.025164,15.13074,0.8888889,0.75,0,-728.6427,307208.47,0.07275849,12.5,7167.78,2,0.8679975,0,0.1025479,0.0,0.0,1,0.0,0.5,1.0,0.0,0.9777348,0.4571111,0.0,0.0,8,0.5,0.0,0.0,0.0,1,0.0,0.0,0.0,0.0,0.014199425,0.06633385,0.0,0.0,0.5
0.5108563,0.7527127,0.58775175,0.046866212,-2901.0,23998.5,0.0,1,3.0,-416.93738,177752.06,0.5662409,12.061121,0.19046429,-100,0,1.0,8.0,-1183.0,0.0,-781.0,6930.0,-5533.0,0.0,1011.9233,16335.0,0.0,0.246063,-1357.0,1.0320472,0.0,10.0,29625.346,29621.07,-447.0,8.0,2529.067,431962.28,0.0,65650.5,19310.535,0.33333334,-132.19705,0.04622,15.13074,0.875,1.0,1,-728.6427,307208.47,0.0020540394,17.333334,0.0,1,0.8679975,1,0.0382,0.0,0.0,0,12823.701,0.0,0.33333334,0.33333334,0.9811,0.4571111,0.0,0.0,15,0.33333334,0.0,0.0,0.0,0,0.0,0.0,0.0,0.0,0.014199425,0.0524,0.0,0.0,0.6666667
0.5814837,0.75025016,0.5021294,0.032443345,-141.0,22419.0,0.016393442,1,10.0,-462.0,874726.94,0.0,12.061121,0.14234285,73,0,1.0,32.0,-10.0,0.0,-462.0,5242.4604,-1572.0,0.0,657.0,11083.136,0.0,0.22792394,-1050.0,0.92231673,0.0,30.0,14339.786,108.585,774.7538,7.6885247,2529.067,431962.28,0.0,423000.0,20100.465,0.0,-9.0,0.032561,3.9415205,0.9375,0.0,1,-728.6427,307208.47,0.008775191,13.0,0.0,1,0.8679975,0,0.4385,0.0,0.0,0,0.0,0.0,0.6666667,0.33333334,0.9975,0.4571111,0.33333334,0.0,16,0.0,0.0,1.0,0.33333334,0,0.33333334,0.0,0.33333334,0.0,0.014199425,0.1381,0.0,0.33333334,0.0
0.37064964,0.69132245,0.4476074,0.026375,-109.0,18990.0,1.0654914,0,13.592881,-236.0,678578.9,0.5662409,1.0,0.0844,77,1,1.3829919,29.516104,-327.7884,0.1108971,-431.33334,5242.4604,-2477.0,3325192.5,1602.0,11083.136,0.21486607,0.3125,-2194.0,0.96875226,-363.87296,37.84903,18754.361,5198.1606,774.7538,12.26564,2529.067,431962.28,0.0,3423510.0,13925.762,0.23777755,-175.33333,0.026392,15.13074,0.90468615,0.0,1,-728.6427,28616.334,0.07275849,12.661583,6724.2266,2,0.8679975,1,0.1025479,0.068525076,0.0,0,0.0,0.080552734,0.47940668,0.2845134,0.9777348,0.4571111,0.21002875,0.0,16,0.35041127,0.6666667,0.0,0.14514303,1,0.25491133,0.2090302,0.14553413,0.027647203,0.014199425,0.06633385,0.010587371,0.053136926,0.14762497
0.5190973,0.63265777,0.5021294,0.10543295,-1051.0,31473.0,0.26666668,0,15.0,-416.93738,1095995.2,0.5662409,18.0,0.15542223,-87,0,0.9,28.0,-19.0,0.0,-1181.0,5242.4604,-9396.0,0.0,1011.9233,11083.136,0.10714286,0.6783647,0.0,0.97196525,4351.4956,38.0,36533.17,1019.655,-85.0,9.266666,2529.067,431962.28,0.0,450000.0,35174.227,0.5,-132.19705,0.018634,15.13074,0.96428573,1.0,0,-728.6427,307208.47,0.0015718929,14.5,42495.3,2,0.8679975,1,0.1025479,0.0,0.0,0,12823.701,0.25,0.75,0.0,0.9777348,0.84615386,0.0,0.0,13,0.25,0.0,0.0,0.0,1,0.0,0.25,0.0,0.25,0.051282052,0.06633385,0.0,0.0,0.25
0.12140828,0.32744014,0.5021294,0.07160267,-980.0,19300.5,6.392857,1,10.0,-119.0,146779.52,0.5662409,16.0,0.4289,-108,0,0.75,21.0,-748.0,0.0,-331.0,4349.655,-5431.0,75166.695,529.0,2695.5,2.2380953,0.1669449,-1.0,0.9084402,1832.6893,29.0,5242.1255,6.075,-203.0,5.214286,4728.06,33800.0,0.0,148953.73,7175.1826,0.5,-22.666666,0.015221,15.13074,0.9047619,0.4,1,-728.6427,2352.0,0.00047083874,9.0,10176.21,2,0.8679975,1,0.1025479,0.0,0.0,0,15308.145,0.0,0.0,0.0,0.9777348,0.5958592,0.0,0.0,8,0.5,0.0,0.4,0.0,1,0.5,0.5,0.5,0.0,0.20240165,0.06633385,0.0,0.0,0.0
0.6479769,0.5666757,0.5021294,0.10535002,-849.0,39928.5,0.39285713,0,10.4,-891.0,204788.66,0.5662409,12.061121,0.221825,-68,0,0.96428573,29.0,-44.0,0.0,-1725.3334,0.0,-386.0,0.0,6474.0,8005.5,0.0,0.474924,-1482.0,1.0138985,137.69197,43.0,7313.8804,30.375,-235.0,12.964286,0.0,134370.7,0.0,1037538.0,6583.761,0.33333334,-26.0,0.02461,0.0,0.9310345,0.8333333,1,-728.6427,307208.47,0.00026861645,17.666666,3825.0,2,0.8679975,1,0.1143,0.33333334,0.0,0,12823.701,0.0,0.33333334,0.0,0.9985,0.33987388,0.0,0.0,15,0.16666667,0.16666667,0.16666667,0.0,1,0.0,0.16666667,0.16666667,0.0,0.0034013605,0.03,0.0,0.0,0.33333334
0.5190973,0.6006061,0.6258084,0.061521042,-2359.0,23472.0,0.0,1,12.0,-364.0,159221.06,0.5662409,12.061121,0.08693333,-52,1,1.0,9.0,-376.0,0.0,-784.8571,0.0,-9033.0,596385.0,623.0,0.0,0.0,0.7076807,-619.0,1.0,0.0,46.0,19902.633,13462.38,1601.0,14.5,0.0,813678.25,0.0,987770.0,13462.38,0.0,-28.333334,0.019689,15.13074,0.8888889,0.5714286,0,-728.6427,29403.0,0.07275849,17.0,0.0,2,0.8679975,1,0.0397,0.0,0.0,0,0.0,0.0,1.0,0.0,0.9667,0.3833268,1.0,0.0,17,0.0,0.0,0.14285715,0.0,0,0.0,0.0,0.0,0.0,0.0,0.0409,0.0,0.0,0.0
0.5814837,0.6913411,0.53253263,0.04294,-3476.0,9661.5,10.445652,1,10.285714,-122.0,263627.72,0.5662409,12.061121,0.08588,-80,0,0.8369565,108.0,-502.0,0.0,-1720.2858,0.0,-7900.0,56000.57,-505.0,13500.0,0.11111111,0.5,-1867.0,1.114856,474.37582,44.0,2865.5188,7.92,-1256.0,8.326087,0.0,38227.0,0.0,107345.414,3707.0356,0.71428573,-334.5,0.019101,15.13074,0.9166667,0.42857143,1,-728.6427,980946.94,0.063821785,11.428572,6847.785,2,0.8679975,1,0.1025479,0.0,0.0,0,0.0,0.0,0.0,0.2857143,0.9777348,0.4571111,0.0,0.0,10,0.0,0.0,0.2857143,0.42857143,1,0.2857143,0.5714286,0.0,0.0,0.014199425,0.06633385,0.009259259,0.0,0.14285715
0.6894792,0.6978722,0.5021294,0.05,-4144.0,9000.0,0.0,0,8.0,-1149.0,226413.27,0.5662409,12.061121,0.125,-15,0,1.0,35.0,-112.0,0.0,-1085.0,5242.4604,-8388.0,22826.25,-66.0,0.0,0.0,0.4,-1833.0,0.9338406,0.0,30.0,7303.654,4886.64,-791.0,11.548388,2529.067,13002.333,0.0,53880.75,7165.935,0.6,-36.0,0.019101,15.13074,0.8857143,0.75,0,-728.6427,307208.47,0.0042495844,13.6,0.0,2,0.8679975,0,0.0501,0.2,0.0,1,0.0,0.0,0.4,0.4,0.9821,0.4571111,0.0,0.0,13,0.0,0.0,0.25,0.0,1,0.0,0.2,0.2,0.0,0.014199425,0.0239,0.028571429,0.0,0.0
0.6313545,0.54334915,0.5021294,0.051866375,-2127.0,78084.0,0.0,0,12.0,-416.93738,1838535.1,0.5662409,12.061121,0.34704,-15,1,1.8887211,29.0,-74.0,0.0,-1334.5,0.0,-4560.0,0.0,1011.9233,0.0,0.0,0.1494536,-834.0,0.9060151,-20265.105,279.0,52529.574,4542.255,-1027.0,56.657143,2529.067,0.5,0.0,105936.39,26355.432,0.0,-132.19705,0.018029,0.0,0.8965517,1.0,1,-728.6427,307208.47,0.007266763,9.833333,0.0,3,0.8679975,1,0.1025479,0.083333336,0.0,0,12823.701,0.083333336,0.75,0.25,0.9777348,0.4571111,0.083333336,0.0,9,0.083333336,0.0,0.0,0.33333334,1,0.083333336,0.0,0.25,0.0,0.014199425,0.06633385,0.0,0.083333336,0.0
0.33285058,0.43711203,0.51702553,0.052574422,-369.0,31153.5,0.0,1,22.666666,-160.0,2839723.8,0.5662409,12.061121,0.15384445,-56,0,1.1425248,67.0,-253.0,0.125,-1459.2307,2882.008,-1178.0,104754.375,768.0,8549.55,0.0,0.34173754,-2315.0,0.92088956,-14776.119,112.0,42383.938,4064.13,-401.0,12.925373,4492.5,400903.94,0.0,202533.64,45196.484,0.0,-209.8,0.008625,15.13074,0.9402985,0.61538464,1,-182.0,284523.7,0.011999407,12.75,0.0,2,0.8782716,1,0.1025479,0.0,0.0,0,-505.56,0.0,0.75,0.125,0.9777348,0.4571111,0.25,0.0,13,0.0,0.0,0.3846154,0.0,1,0.25,0.0,0.0,0.0,0.014199425,0.06633385,0.0,0.25,0.0
0.7252764,0.5547187,0.56075126,0.03976378,-760.0,48631.5,2.5142858,0,12.0,-1373.0,1628211.9,0.5662409,6.0,0.24015556,-66,0,1.6504731,29.0,-55.0,0.0,-1436.6,5242.4604,-6713.0,73536.0,413.0,20835.0,0.03448276,0.1655751,0.0,1.061968,-17969.594,67.0,46520.34,1.62,-511.0,11.485714,2529.067,149440.33,0.0,192600.0,25949.25,0.33333334,-1.0,0.0105,0.0,0.8965517,0.8,1,-728.6427,307208.47,0.027586553,12.0,9202.5,3,0.8679975,1,0.0673,0.0,0.0,0,12823.701,0.0,1.0,0.0,0.9866,0.4571111,0.0,0.0,14,0.33333334,0.0,0.2,0.6666667,0,0.33333334,0.33333334,0.0,0.0,0.014199425,0.0483,0.03448276,0.0,0.0
0.6161217,0.61176133,0.5021294,0.047005724,-11522.0,15372.0,0.29166666,1,21.0,-384.0,206261.78,0.5662409,12.061121,0.14852174,34,0,1.0,25.0,-36.0,0.25,-1168.5,0.0,-14496.0,117894.75,486.0,13005.0,0.0,0.31649053,-2151.0,0.8951912,0.0,12.0,8594.24,5275.35,-131.0,4.0,2529.067,2920944.5,0.0,178830.55,7489.7324,0.0,-51.0,0.0105,15.13074,0.96,0.33333334,1,-129.0,170941.67,0.0045088753,13.75,0.0,3,0.83472455,1,0.0013,0.0,0.0,0,0.0,0.0,0.25,0.5,0.9727,0.4571111,0.5,0.0,11,0.25,0.0,0.16666667,0.0,1,0.25,0.0,0.0,0.0,0.014199425,0.06633385,0.0,0.5,0.0
0.3539876,0.64751256,0.31839085,0.0727625,-1778.0,26194.5,2.0,1,10.0,-549.0,270677.97,0.5662409,12.061121,0.09701667,30,1,0.7,17.0,-355.0,0.33333334,-817.0,1762.92,-5170.0,23973.008,205.0,33120.0,0.0,0.75,-594.0,1.0477073,6375.807,57.0,13533.898,1.8,169.0,15.4,1762.92,431962.28,0.0,145125.0,17930.588,0.6666667,-9.0,0.04622,15.13074,0.8235294,0.25,1,-1224.0,38760.332,0.022300292,19.666666,28041.3,1,1.0654213,0,0.1025479,0.0,0.0,0,6138.675,0.0,0.33333334,0.6666667,0.9777348,0.17625314,0.0,0.0,12,0.6666667,0.0,0.75,0.0,1,0.33333334,1.0,0.0,0.0,0.061904762,0.06633385,0.05882353,0.0,1.0
0.23401517,0.3609711,0.5021294,0.042535167,-5345.0,32764.5,0.16,0,24.0,-205.0,697853.0,0.5662409,21.0,0.17758536,55,0,0.96,24.0,-40.0,0.5,-1210.5,5242.4604,-6987.0,178540.2,192.0,11083.136,0.0,0.23951955,-740.0,0.8859897,1165.1923,31.0,27914.121,1923.12,-169.0,2.64,2529.067,352778.28,0.0,745177.9,29129.805,0.25,-22.4,0.014464,15.13074,1.0,0.5833333,1,-437.0,261544.2,0.00071363855,5.25,27206.686,2,0.8632626,1,0.1025479,0.0,0.0,0,0.0,0.75,0.25,0.75,0.9777348,0.4571111,0.0,0.0,6,0.25,0.0,0.25,0.0,0,0.5,0.0,0.0,0.0,0.014199425,0.06633385,0.0,0.0,0.0
0.5602843,0.6279903,0.7267563,0.105436645,-112.0,31234.5,0.0,0,6.0,-1011.0,3706730.8,0.44,12.061121,0.19831428,-119,1,1.0643384,6.0,-10.0,0.22222222,-1741.25,5242.4604,-5112.0,76185.0,879.0,11083.136,0.0,0.53166443,-771.0,0.9341542,-1831.3954,19.0,43101.523,225.0,-405.0,3.1511629,2529.067,1482085.4,0.0,534937.5,18034.29,0.0,-2.0,0.018634,272.16666,1.0,0.75,1,-157.0,307208.47,0.0023420693,10.777778,0.0,2,0.9266123,1,0.1025479,0.11111111,0.0,0,0.0,0.33333334,0.6666667,0.33333334,0.9777348,0.5200348,0.11111111,0.0,16,0.11111111,0.0,0.0,0.0,0,0.11111111,0.0,0.33333334,0.0,0.0029411765,0.06633385,0.0,0.0,0.33333334
0.52449644,0.34632698,0.5021294,0.033152953,-7292.0,41629.5,0.0,1,10.0,-265.0,89182.71,0.5662409,12.061121,0.27208823,-54,0,1.0,12.0,-307.0,0.0,-729.0,8232.705,-1345.0,308161.12,1561.0,7362.0,0.0,0.12184633,0.0,0.9154496,0.0,43.0,9909.19,8936.235,-498.0,32.333332,2529.067,215168.0,0.0,393468.75,8936.235,0.0,-39.5,0.006629,15.13074,0.8333333,0.5,1,-728.6427,0.0,0.07275849,10.0,0.0,2,0.8679975,0,0.1025479,0.0,0.0,0,0.0,0.0,0.0,1.0,0.9777348,0.4571111,1.0,0.0,6,1.0,0.0,0.0,0.0,0,0.0,0.0,0.0,0.0,0.014199425,0.06633385,0.083333336,0.0,0.0
0.7281413,0.7467305,0.5021294,0.028760042,-788.0,37053.0,0.0,1,8.0,-416.93738,73958.85,0.5662409,12.061121,0.23525715,32,1,1.0,9.0,-877.0,0.0,-1145.0,5242.4604,-8616.0,160390.22,1011.9233,6750.0,0.0,0.12224939,-1091.0,1.0521022,0.0,27.0,9244.856,9183.51,-1053.0,10.0,2529.067,431962.28,0.0,256500.0,9253.62,1.0,-132.19705,0.022625,15.13074,0.8888889,1.0,0,-728.6427,307208.47,0.07275849,13.0,0.0,2,0.8679975,0,0.1025479,0.0,0.0,0,12823.701,0.0,0.0,0.0,0.9777348,0.4571111,0.0,0.0,15,1.0,0.0,0.0,0.0,1,0.0,1.0,0.0,0.0,0.014199425,0.06633385,0.0,0.0,0.0
0.48845518,0.19152586,0.30054,0.02924,-4075.0,26316.0,0.0,0,9.0,-1442.0,154863.72,0.5662409,12.061121,0.23392,-74,0,1.0,20.0,-1622.0,0.0,-1442.0,5242.4604,-386.0,586242.0,742.0,0.0,0.0,0.125,0.0,0.9313924,0.0,18.0,8603.54,5763.33,774.7538,13.388889,2529.067,431962.28,0.0,603000.0,7898.985,1.0,-14.0,0.018029,15.13074,0.95,0.0,1,-728.6427,307208.47,0.00092291425,9.0,0.0,3,0.8679975,1,0.1025479,0.0,0.0,0,0.0,0.0,1.0,0.0,0.9777348,0.4571111,0.0,0.0,7,0.5,0.0,1.0,0.0,0,0.0,0.0,0.5,0.0,0.014199425,0.06633385,0.0,0.0,0.0
0.49386287,0.48418596,0.5021294,0.029237427,-2384.1423,30586.5,1.0,1,17.0,-416.93738,303935.03,0.5662409,12.061121,0.27188,97,0,0.9411765,33.0,-38.0,0.33333334,-1298.0,5242.4604,-5549.0,0.0,1011.9233,0.0,0.0,0.107537985,-1033.0,0.9179514,477.30176,33.0,8939.266,50.31,-1024.0,5.0882354,2529.067,431962.28,0.0,63810.0,10903.365,0.0,-132.19705,0.008019,15.13074,0.969697,1.0,1,-1032.0,307208.47,0.0068302266,13.333333,8063.82,2,0.8347223,1,0.005,0.0,1.0,0,12823.701,0.0,0.0,0.0,0.9742,0.4571111,0.0,0.0,14,0.6666667,0.0,0.0,0.0,0,1.0,0.0,0.0,0.0,0.014199425,0.06633385,0.0,0.0,0.0
0.37064964,0.5701519,0.4103702,0.08044848,-132.0,39069.0,0.7368421,1,9.0,-135.0,100333.305,0.5662409,12.061121,0.2894,-90,0,0.8947368,19.0,-876.0,0.2,-1227.0,5242.4604,-4609.0,50647.5,593.0,4951.17,0.0,0.2779837,-1223.0,0.9777033,709.2853,35.0,5280.7,5.445,-2075.0,18.894737,2529.067,431962.28,0.0,78601.5,5877.6973,0.4,-103.0,0.005144,15.13074,0.8947368,0.5,1,-1223.0,307208.47,0.035864074,14.6,6750.0,2,0.76176935,1,0.0797,0.0,1.0,0,12823.701,0.0,0.4,0.4,0.9925,0.4571111,0.0,0.0,12,0.2,0.0,0.0,0.2,1,0.2,0.2,0.0,0.0,0.014199425,0.0234,0.05263158,0.0,0.0
0.59197664,0.03352133,0.5021294,0.03612241,-2384.1423,22972.5,0.0,0,11.333333,-1768.0,1415546.8,0.125,12.061121,0.14585714,74,0,1.0,70.0,-23.0,0.0,-1768.0,5242.4604,-11394.0,80847.0,430.0,4680.0,0.0,0.2476561,-622.0,0.8927658,0.0,34.0,9436.979,276.12,774.7538,8.653334,2529.067,431962.28,0.0,157500.0,8825.555,0.33333334,-11.0,0.020246,1.1188291,0.95714283,0.0,1,-728.6427,307208.47,0.123663805,9.222222,0.0,3,0.8679975,1,0.0072,0.0,0.0,0,0.0,0.0,0.33333334,0.11111111,0.9672,0.4571111,0.33333334,0.0,7,0.11111111,0.0,1.0,0.0,0,0.22222222,0.11111111,0.22222222,0.0,0.014199425,0.0,0.0,0.22222222,0.0
0.18629295,0.7031891,0.5021294,0.03894,-855.0,26284.5,0.0,0,6.0,-64.0,18962.596,0.5662409,1.0,0.1298,-72,0,1.0,5.0,-325.0,0.2857143,-411.4,0.0,-1201.0,35568.0,105.0,3842.325,0.0,0.3,-2552.0,0.9742485,0.0,20.0,4740.649,3213.27,774.7538,15.0,0.0,431962.28,0.0,581580.0,3213.27,0.0,-24.0,0.026392,15.13074,0.8,0.2,1,-279.0,24101.584,0.012258129,12.857142,0.0,2,0.87320876,1,0.1025479,0.14285715,0.0,0,0.0,0.14285715,0.71428573,0.14285715,0.9777348,0.34285715,0.14285715,0.0,11,0.14285715,0.0,0.4,0.0,1,0.14285715,0.14285715,0.14285715,0.0,0.0,0.06633385,0.0,0.0,0.0
0.53707,0.5590302,0.47742438,0.029524753,-4307.0,13419.0,0.0,1,7.2,-139.0,351321.22,0.375,12.061121,0.16566667,61,0,1.0400746,35.0,-20.0,0.0,-1574.4445,1431.0074,-4776.0,3800.25,1011.9233,5850.0,0.0,0.17821783,-256.0,0.9527872,-238.0941,72.0,7026.4243,1329.75,-542.0,16.22,0.0,458704.8,0.0,66380.38,22298.176,0.14285715,-12.0,0.015221,1.1428572,0.9142857,0.7777778,1,-728.6427,307208.47,0.011823151,11.142858,0.0,2,0.8679975,1,0.0112,0.0,0.0,0,217094.58,0.0,0.42857143,0.2857143,0.9776,0.4571111,0.0,0.0,14,0.14285715,0.0,0.11111111,0.14285715,1,0.2857143,0.14285715,0.42857143,0.0,0.014199425,0.0302,0.0,0.0,0.0
0.5108563,0.7458237,0.7600862,0.051058933,-753.0,39924.0,0.20833333,1,6.0,-416.93738,300395.62,1.375,12.061121,0.2218,-87,0,0.9791667,7.0,-15.0,0.0,-1083.0499,5242.4604,-12180.0,160390.22,1011.9233,7659.0,0.0,0.23020259,-485.0,1.0025101,48.030937,72.0,6258.2417,17.46,774.7538,4.6041665,2529.067,431962.28,0.0042077564,378081.47,5030.7075,0.0,-132.19705,0.04622,54.395832,0.85714287,0.58311266,1,-728.6427,307208.47,1.2600603e-05,17.0,2080.485,1,0.8679975,0,0.0544,0.0,0.0,0,12823.701,0.5,0.0,0.0,0.9762,0.4571111,0.0,49.54514,15,1.0,0.014233142,0.23965093,0.0,1,0.5,0.0,0.0,0.0,0.014199425,0.0,0.0,0.0,1.0
0.5108563,0.47477174,0.76265895,0.079009235,-552.0,20871.0,0.0,0,24.0,-416.93738,428776.34,0.5662409,20.0,0.16564286,63,1,1.0,13.0,-17.0,0.0,-1083.0499,5242.4604,-11650.0,160390.22,1011.9233,11083.136,0.0,0.47698545,0.0,0.9154156,0.0,10.0,32982.797,32982.797,774.7538,1.0769231,2529.067,431962.28,0.0042077564,378081.47,32982.797,0.0,-132.19705,0.072508,15.13074,1.0,0.58311266,0,-728.6427,307208.47,0.07275849,11.0,0.0,1,0.8679975,0,0.1655,0.0,0.0,0,12823.701,1.0,1.0,0.0,0.9776,0.4571111,0.0,49.54514,17,1.0,0.014233142,0.23965093,0.0,0,1.0,0.0,0.0,0.0,0.014199425,0.0375,0.0,0.0,1.0
0.51549536,0.26225838,0.5021294,0.03242407,-1817.0,25461.0,4.375,1,10.5,-75.0,830152.1,2.375,12.061121,0.3772,-89,0,0.8888889,46.0,-31.0,0.14285715,-690.0,5242.4604,-1390.0,13270.5,250.0,17907.75,0.0,0.08595989,-2085.0,0.8014072,1740.2518,60.0,11529.891,0.45,-1037.0,6.8472223,2529.067,431962.28,0.0,60750.0,11761.38,0.2857143,-61.0,0.025164,53.895832,0.9130435,0.5,1,-1008.0,307208.47,0.2095064,15.571428,17550.0,2,1.0,1,0.048,0.0,1.0,0,0.0,0.0,0.71428573,0.2857143,0.9702,0.4571111,0.0,0.0,15,0.14285715,0.0,1.0,0.14285715,1,0.14285715,0.2857143,0.0,0.14285715,0.014199425,0.0217,0.02173913,0.0,0.2857143
0.7862666,0.28589788,0.5021294,0.04662,-113.0,20979.0,0.0,0,6.0,-416.93738,26546.355,0.5662409,12.061121,0.21190909,67,0,0.85714287,80.0,-2290.0,0.6666667,-2278.0,0.0,-4823.0,160390.22,1011.9233,2335.5,0.0,0.22,-2046.0,1.0936711,630.6686,8.0,3792.3364,0.18,-2033.0,5.142857,2529.067,431962.28,0.0,57217.5,4426.335,0.6666667,-132.19705,0.035792,15.13074,0.4,1.0,1,-2046.0,307208.47,0.0009139026,14.0,4414.5,2,1.1111112,0,0.021,0.0,1.0,0,12823.701,0.0,0.33333334,0.6666667,0.9747,0.4571111,0.33333334,0.0,17,0.33333334,0.0,0.0,0.0,1,0.0,0.6666667,0.0,0.0,0.014199425,0.0254,0.0,0.0,0.6666667
0.44005784,0.59878975,0.5021294,0.07246442,-2844.0,21631.5,0.0,1,6.0,-69.0,216265.14,0.5662409,12.061121,0.32046667,99,0,1.0,69.0,-28.0,0.0,-657.5,42.255,-7186.0,10543.5,296.0,5742.0,0.0,0.22612156,-261.0,1.0496473,0.0,35.0,6976.295,4040.37,-82.0,20.0,2529.067,190273.11,0.0,52629.75,9313.192,0.2857143,-27.0,0.01885,0.0,0.89855075,0.9,1,-728.6427,307208.47,0.008799619,12.428572,0.0,2,0.8679975,1,0.006,0.0,0.0,0,0.0,0.0,0.5714286,0.0,0.9707,0.4571111,0.14285715,0.0,12,0.14285715,0.0,0.0,0.0,1,0.14285715,0.2857143,0.0,0.0,0.014199425,0.0097,0.014492754,0.0,0.71428573
0.5108563,0.15967923,0.5021294,0.05637809,-2384.1423,13468.5,0.32394367,1,7.0,-416.93738,813647.4,0.13186814,12.061121,0.21378571,112,0,1.0432435,38.0,-26.0,0.1,-588.0,0.0,-1951.0,0.0,1011.9233,11250.0,0.0,0.2637131,-168.0,0.9941103,109.014084,90.0,5729.911,253.35,-134.0,10.753521,2529.067,15842.0,0.0,38252.25,5256.915,0.3,-132.19705,0.025164,0.2871795,0.84210527,1.0,0,-2440.0,307208.47,0.24225059,13.1,8325.0,2,1.0,1,0.1025479,0.0,0.0,0,12823.701,0.0,0.7,0.2,0.9777348,0.4571111,0.1,0.0,14,0.0,0.0,0.0,0.2,0,0.2,0.3,0.4,0.0,0.014199425,0.06633385,0.0,0.1,0.0
0.7062051,0.34191957,0.5021294,0.05,-2384.1423,12375.0,15.48,0,6.8,-9.0,764648.94,0.5662409,17.0,0.18333334,50,0,0.92,42.0,-59.0,0.27272728,-500.44446,0.0,-921.0,5210.0,1366.0,22500.0,0.0,0.27272728,-1382.0,1.007476,2162.4534,48.0,30585.959,22.635,-57.0,11.24,2529.067,114187.37,0.22222222,82981.0,24883.443,0.0,-29.0,0.025164,15.13074,0.9047619,0.6666667,0,-462.0,57408.332,0.012743182,12.0,34883.28,2,0.8732099,1,0.1206,0.18181819,0.0,1,0.0,0.0,0.72727275,0.09090909,0.9881,0.4571111,0.09090909,0.0,14,0.09090909,0.0,0.44444445,0.0,0,0.45454547,0.0,0.18181819,0.0,0.014199425,0.06633385,0.0,0.0,0.18181819
0.5108563,0.11736687,0.5021294,0.048877146,-190.0,26640.0,0.0,1,24.0,-456.0,36282.24,0.5662409,12.061121,0.2368,-115,0,1.0,9.0,-63.0,0.0,-456.0,5242.4604,-3769.0,10184864.0,6867.0,0.0,0.0,0.20640688,-294.0,1.0,0.0,16.0,4535.28,4535.28,774.7538,13.375,2529.067,431962.28,0.0,12150000.0,4535.28,0.0,-40.0,0.014464,15.13074,1.0,0.0,1,-728.6427,307208.47,0.07275849,8.0,0.0,2,0.8679975,1,0.1025479,1.0,0.0,0,0.0,0.0,0.0,1.0,0.9777348,0.4571111,0.0,72.0,8,1.0,1.0,0.0,0.0,1,0.0,0.0,0.0,0.0,0.014199425,0.06633385,0.0,0.0,0.0
0.45074728,0.5836338,0.24025014,0.037312254,-214.0,19161.0,1.0654914,0,13.592881,-98.0,678578.9,0.5662409,7.0,0.10645,112,0,1.3829919,29.516104,-327.7884,0.1108971,-1556.0,0.0,-4745.0,101534.625,3555.0,11083.136,0.21486607,0.35051438,-5.0,0.96875226,-363.87296,37.84903,18754.361,5198.1606,-97.0,12.26564,0.0,538275.5,0.0,232979.62,13925.762,0.23777755,-453.66666,0.030755,15.13074,0.90468615,0.625,0,-728.6427,503480.34,0.07275849,12.661583,6724.2266,2,0.8679975,1,0.1025479,0.068525076,0.0,0,11769.765,0.080552734,0.47940668,0.2845134,0.9777348,0.4571111,0.21002875,0.0,15,0.35041127,0.0,0.5,0.14514303,1,0.25491133,0.2090302,0.14553413,0.027647203,0.014199425,0.06633385,0.010587371,0.053136926,0.14762497
0.5602843,0.72912616,0.5021294,0.06765075,-2384.1423,10683.0,0.16666667,1,24.0,-334.0,237238.83,0.5662409,12.061121,0.1318889,54,0,1.0,25.0,-29.0,0.125,-505.25,5242.4604,-4298.0,0.0,396.0,9000.0,0.0,0.5129374,-382.0,0.9523031,0.0,45.0,9884.951,8389.575,-421.0,18.875,2529.067,431962.28,0.0,105330.375,8325.112,0.25,-138.66667,0.011657,15.13074,0.92,0.25,0,-182.0,18096.334,0.013028292,11.25,0.0,1,0.8679975,1,0.1025479,0.0,0.0,0,12823.701,0.25,0.875,0.125,0.9777348,0.4571111,0.0,0.0,15,0.125,0.0,0.25,0.125,0,0.125,0.25,0.0,0.0,0.014199425,0.06633385,0.04,0.0,0.125
0.5108563,0.76536506,0.0955878,0.05,-1599.0,67500.0,1.0654914,0,13.592881,-125.0,678578.9,0.5662409,0.0,0.1875,-22,1,1.3829919,29.516104,-327.7884,0.1108971,-136.5,0.0,-6655.0,160390.22,10835.0,11083.136,0.21486607,0.26666668,-559.0,0.96875226,-363.87296,37.84903,18754.361,5198.1606,948.0,12.26564,0.0,431962.28,0.0,1370025.0,13925.762,0.23777755,-125.0,0.072508,15.13074,0.90468615,0.5,0,-728.6427,307208.47,0.07275849,12.661583,6724.2266,1,0.8679975,1,0.2904,0.068525076,0.0,1,12823.701,0.080552734,0.47940668,0.2845134,0.9801,0.4571111,0.21002875,0.0,13,0.35041127,0.0,0.5,0.14514303,0,0.25491133,0.2090302,0.14553413,0.027647203,0.014199425,0.06633385,0.010587371,0.053136926,0.14762497
0.52449644,0.6602798,0.41296926,0.032257468,-7582.0,31302.0,2.0566037,0,12.142858,-261.0,430236.9,0.5662409,7.0,0.12647273,5,0,0.9056604,54.0,-55.0,0.6111111,-1342.8667,0.0,-405.0,267767.66,182.0,13500.0,0.0,0.2550547,-1602.0,0.44192392,436.4363,47.0,8117.6772,2.655,1074.0,10.18868,2529.067,272575.38,0.0,539889.9,6387.133,0.11111111,-57.0,0.031329,15.13074,0.9074074,0.73333335,1,-2584.0,14086.25,0.34582698,14.777778,4623.57,2,0.0,1,0.0409,0.0,1.0,0,0.0,0.0,0.8888889,0.0,0.9891,0.4571111,0.22222222,0.0,12,0.055555556,0.0,0.13333334,0.0,1,0.055555556,0.8888889,0.2777778,0.0,0.014199425,0.0118,0.0,0.0,0.16666667
0.723837,0.39342242,0.5021294,0.10915,-2384.1423,9823.5,1.173913,0,7.3333335,-462.0,122988.28,0.5662409,15.0,0.09922727,2,0,0.95652175,25.0,-20.0,0.0,-1012.0,5242.4604,-5306.0,99899.1,1364.0,4500.0,0.44,1.1,-1492.0,1.0183645,179.93152,62.0,5347.317,0.225,846.0,17.304348,2529.067,259445.62,0.0,253307.25,5836.44,0.33333334,-32.0,0.030755,15.13074,0.92,0.875,0,-728.6427,307208.47,0.0072379946,12.333333,4138.2,2,0.8679975,1,0.1025479,0.0,0.0,0,0.0,0.0,0.6666667,0.33333334,0.9777348,0.29763392,0.6666667,0.0,13,0.33333334,0.0,0.125,0.33333334,0,0.0,0.33333334,0.33333334,0.0,0.032619048,0.06633385,0.04,0.0,0.0
0.7958031,0.77048963,0.8847804,0.029374404,-4110.0,27679.5,0.104347825,1,13.5,-712.0,784953.56,0.08450704,12.061121,0.21967857,33,0,1.0272253,37.0,-30.0,0.0,-1319.75,1905.75,-9701.0,116430.0,577.0,2299.5,0.0,0.13371538,-2399.0,0.74023944,-935.7558,66.0,6825.683,67.5,9161.0,7.208696,2529.067,33540.5,0.0,186176.25,7533.1235,0.0,-81.5,0.04622,0.29014084,0.9189189,0.5,1,-728.6427,0.0,0.24769157,14.75,4266.72,1,0.8679975,1,0.0345,0.25,0.0,0,0.0,0.0,0.5,0.0,0.9866,0.4571111,0.5,0.0,12,0.25,0.0,0.5,0.0,0,0.0,0.5,0.25,0.0,0.014199425,0.06633385,0.0,0.25,0.0
0.36061257,0.652294,0.45030594,0.036050227,-1234.0,35527.5,0.0,0,11.333333,-261.0,206940.02,0.5662409,0.0,0.0986875,64,0,1.0,24.0,-28.0,0.5714286,-762.0,0.0,-3732.0,279436.94,520.0,10152.0,0.0,0.3652968,-1110.0,1.0144283,0.0,25.0,9406.364,7881.525,-436.0,10.772727,2529.067,90718.7,0.0,654419.44,10465.335,0.0,-212.66667,0.026392,15.13074,0.9166667,0.45454547,1,-770.0,123405.37,0.0051539233,16.285715,0.0,2,1.0,1,0.4262,0.2857143,0.0,0,12823.701,0.0,0.14285715,0.0,0.9921,0.7452061,0.2857143,0.0,16,0.14285715,0.09090909,0.18181819,0.2857143,1,0.42857143,0.14285715,0.14285715,0.0,0.0,0.2298,0.0,0.0,0.2857143
0.26786894,0.6764519,0.5994603,0.029339202,-964.0,38101.5,0.43589744,1,10.5,-1203.0,388547.25,0.5662409,12.061121,0.28223333,70,0,0.9230769,40.0,-442.0,0.16666667,-783.6667,0.0,-49.0,0.0,960.0,3438.0,0.2,0.103953704,-1762.0,0.938674,1046.2189,32.0,9962.75,31.185,-258.0,6.5897436,2529.067,34848.0,0.0,376200.0,8857.316,0.5,-41.0,0.030755,15.13074,0.9,0.6666667,1,-688.0,307208.47,0.009115313,15.0,15467.94,2,1.0,1,0.1025479,0.0,0.0,0,0.0,0.33333334,0.33333334,0.33333334,0.9777348,0.4571111,0.0,0.0,12,0.16666667,0.0,0.6666667,0.16666667,1,0.16666667,0.16666667,0.0,0.0,0.014199425,0.06633385,0.0,0.0,0.16666667
0.6528965,0.1953538,0.5021294,0.028904349,-2384.1423,14958.0,0.0,1,24.0,-416.93738,1101850.8,1.75,12.061121,0.3324,103,0,1.0,14.0,-16.0,0.0,-1201.5,5242.4604,-7911.0,0.0,1011.9233,11083.136,0.0,0.08695652,0.0,0.8782716,0.0,15.0,78703.62,19516.186,-276.0,9.285714,2529.067,617160.5,0.0,121511.25,15170.85,0.25,-132.19705,0.031329,24.5,0.9285714,1.0,0,-728.6427,307208.47,0.0,12.75,0.0,2,0.8679975,1,0.0432,0.0,0.0,0,12823.701,0.5,0.5,0.0,0.9891,0.4571111,0.25,0.0,11,0.25,0.0,0.0,0.0,0,0.0,0.25,0.5,0.0,0.014199425,0.0747,0.0,0.25,0.0
0.6817059,0.3997753,0.5021294,0.09813226,-2384.1423,17496.0,0.0,1,6.0,-416.93738,205392.88,0.5662409,28.0,0.5548737,40,0,1.0,12.0,-447.0,0.5,-943.0,5242.4604,-2918.0,0.0,1011.9233,11083.136,0.0,0.17685512,-619.0,1.0395917,0.0,9.0,29341.838,7450.2,-384.0,6.571429,2529.067,203661.0,0.0,175875.0,32991.797,1.0,-132.19705,0.002134,15.13074,0.8333333,1.0,0,-2897.0,307208.47,0.010235227,8.5,0.0,3,1.1111292,1,0.1025479,0.0,0.0,0,12823.701,0.5,1.0,0.0,0.9777348,0.44877344,0.0,0.0,13,0.0,0.0,0.33333334,0.0,0,0.0,0.0,0.5,0.0,0.0,0.06633385,0.0,0.0,0.0
0.7295667,0.738822,0.5021294,0.056342755,-2384.1423,14350.5,0.37209302,1,10.8,-416.93738,376624.25,0.5662409,12.061121,0.15945,-100,0,0.9767442,49.0,-206.0,0.16666667,-1292.6666,0.0,-2191.0,0.0,1011.9233,9126.0,0.24489796,0.3533569,-1919.0,1.0696731,66.005585,130.0,8758.704,585.45,-92.0,29.627907,2529.067,812821.3,0.0,166744.8,7458.984,0.5,-132.19705,0.01885,15.13074,0.877551,1.0,1,-2569.0,307208.47,0.0024053324,11.0,2252.79,2,1.1111112,0,0.1025479,0.0,0.0,0,12823.701,0.0,0.5,0.33333334,0.9777348,0.4571111,0.33333334,0.0,9,0.0,0.0,0.0,0.33333334,0,0.16666667,0.5,0.0,0.0,0.014199425,0.06633385,0.040816326,0.0,0.0
0.5108563,0.5365266,0.4341639,0.067895375,-1170.0,35392.5,0.0,0,15.0,-604.0,300008.34,0.5662409,12.061121,0.1573,-86,0,1.0,16.0,-20.0,0.6,-855.4,56.25,-1374.0,79426.94,806.0,0.0,0.0,0.43162984,-814.0,0.9331803,0.0,43.0,20000.557,12195.72,-808.0,17.0,75.0,431962.28,0.0,119466.0,21012.232,0.6,-345.5,0.008575,15.13074,0.9375,0.2,1,-677.0,57138.0,0.004283261,19.4,0.0,2,0.8262849,1,0.1025479,0.0,0.0,0,82.53,0.6,0.0,0.0,0.9777348,0.4571111,0.0,0.0,13,0.2,0.0,0.6,0.0,1,0.4,0.0,0.0,0.0,0.014199425,0.06633385,0.0,0.0,0.0
0.22888342,0.501877,0.5860973,0.051780596,-7611.0,9108.0,1.7692307,1,8.0,-324.0,265637.88,0.5662409,12.061121,0.088,27,0,0.8717949,37.0,-324.0,0.11111111,-1702.6,2320.695,-4106.0,32559.3,-1163.0,2196.0,1.054054,0.58841586,-3123.0,0.9557516,945.28845,29.0,6811.2275,285.75,-25.0,7.5641026,2529.067,917844.56,0.0,186726.39,5732.775,0.33333334,-600.5,0.018801,0.0,0.9189189,0.8,1,-924.0,964660.5,0.005694588,10.333333,7087.5,2,1.0,0,0.1025479,0.0,0.0,0,0.0,0.33333334,0.5555556,0.44444445,0.9777348,0.37404722,0.0,0.0,14,0.11111111,0.0,0.4,0.11111111,1,0.11111111,0.11111111,0.11111111,0.0,0.08845826,0.06633385,0.0,0.0,0.0
0.8396981,0.53119916,0.5021294,0.039823774,-10445.0,31077.0,0.0,1,10.0,-182.0,63726.57,0.5662409,12.061121,0.15346667,-65,1,1.0,14.0,-1030.0,0.25,-1763.8334,116.35714,-13252.0,0.0,-1680.0,4500.0,0.0,0.25949463,-1676.0,1.074593,0.0,24.0,5310.5474,4101.075,31192.0,17.0,203.625,426864.5,0.0,191423.36,15337.2,0.5,-369.25,0.006629,15.13074,0.85714287,0.6666667,1,-648.0,1170846.0,0.004973719,9.0,0.0,2,1.042964,1,0.0092,0.0,1.0,0,0.0,0.0,0.25,0.25,0.9732,0.4571111,0.5,0.0,10,0.25,0.0,0.25,0.0,0,0.0,0.25,0.25,0.0,0.014199425,0.0062,0.0,0.0,0.0
0.7421816,0.62647694,0.5021294,0.02638,-2064.0,11871.0,0.0,0,10.0,-390.0,101959.336,0.5662409,6.0,0.061348837,-71,0,1.0,9.0,-2114.0,0.0,-1669.0,5242.4604,-8232.0,303938.1,1436.0,9450.0,0.0,0.43,-2386.0,1.0264431,0.0,24.0,11328.815,10228.455,180.0,19.222221,2529.067,182918.25,0.0,533617.06,10228.455,0.0,-26.0,0.019101,15.13074,1.0,0.8,0,-728.6427,307208.47,0.07275849,12.0,0.0,2,0.8679975,1,0.1025479,0.0,0.0,0,0.0,0.0,0.0,1.0,0.9777348,0.018181818,1.0,0.0,15,1.0,0.0,0.0,0.0,1,0.0,0.0,0.0,0.0,0.0,0.06633385,0.0,0.0,1.0
0.61782616,0.5940156,0.5021294,0.04271443,-2384.1423,15700.5,0.0,1,8.0,-94.0,79142.76,0.5662409,11.0,0.1341923,42,0,1.0,24.0,-1861.0,0.0,-1015.7692,0.0,-1270.0,36257.062,273.0,11250.0,0.0,0.31830758,0.0,1.2748317,0.0,24.0,4396.82,2948.085,-136.0,12.055555,0.0,453683.03,0.0,171454.95,4514.49,0.5,-54.25,0.010643,15.13074,0.8333333,0.6923077,0,-728.6427,45312.0,0.053425252,17.5,0.0,2,0.8679975,0,0.032,0.0,0.0,0,0.0,0.0,1.0,0.0,0.9737,0.46656716,0.5,0.0,10,0.0,0.0,0.30769232,0.0,0,0.0,1.0,0.5,0.0,0.0,0.0256,0.041666668,0.0,0.0
0.5478105,0.75151414,0.7866125,0.042495217,-2384.1423,44073.0,0.0,1,31.333334,-390.0,2097280.8,0.5662409,12.061121,0.10882222,30,0,1.8282222,18.0,-35.0,0.0,-843.0,0.0,-3591.0,0.0,975.0,23895.0,0.0,0.39050126,-1193.0,1.0705113,-35000.105,43.0,116515.59,6774.255,-304.0,24.0,2529.067,286300.0,0.0,85502.25,28711.635,0.0,-141.0,0.072508,15.13074,0.8333333,0.75,0,-728.6427,307208.47,0.10793154,15.5,0.0,1,0.8679975,1,0.2072,0.0,0.0,0,0.0,0.0,0.8333333,0.16666667,0.9945,0.0875,0.33333334,0.0,10,0.16666667,0.0,0.5,0.16666667,0,0.16666667,0.0,0.0,0.0,0.0,0.06633385,0.055555556,0.16666667,0.16666667
0.7394118,0.45205194,0.72945464,0.048317987,-1847.0,29331.0,0.0,0,11.0,-339.0,234201.11,0.5662409,9.0,0.10863333,-45,0,1.0973413,23.0,-62.0,0.0,-785.7143,0.0,-4935.0,465708.6,979.0,0.0,0.0,0.4447805,-775.0,0.95224667,-464.00726,27.0,10645.505,6047.55,-195.0,15.409091,2529.067,1679196.4,0.0,730941.44,9848.925,0.0,-16.25,0.018029,15.13074,0.8695652,0.42857143,1,-728.6427,59965.582,0.004560766,10.0,0.0,3,0.8679975,1,0.1025479,0.0,0.0,0,0.0,0.0,1.0,0.0,0.9777348,0.5375458,0.33333334,0.0,5,0.33333334,0.0,0.14285715,0.0,1,0.33333334,0.33333334,0.0,0.0,0.0054945056,0.06633385,0.04347826,0.0,0.33333334
0.5549468,0.41740644,0.5021294,0.06805714,-1311.0,21438.0,1.3939394,1,4.0,-416.93738,616115.6,0.26373628,12.061121,0.19056,63,0,0.9513529,18.0,-46.0,0.6666667,-1804.0,5242.4604,-9295.0,0.0,1011.9233,9000.0,0.8888889,0.35714287,-110.0,0.7890605,118.384636,71.0,3734.034,1.125,-708.0,5.8727274,2529.067,431962.28,0.0,190692.0,4213.035,0.6666667,-132.19705,0.01452,0.596337,0.8888889,1.0,1,-748.0,307208.47,0.18372849,12.166667,6750.0,2,0.77657837,0,0.1025479,0.0,0.0,0,12823.701,0.16666667,0.16666667,0.6666667,0.9777348,0.4571111,0.0,0.0,11,0.0,0.0,0.0,0.16666667,1,0.16666667,0.33333334,0.0,0.33333334,0.014199425,0.06633385,0.0,0.0,0.6666667
0.24853556,0.20993075,0.5021294,0.05122583,-6201.0,40054.5,0.0,0,21.11111,-111.0,4266087.0,0.5662409,17.0,0.14128572,-59,0,1.0,92.0,-110.0,0.2,-807.0909,16897.5,-8495.0,1274345.4,1715.0,4500.0,0.0,0.36256906,-1783.0,0.915016,0.0,30.0,52667.742,4410.405,1154.0,14.691358,108.0,569091.44,0.0,1143245.8,15986.505,0.13333334,-38.0,0.018029,15.13074,0.90217394,0.72727275,1,-171.0,1801.3334,0.0035021498,11.0,0.0,3,0.8732099,1,0.1061,0.13333334,0.0,0,17352.18,0.06666667,0.2,0.2,0.9871,0.48538962,0.26666668,0.0,12,0.06666667,0.0,0.27272728,0.53333336,1,0.26666668,0.06666667,0.06666667,0.0,0.0,0.0,0.0,0.26666668,0.06666667
0.3944954,0.6915277,0.26637307,0.054465372,-737.0,32274.0,0.0,0,7.0,-722.0,457211.84,0.6666667,1.0,0.11953333,15,0,0.9818182,25.0,-10.0,0.5,-2099.0,7047.0,-1201.0,44959.5,1011.9233,0.0,0.0,0.45565006,-844.0,0.9639086,42.986454,35.0,8312.942,18.0,-1580.0,10.327272,7047.0,24864.5,0.0,227494.5,10968.57,0.125,-8.0,0.04622,10.545455,0.84,0.6666667,1,-496.0,307208.47,0.0025518537,14.75,2259.855,1,1.0,1,0.0895,0.0,0.0,0,40.5,0.75,0.875,0.125,0.9826,0.4571111,0.25,0.0,11,0.125,0.0,0.33333334,0.25,1,0.0,0.125,0.125,0.0,0.014199425,0.0935,0.04,0.0,0.0
0.51729655,0.5202839,0.38592184,0.031566527,-893.0,24682.5,1.0654914,0,13.592881,-2245.0,678578.9,0.5662409,27.0,0.137125,58,0,1.3829919,29.516104,-327.7884,0.1108971,-2585.75,5242.4604,-8490.0,114696.0,-1148.0,11083.136,0.21486607,0.23020259,-3.0,0.96875226,-363.87296,37.84903,18754.361,5198.1606,-108.0,12.26564,2529.067,18624.5,0.0,614935.1,13925.762,0.23777755,-594.0,0.008474,15.13074,0.90468615,0.5,1,-728.6427,76050.0,0.07275849,12.661583,6724.2266,2,0.8679975,1,0.1676,0.068525076,1.0,0,0.0,0.080552734,0.47940668,0.2845134,0.9816,0.4571111,0.21002875,0.0,16,0.35041127,0.0,0.0,0.14514303,1,0.25491133,0.2090302,0.14553413,0.027647203,0.014199425,0.1348,0.010587371,0.053136926,0.14762497
0.5108563,0.75151414,0.5021294,0.035429884,-2262.0,38200.5,1.1052631,1,19.333334,-364.0,1701475.5,0.5662409,11.0,0.18864444,-64,0,0.9649123,60.0,-101.0,0.6666667,-1579.375,5242.4604,-7926.0,0.0,1.0,4410.0,0.16666667,0.18781303,-831.0,0.9290477,1191.0806,73.0,29850.447,166.095,383.0,17.333334,2529.067,1110011.0,0.0,157623.19,25092.285,0.41666666,-22.5,0.006629,15.13074,0.95,0.75,1,-345.0,63368.0,0.0023104497,9.166667,34126.516,2,0.87929094,0,0.0037,0.0,0.0,0,12823.701,0.083333336,0.25,0.5833333,0.9826,0.4571111,0.0,0.0,15,0.083333336,0.0,0.125,0.16666667,1,0.5,0.5,0.16666667,0.25,0.014199425,0.06633385,0.0,0.0,0.0
0.5108563,0.81185305,0.5021294,0.108236395,-2384.1423,25960.5,0.0,0,12.0,-416.93738,34417.844,0.5662409,8.0,0.3846,58,0,1.0,7.0,-34.0,0.0,-1083.0499,5242.4604,-1364.0,160390.22,1011.9233,4500.0,0.0,0.2814259,-229.0,0.98853517,0.0,19.0,4916.835,4916.835,774.7538,14.714286,2529.067,431962.28,0.0042077564,378081.47,4916.835,0.0,-132.19705,0.072508,15.13074,1.0,0.58311266,0,-728.6427,307208.47,0.07275849,16.0,0.0,1,0.8679975,1,0.4089,0.0,0.0,0,12823.701,0.0,0.0,1.0,0.9811,0.4571111,0.0,49.54514,13,1.0,0.014233142,0.23965093,0.0,0,1.0,0.0,0.0,0.0,0.014199425,0.3909,0.0,0.0,1.0
0.35895124,0.69045377,0.5021294,0.029397782,-4152.0,23931.0,0.0,1,16.0,-267.0,93848.67,0.5662409,12.061121,0.21272,73,0,1.0,4.0,-713.0,0.0,-717.6,0.0,-1184.0,105450.3,1022.0,4590.0,0.0,0.13819943,-791.0,1.0523641,0.0,16.0,31282.89,6714.405,6166.0,13.666667,2529.067,17389.0,0.0,615663.0,6714.405,0.0,-18.0,0.018634,15.13074,0.75,0.6,1,-728.6427,3280.5,0.07275849,14.0,0.0,2,0.8679975,1,0.1025479,0.0,0.0,0,0.0,0.0,0.0,1.0,0.9777348,0.4571111,0.0,0.0,12,1.0,0.2,0.2,0.0,1,1.0,0.0,0.0,0.0,0.014199425,0.06633385,0.0,0.0,0.0
0.5971924,0.46876106,0.5021294,0.026582314,-3487.0,16866.0,1.0654914,0,13.592881,-156.0,678578.9,0.5662409,28.0,0.14992,-91,0,1.3829919,29.516104,-327.7884,0.1108971,-1393.6666,5242.4604,-3925.0,171202.5,176.0,11083.136,0.21486607,0.17730999,-5.0,0.96875226,-363.87296,37.84903,18754.361,5198.1606,176.0,12.26564,2529.067,439922.0,0.0,752291.25,13925.762,0.23777755,-269.5,0.018801,15.13074,0.90468615,0.33333334,1,-728.6427,980424.0,0.07275849,12.661583,6724.2266,2,0.8679975,0,0.1025479,0.068525076,0.0,0,0.0,0.080552734,0.47940668,0.2845134,0.9777348,0.4571111,0.21002875,0.0,9,0.35041127,0.16666667,0.0,0.14514303,1,0.25491133,0.2090302,0.14553413,0.027647203,0.014199425,0.06633385,0.010587371,0.053136926,0.14762497
0.7490217,0.6156443,0.89665514,0.10300188,-2384.1423,24705.0,0.0,1,6.0,-416.93738,122364.05,0.5662409,12.061121,0.26142856,-14,0,1.0,7.0,-111.0,0.0,-705.0,5242.4604,-10914.0,0.0,1011.9233,54000.0,0.0,0.39399624,-1110.0,1.5393611,0.0,37.0,24472.809,9755.01,-247.0,10.8,2529.067,195244.0,0.0,83756.1,10703.16,0.0,-132.19705,0.025164,15.13074,0.71428573,1.0,0,-728.6427,307208.47,0.3991453,12.0,0.0,2,0.8679975,0,0.1362,0.0,0.0,0,12823.701,0.0,0.0,0.0,0.9806,0.26821327,0.0,0.0,16,0.5,0.0,0.0,0.5,0,1.0,0.0,0.0,0.0,0.0,0.0448,0.0,0.0,0.0
0.00052726525,0.6898552,0.5021294,0.107102476,-1277.0,13639.5,0.16666667,1,6.0,-416.93738,51115.637,0.5662409,12.061121,0.16838889,-1,0,1.0,7.0,-2488.0,0.8,-1955.0,98097.75,-1456.0,0.0,1011.9233,4500.0,0.0,0.6360424,-2672.0,0.6750885,0.0,2.0,8519.272,8509.635,-665.0,0.5,2529.067,397832.0,0.0,144445.5,8521.2,0.4,-132.19705,0.01885,15.13074,0.85714287,1.0,1,-141.0,307208.47,0.21515597,13.6,0.0,2,0.0,0,0.128,0.0,0.0,0,12823.701,0.2,0.6,0.2,0.997,0.4571111,0.2,0.0,19,0.2,0.0,0.0,0.8,0,0.0,0.2,0.0,0.2,0.014199425,0.0546,0.0,0.0,0.0
0.4258929,0.74119484,0.632281,0.05,-1538.0,13500.0,0.0,1,12.0,-84.0,24019.92,0.5662409,1.0,0.08571429,77,0,1.0,4.0,-28.0,0.0,-1080.2727,0.0,-9175.0,130558.95,119.0,5620.5,0.0,0.5833333,-142.0,0.99316156,0.0,10.0,6004.98,6004.98,-841.0,7.5,0.0,525834.2,0.0,211054.72,6004.98,0.0,-25.5,0.022625,15.13074,1.0,0.45454547,0,-728.6427,191585.86,0.07275849,13.0,0.0,2,0.8679975,0,0.0662,0.0,1.0,1,12900.0,0.0,0.0,0.0,0.9871,0.4571111,0.0,0.0,14,1.0,0.0,0.36363637,0.0,1,1.0,1.0,1.0,0.0,0.014199425,0.0215,0.0,0.0,0.0
0.35895124,0.72919095,0.8930449,0.02941875,-1941.0,21181.5,0.5555556,1,16.5,-274.0,1597593.1,0.58536583,12.061121,0.1046,105,1,0.97530866,24.0,-11.0,0.0,-274.0,5242.4604,-2854.0,162931.5,1041.0,4491.0,0.0,0.28125,-1521.0,0.7185306,68.65722,19.0,19723.373,26.235,774.7538,2.9135802,2529.067,431962.28,0.0,337500.0,20456.55,0.5,-54.0,0.035792,3.5402439,0.9166667,0.0,1,-728.6427,307208.47,0.25839728,14.0,3246.975,2,0.8679975,1,0.0693,0.0,1.0,0,0.0,0.0,0.5,0.5,0.9806,0.4571111,0.0,0.0,18,0.25,0.0,1.0,0.25,0,0.25,0.25,0.25,0.25,0.014199425,0.0812,0.0,0.0,0.25
0.622922,0.56593454,0.5021294,0.05629747,-3756.0,16011.0,1.7857143,1,8.0,-789.0,1040272.94,0.5662409,5.0,0.101657145,-19,0,0.940753,40.0,-209.0,0.0,-1105.0,5242.4604,-6410.0,78674.625,-317.0,71100.0,0.025,0.5537975,-2672.0,0.88948923,-3883.8428,30.0,24768.404,41.94,-586.0,13.333333,2529.067,431962.28,0.0,166443.75,18824.725,0.0,-32.333332,0.019101,0.0,0.925,0.25,1,-728.6427,138072.33,0.2473075,13.4,3783.78,2,0.8679975,1,0.1025479,0.0,0.0,0,0.0,0.0,0.4,0.0,0.9777348,0.4571111,0.6,0.0,14,0.2,0.0,0.25,0.2,1,0.2,0.2,0.0,0.0,0.014199425,0.06633385,0.0,0.0,0.6
0.6446794,0.6780818,0.5021294,0.03602351,-421.0,45234.0,0.03125,0,21.0,-769.0,2372973.5,0.5662409,3.0,0.1436,124,0,1.0,35.0,-318.0,0.33333334,-889.6667,5242.4604,-3225.0,768094.5,551.0,11083.136,0.0,0.2508601,-3764.0,0.97790605,0.0,12.0,74155.42,50293.395,774.7538,2.53125,2529.067,431962.28,0.0,1412865.0,61589.33,0.33333334,-18.0,0.04622,15.13074,0.9142857,0.0,0,-265.0,43681.332,0.00043915526,12.166667,0.0,1,1.0,1,0.0018,0.0,1.0,0,0.0,0.33333334,0.33333334,0.5,0.9707,0.4571111,0.0,0.0,13,0.16666667,0.0,0.33333334,0.16666667,0,0.33333334,0.0,0.33333334,0.33333334,0.014199425,0.003,0.0,0.0,0.0
0.832785,0.60901034,0.5021294,0.11316867,-5370.0,42268.5,0.0,1,12.0,-1594.0,378000.0,0.5662409,12.061121,0.3131,-70,0,2.2668567,7.0,-42.0,0.5,-1771.5,5242.4604,-452.0,0.0,1011.9233,0.0,0.0,0.36144578,-241.0,0.9633104,-13500.0,13.0,27000.0,27000.0,-1548.0,11.714286,2529.067,107352.336,0.0,34425.0,20204.324,0.0,-926.0,0.016612,15.13074,1.0,0.75,1,-241.0,307208.47,0.0026922473,17.0,-6795.675,2,1.0,1,0.1243,0.5,0.0,0,12823.701,0.5,0.0,1.0,0.9831,0.4571111,0.0,0.0,18,1.0,0.0,0.25,0.0,0,0.0,0.0,0.0,0.0,0.014199425,0.0,0.0,0.0,0.0
0.5954562,0.7319886,0.5021294,0.039772,-2229.0,44743.5,0.0,0,14.0,-688.0,569043.75,0.5662409,2.0,0.1242875,-73,0,1.0,39.0,-1326.0,0.0,-1400.6666,0.0,-7960.0,379165.5,-1470.0,0.0,0.0,0.32,-1829.0,0.88730574,0.0,64.0,15806.771,12317.04,774.7538,12.361111,0.0,431962.28,0.0,898216.5,13625.145,0.75,-315.33334,0.04622,15.13074,0.9230769,0.0,0,-728.6427,592520.3,0.0088575585,13.0,0.0,1,0.8679975,1,0.1025479,0.0,0.0,0,0.0,0.25,0.25,0.75,0.9777348,0.4571111,0.0,0.0,19,0.0,0.0,0.6666667,0.0,0,0.0,0.0,0.25,0.25,0.014199425,0.06633385,0.0,0.0,0.0
0.2580842,0.4101873,0.78549457,0.026518557,-2384.1423,24160.5,0.14285715,1,18.0,-26.0,2010405.9,0.0,12.061121,0.10738,-41,1,1.1504538,40.0,-28.0,0.0,-936.5333,0.0,-830.0,23209.867,-86.0,1620.0,0.0,0.24695992,-1264.0,0.72423136,-6308.9937,31.0,35900.105,55.08,-47.0,5.553571,0.0,344543.12,0.0,105288.52,15396.759,0.16666667,-19.5,0.020246,23.095766,0.925,0.6,1,-728.6427,190891.2,0.17574196,10.166667,25793.1,3,0.8679975,0,0.1073,0.0,0.0,0,2943.15,0.0,0.5,0.33333334,0.9866,0.4571111,0.16666667,0.0,8,0.16666667,0.0,0.4,0.33333334,0,0.33333334,0.0,0.16666667,0.0,0.014199425,0.0331,0.0,0.16666667,0.0
0.5108563,0.56560147,0.5021294,0.04810909,-2644.0,23814.0,0.0,1,5.0,-416.93738,166934.75,0.5662409,12.061121,0.252,61,0,1.0,16.0,-580.0,0.25,-1083.0499,5242.4604,-3903.0,160390.22,1011.9233,13500.0,0.0,0.19090909,-1338.0,1.0902976,0.0,34.0,12841.134,2812.77,774.7538,22.923077,2529.067,431962.28,0.0042077564,378081.47,15498.885,0.5,-132.19705,0.035792,15.13074,0.8125,0.58311266,1,-605.0,307208.47,0.04454774,13.75,0.0,2,1.0,1,0.0689,0.0,0.0,0,12823.701,0.25,1.0,0.0,0.9821,0.4571111,0.0,49.54514,15,0.25,0.014233142,0.23965093,0.0,0,0.25,0.5,0.25,0.0,0.014199425,0.0376,0.0625,0.0,0.0
0.7366227,0.6964271,0.5021294,0.029360158,-133.0,31023.0,0.029411765,1,11.5,-416.93738,578230.94,0.5662409,12.061121,0.13788,115,1,1.0,36.0,-431.0,0.2,-1517.0,0.0,-9208.0,0.0,1011.9233,27306.0,0.027777778,0.21293993,-1604.0,1.0682001,0.0,45.0,17006.791,7707.15,-1334.0,20.647058,2529.067,431962.28,0.0,76558.68,23978.723,0.6,-132.19705,0.072508,15.13074,0.9444444,1.0,1,-703.0,307208.47,0.035934567,15.0,0.0,1,0.92097515,0,0.164,0.0,0.0,0,12823.701,0.0,0.2,0.4,0.9796,0.12,0.0,0.0,17,0.0,0.0,0.0,0.0,0,0.4,0.2,0.0,0.0,0.0,0.0,0.0,0.0,0.0
0.66263777,0.6909723,0.5021294,0.048331805,-618.0,27724.5,0.0,0,6.0,-416.93738,38575.98,0.5662409,12.061121,0.09478462,37,0,1.0,7.0,-2030.0,0.0,-1661.7142,7979.265,-7652.0,0.0,1011.9233,3393.0,0.0,0.5099119,-2243.0,1.0586914,0.0,33.0,6429.33,6414.705,-52.0,26.5,2529.067,602134.25,0.0,140601.86,6432.255,0.0,-132.19705,0.031329,15.13074,0.85714287,1.0,1,-728.6427,307208.47,0.07275849,14.0,0.0,2,0.8679975,1,0.0928,0.0,0.0,0,12823.701,0.0,1.0,0.0,0.9856,0.4571111,1.0,0.0,13,1.0,0.0,0.14285715,0.0,1,0.0,1.0,1.0,0.0,0.014199425,0.0498,0.14285715,0.0,0.0
0.6561584,0.5773235,0.63429683,0.095211886,-940.0,46701.0,0.0,1,6.0,-168.0,139477.1,0.5662409,12.061121,0.34593335,5,0,1.0,13.0,-201.0,0.0,-781.6,2103.0,-9615.0,30938.625,289.0,0.0,0.0,0.27523187,-380.0,0.95133734,0.0,8.0,11623.091,6822.72,-194.0,1.8333334,0.0,923871.3,0.0,115980.62,11623.995,0.5,-23.0,0.009334,15.13074,0.9230769,0.8,1,-728.6427,307208.47,4.3315736e-06,14.5,0.0,2,0.8679975,0,0.0415,0.0,0.0,0,0.0,0.0,0.5,0.0,0.9826,0.4571111,0.0,0.0,15,0.5,0.0,0.0,0.0,1,0.5,0.5,0.0,0.0,0.014199425,0.0,0.0,0.0,0.0
0.68793285,0.60620016,0.82035106,0.042470504,-2384.1423,53455.5,0.4225352,1,23.666666,-1329.0,4895008.5,0.5662409,11.0,0.26397777,-5,1,1.101682,75.0,-11.0,0.0,-1676.4,5242.4604,-9065.0,0.0,30928.0,22729.5,0.0,0.16088666,-214.0,0.9568718,-5537.4414,33.0,68943.78,17235.0,-964.0,5.2957745,2529.067,325864.9,0.0,97729.2,35839.95,0.125,-525.0,0.00733,15.13074,0.9066667,0.8,0,-728.6427,307208.47,0.009515161,13.0,18022.5,2,0.8679975,0,0.1025479,0.125,0.0,0,0.0,0.125,0.25,0.375,0.9777348,0.18769719,0.125,0.0,12,0.125,0.0,0.2,0.0,0,0.375,0.0,0.125,0.125,0.0045454544,0.06633385,0.013333334,0.0,0.25
0.5108563,0.6465537,0.33824813,0.05,-1763.0,10125.0,0.4857143,1,9.5,-416.93738,285707.06,0.0,12.061121,0.10227273,9,0,0.9714286,34.0,-25.0,0.0,-1083.0499,5242.4604,-3561.0,160390.22,1011.9233,8910.0,0.0,0.4888889,-628.0,1.0562302,353.91342,42.0,8163.059,1999.215,774.7538,8.342857,2529.067,431962.28,0.0042077564,378081.47,6784.3687,0.5,-132.19705,0.035792,0.0,0.9411765,0.58311266,0,-728.6427,307208.47,0.03077816,15.25,10387.755,2,0.8679975,1,0.1025479,0.0,0.0,1,12823.701,0.25,0.25,0.5,0.9777348,0.4571111,0.0,49.54514,10,0.25,0.014233142,0.23965093,0.0,1,0.25,0.5,0.5,0.0,0.014199425,0.06633385,0.0,0.0,0.25
0.27356467,0.48663852,0.5021294,0.10769231,-563.0,10332.0,4.478261,0,12.4,-278.0,637456.44,0.5662409,7.0,0.13505882,101,1,0.7536232,53.0,-390.0,0.33333334,-1112.0,9140.625,-7408.0,29466.0,-5.0,18000.0,1.1509434,0.79737335,-693.0,1.0851586,3936.6953,39.0,9238.499,16.11,-330.0,8.173913,10381.5,1021004.94,0.0,251703.75,11694.024,0.5555556,-11.5,0.009549,15.13074,0.9433962,0.6666667,1,-278.0,4140.5,0.018650843,13.888889,17386.29,2,1.1910901,0,0.0434,0.0,0.0,0,12762.0,0.0,0.7777778,0.22222222,0.9826,0.4571111,0.11111111,0.0,13,0.33333334,0.0,0.16666667,0.33333334,1,0.11111111,0.44444445,0.11111111,0.0,0.014199425,0.06633385,0.0,0.0,0.0
0.4382814,0.29643536,0.37798426,0.07296,-1046.0,49248.0,0.0,1,11.333333,-166.0,243623.03,0.5662409,11.0,0.43776,113,0,1.1068354,20.0,-60.0,0.0,-462.4,3250.17,-123.0,93164.4,234.0,0.0,0.0,0.16666667,-580.0,0.93416685,-1414.2982,75.0,12181.151,4307.985,-159.0,27.1,3250.17,7442.0,0.0,142270.2,9257.34,0.0,-34.0,0.01885,0.0,0.95,0.4,1,-728.6427,34625.332,0.0035694123,16.666666,0.0,2,0.8679975,1,0.1025479,0.0,0.0,0,0.0,0.0,0.33333334,0.0,0.9777348,0.7897059,0.33333334,0.0,14,0.33333334,0.0,0.2,0.0,1,0.33333334,0.0,0.6666667,0.0,0.011764706,0.06633385,0.0,0.0,0.0
0.40835884,0.44540927,0.5021294,0.029339854,-927.0,37800.0,4.2580647,1,23.0,-168.0,1256308.5,0.5662409,11.0,0.28,-115,0,0.7419355,25.0,-355.0,0.33333334,-1086.0,5242.4604,-3996.0,329275.12,928.0,4860.0,0.0,0.10478519,-2107.0,0.972918,4389.923,30.0,40526.082,3.24,-59.0,5.16129,2529.067,302880.34,0.0,323298.0,21692.498,0.33333334,-141.0,0.018029,15.13074,0.92,0.6,1,-549.0,17484.5,0.026266782,10.0,36535.23,3,0.8440243,0,0.1025479,0.0,1.0,0,0.0,0.33333334,0.33333334,0.33333334,0.9777348,0.4571111,0.33333334,0.0,9,0.33333334,0.0,0.2,0.33333334,0,0.33333334,0.33333334,0.33333334,0.0,0.014199425,0.06633385,0.0,0.33333334,0.0
0.14464815,0.5372715,0.5841274,0.051205,-6959.0,46084.5,0.0057803467,1,33.0,-127.0,1879039.8,0.45833334,12.061121,0.1463,-118,1,1.0,42.0,-20.0,0.2857143,-321.57144,0.0,-11891.0,2196459.0,1450.0,11083.136,0.0,0.35,-1695.0,0.7813939,0.0,30.0,10861.502,2.52,10474.0,7.7514453,2529.067,13868.0,0.0,1877785.8,14317.155,0.0,-4.0,0.04622,0.5877193,0.9047619,0.71428573,0,-379.0,6844.5,0.0070431046,12.0,0.0,1,0.69336104,0,0.0553,0.0,0.0,0,0.0,0.0,0.71428573,0.2857143,0.9742,0.5485258,0.42857143,0.0,10,0.0,0.14285715,0.5714286,0.0,0,0.14285715,0.0,0.42857143,0.0,0.0,0.0527,0.04761905,0.42857143,0.0
0.5108563,0.15727332,0.45337543,0.04864,-5669.0,21888.0,0.41379312,1,17.0,-416.93738,156487.05,0.5662409,12.061121,0.42295653,-102,0,0.9310345,28.0,-90.0,0.33333334,-1083.0499,5242.4604,-5150.0,160390.22,1011.9233,0.0,0.0,0.115,-2281.0,1.0,424.22742,68.0,5396.105,38.97,774.7538,32.551723,2529.067,431962.28,0.0042077564,378081.47,6667.3574,0.33333334,-132.19705,0.018801,15.13074,0.9285714,0.58311266,1,-418.0,307208.47,0.0,11.666667,9716.13,2,1.0,1,0.1025479,0.33333334,0.0,0,12823.701,0.0,1.0,0.0,0.9777348,0.4571111,0.33333334,49.54514,12,0.0,0.014233142,0.23965093,0.0,1,0.0,0.0,0.33333334,0.33333334,0.014199425,0.06633385,0.0,0.0,0.0
0.5108563,0.18897904,0.5021294,0.04685436,-1522.0,25537.5,1.8571428,0,6.0,-416.93738,19217.88,0.5662409,17.0,0.18916667,-86,0,0.85714287,7.0,-1201.0,0.0,-1083.0499,5242.4604,-6408.0,160390.22,1011.9233,2250.0,0.0,0.24768825,-1397.0,1.1432664,458.09357,29.0,2745.4114,8.775,774.7538,9.571428,2529.067,431962.28,0.0042077564,378081.47,3202.245,0.5,-132.19705,0.010966,15.13074,0.85714287,0.58311266,1,-728.6427,307208.47,0.07275849,13.0,3197.88,2,0.8679975,1,0.1025479,0.0,0.0,0,12823.701,0.0,1.0,0.0,0.9777348,0.4571111,0.0,49.54514,9,0.5,0.014233142,0.23965093,0.0,1,0.0,0.5,0.5,0.0,0.014199425,0.06633385,0.0,0.0,0.0
0.60238636,0.6756569,0.5021294,0.05,-2354.0,13500.0,0.0,1,12.0,-54.0,40478.04,0.5662409,12.061121,0.12,68,0,1.0,4.0,-53.0,0.0,-869.36365,2685.3,-5683.0,0.0,1407.0,0.0,0.0,0.41666666,-2151.0,0.8938356,0.0,72.0,10119.51,3764.565,1393.0,39.5,0.0,118550.61,0.0,517287.28,3764.565,0.0,-32.0,0.031329,15.13074,1.0,0.8181818,0,-728.6427,276768.0,0.07275849,16.0,0.0,2,0.8679975,0,0.5853,0.0,0.0,1,45000.0,0.0,0.0,1.0,0.9871,0.4571111,0.0,0.0,15,1.0,0.0,0.09090909,1.0,1,1.0,0.0,0.0,0.0,0.014199425,0.2776,0.0,0.0,0.0
0.3539876,0.1403299,0.71801376,0.029398998,-2384.1423,23773.5,0.32258064,1,15.0,-93.0,605565.2,0.5662409,12.061121,0.1761,37,0,1.1439022,32.0,-198.0,0.0,-111.0,5242.4604,-1850.0,21742.5,273.0,7128.0,0.0,0.1669449,-1063.0,0.6939661,-2506.5754,30.0,19534.361,42.3,774.7538,7.0,2529.067,431962.28,0.0,70582.5,12689.629,0.25,-20.666666,0.025164,0.0,0.90625,0.0,0,-728.6427,972.0,0.21804163,10.0,7790.4,2,0.8679975,0,0.0057,0.0,0.0,0,0.0,0.0,0.5,0.25,0.9796,0.4571111,0.0,0.0,9,0.25,0.0,0.0,0.25,0,0.5,0.0,0.0,0.0,0.014199425,0.06633385,0.0,0.0,0.5
0.8658959,0.68235326,0.5070585,0.04445714,-179.0,14004.0,0.0,1,10.0,-1733.0,105255.13,0.5662409,12.061121,0.07409524,-84,1,1.0,11.0,-2205.0,0.0,-2200.3333,0.0,-6179.0,0.0,-1031.0,9738.0,0.0,0.6,-2506.0,1.0264206,0.0,36.0,10525.514,10395.63,-2349.0,7.8,0.0,431962.28,0.0,195000.0,10539.945,0.0,-1207.5,0.072508,15.13074,0.90909094,0.33333334,1,-728.6427,88200.0,0.07275849,19.0,0.0,1,0.8679975,0,0.2718,0.0,0.0,0,0.0,0.0,0.0,1.0,0.9767,0.4571111,1.0,0.0,15,1.0,0.0,0.6666667,0.0,1,0.0,0.0,1.0,0.0,0.014199425,0.2478,0.0,0.0,0.0
0.60927564,0.20999241,0.5021294,0.039774563,-2634.0,44302.5,0.2112676,1,14.8,-756.0,2708861.8,0.5662409,12.061121,0.246125,24,0,0.9577465,76.0,-27.0,0.0,-756.0,5242.4604,-10536.0,0.0,1067.0,11250.0,0.0,0.16160311,0.0,0.99045223,1387.0305,102.0,38152.984,22.635,774.7538,25.746479,2529.067,431962.28,0.0,252000.0,29635.416,0.5,-9.0,0.032561,15.13074,0.93421054,0.0,0,-728.6427,307208.47,0.007195121,15.0,46120.996,1,0.8679975,1,0.1025479,0.0,0.0,0,12823.701,0.0,0.5,0.33333334,0.9777348,0.88235295,0.0,0.0,15,0.0,0.0,1.0,0.16666667,0,0.33333334,0.33333334,0.0,0.0,0.05882353,0.06633385,0.013157895,0.0,0.16666667
0.70769936,0.750541,0.5021294,0.048880354,-5185.0,26109.0,1.0654914,1,13.592881,-416.93738,678578.9,0.5662409,12.061121,0.2901,-125,0,1.3829919,29.516104,-327.7884,0.1108971,-2530.75,0.0,-7834.0,0.0,1011.9233,11083.136,0.21486607,0.16849484,0.0,0.96875226,-363.87296,37.84903,18754.361,5198.1606,-1451.0,12.26564,2529.067,23086.916,0.0,88855.875,13925.762,0.23777755,-132.19705,0.005313,15.13074,0.90468615,1.0,1,-728.6427,307208.47,0.07275849,12.661583,6724.2266,2,0.8679975,1,0.0729,0.068525076,0.0,0,12823.701,0.080552734,0.47940668,0.2845134,0.9771,0.4571111,0.21002875,0.0,12,0.35041127,0.0,0.0,0.14514303,0,0.25491133,0.2090302,0.14553413,0.027647203,0.014199425,0.0781,0.010587371,0.053136926,0.14762497
0.5108563,0.19975275,0.5021294,0.05,-320.0,13500.0,0.3137255,1,10.0,-416.93738,474657.62,0.5662409,12.061121,0.1,71,0,0.9411765,54.0,-93.0,0.0,-1203.0,5242.4604,-7029.0,0.0,1011.9233,13500.0,0.0,0.5,-643.0,1.0215633,636.7288,48.0,9307.012,2.43,-746.0,11.803922,2529.067,431962.28,0.0,129024.54,9152.485,0.25,-132.19705,0.01885,15.13074,0.8703704,1.0,0,-728.6427,307208.47,0.025601517,16.125,10821.96,2,0.8679975,0,0.1025479,0.125,0.0,1,12823.701,0.0,0.375,0.125,0.9777348,0.4571111,0.0,0.0,15,0.25,0.0,0.0,0.0,1,0.5,0.125,0.375,0.125,0.014199425,0.06633385,0.037037037,0.0,0.0
0.12140828,0.5889431,0.5021294,0.032259867,-2840.0,41562.0,0.1,0,17.0,-250.0,112343.58,0.5662409,12.061121,0.18472,-3,0,1.0,11.0,-671.0,0.0,-744.6923,4350.24,-1523.0,116269.43,-77.0,11241.0,0.0,0.17464198,-971.0,1.0188617,0.0,11.0,11234.358,11184.705,-97.0,6.3,6.48,255801.6,0.0,200950.92,27643.95,0.5,-54.285713,0.035792,15.13074,0.90909094,0.46153846,1,-728.6427,115797.57,0.017019905,17.0,0.0,2,0.8679975,1,0.1007,0.0,0.0,0,15119.172,0.0,0.0,0.5,0.9881,0.4571111,0.5,0.0,16,0.5,0.0,0.46153846,1.0,1,0.0,0.0,0.0,0.5,0.014199425,0.1562,0.0,0.0,0.0
0.5108563,0.46355325,0.54706603,0.113087915,-1792.0,56263.5,0.055555556,0,8.666667,-416.93738,596861.75,0.5662409,10.0,0.12503,25,0,1.0,18.0,-10.0,0.0,-2430.5,28631.926,-1896.0,0.0,1011.9233,45000.0,0.0,0.90448624,0.0,1.0630274,0.0,30.0,33158.99,22109.715,-2065.0,8.111111,2529.067,0.5,0.0,47997.652,22132.725,0.0,-132.19705,0.006629,0.0,1.0,1.0,1,-728.6427,307208.47,0.025662085,9.333333,0.0,2,0.8679975,1,0.1025479,0.0,0.0,0,12823.701,0.0,0.5,0.5,0.9777348,0.025,0.16666667,0.0,6,0.16666667,0.0,0.0,0.0,0,0.16666667,0.0,0.8333333,0.0,0.0,0.06633385,0.0,0.16666667,0.0
0.39621958,0.56163764,0.5021294,0.037054244,-4026.0,24763.5,0.6759259,0,13.111111,-459.0,1276508.8,0.5662409,3.0,0.15286112,80,0,0.9722222,111.0,-71.0,0.2173913,-741.5,0.0,-2503.0,80785.5,1011.9233,1305.0,0.009009009,0.24240465,-484.0,0.9285682,308.90875,138.0,11819.525,0.09,-36.0,12.87963,0.0,185440.5,0.0,334564.78,12034.135,0.3478261,-19.5,0.031329,15.13074,0.9009009,0.5,0,-299.0,75660.5,0.0018601131,12.782609,11120.625,2,0.8732099,1,0.1025479,0.0,0.0,0,13219.875,0.08695652,0.73913044,0.2173913,0.9777348,0.4571111,0.13043478,0.0,8,0.08695652,0.0,0.5,0.5652174,1,0.08695652,0.08695652,0.17391305,0.26086956,0.014199425,0.06633385,0.054054055,0.0,0.08695652
0.7517237,0.43772012,0.6905557,0.07790909,-2384.1423,19282.5,0.011363637,0,14.285714,-381.0,2722858.0,0.5662409,2.0,0.14283334,-113,0,1.0,94.0,-381.0,0.071428575,-806.8,0.0,-3466.0,444305.4,589.0,7965.0,0.0,0.54545456,-829.0,1.0163498,0.0,67.0,30941.568,2489.76,-217.0,16.738636,0.0,287374.34,0.0,689060.94,22969.248,0.2857143,-5.5,0.028663,15.13074,0.9255319,0.6,1,-381.0,8844.5,0.020333037,8.714286,0.0,2,1.0,1,0.026,0.0,0.0,0,0.0,0.0,0.64285713,0.21428572,0.995,0.7052036,0.071428575,0.0,8,0.0,0.0,0.0,0.0,0,0.21428572,0.0,0.5714286,0.071428575,0.0,0.06633385,0.010638298,0.071428575,0.071428575
0.70018387,0.7917929,0.5157187,0.032420702,-2315.0,26217.0,0.0,1,8.0,-282.0,85900.77,0.5662409,12.061121,0.23304,27,0,1.0,17.0,-467.0,0.0,-1178.0,0.0,-6991.0,26206.2,264.0,9616.5,0.0,0.13912076,-1003.0,1.1805556,0.0,37.0,5726.718,4413.825,-101.0,18.6,2529.067,543726.2,0.0,150591.0,5710.3877,0.5,-26.0,0.0105,15.13074,0.88235295,0.8333333,1,-728.6427,307208.47,0.009645062,15.5,0.0,3,0.8679975,0,0.2322,0.0,0.0,0,12823.701,0.0,1.0,0.0,0.9841,0.46915033,0.0,0.0,13,0.5,0.0,0.0,0.0,1,0.5,1.0,0.5,0.0,0.0,0.2521,0.0,0.0,0.0
0.49566582,0.4155411,0.5021294,0.039823774,-2384.1423,31077.0,0.0,1,12.0,-638.0,87324.44,0.5662409,12.061121,0.31390908,-7,1,1.0,11.0,-31.0,0.0,-638.0,2999.79,-11767.0,90044.59,459.0,0.0,0.0,0.12686403,-360.0,1.0,0.0,6.0,7938.585,7938.585,774.7538,4.909091,2999.79,431962.28,0.0,173915.81,7938.585,0.0,-31.0,0.018209,15.13074,1.0,0.0,0,-728.6427,307208.47,0.07275849,7.0,0.0,3,0.8679975,1,0.0706,0.0,1.0,0,0.0,0.0,1.0,0.0,0.9841,0.4571111,1.0,0.0,7,1.0,0.0,0.0,0.0,0,0.0,0.0,1.0,0.0,0.014199425,0.0795,0.0,0.0,0.0
0.2525987,0.59901035,0.5021294,0.054465372,-984.0,32274.0,0.42168674,0,20.8,-896.0,1917623.6,0.5662409,6.0,0.14344,-99,0,0.92771083,79.0,-518.0,0.375,-538.6667,6151.5,-4590.0,88131.0,1011.9233,110025.0,0.06329114,0.37970838,-1217.0,1.0485767,2009.4441,38.0,23103.898,12.69,-262.0,9.301205,6151.5,8978.0,0.0,390000.0,10521.342,0.375,-34.0,0.01885,15.13074,0.9493671,0.6666667,1,-1217.0,307208.47,0.0067739985,14.875,27784.62,2,1.0,1,0.1025479,0.0,1.0,0,5607.0,0.0,0.75,0.0,0.9777348,0.4571111,0.375,0.0,12,0.125,0.0,0.33333334,0.0,0,0.0,0.625,0.125,0.0,0.014199425,0.06633385,0.012658228,0.0,0.125
0.6594055,0.5143918,0.5021294,0.05,-5286.0,10125.0,0.0,1,15.333333,-98.0,270597.75,0.5662409,12.061121,0.059210528,-89,1,1.0,36.0,-34.0,0.0,-1465.2,0.0,-6693.0,0.0,266.0,0.0,0.0,0.84444445,-1083.0,0.9130682,0.0,130.0,8199.932,3888.27,-510.0,56.363636,2529.067,432994.0,0.0,236808.0,7004.415,0.0,-2.0,0.018801,15.13074,0.9444444,0.8,0,-728.6427,307208.47,0.0068837367,14.333333,0.0,2,0.8679975,1,0.0732,0.33333334,0.14340623,1,12823.701,0.0,0.33333334,0.33333334,0.9747,0.4571111,0.33333334,0.0,8,0.0,0.0,0.4,0.0,0,0.33333334,0.33333334,0.0,0.0,0.014199425,0.0514,0.0,0.0,0.0
0.54423475,0.21416529,0.5021294,0.05,-2526.0,9000.0,2.0,0,8.0,-209.0,169638.89,0.5662409,6.0,0.046511628,57,0,1.0,15.0,-173.0,0.5,-939.2,17813.25,-4365.0,23.29875,-426.0,3217.5,0.0,1.075,0.0,0.95886827,0.0,42.0,12117.063,8519.49,-256.0,13.857142,0.0,950820.5,0.0,161555.0,9920.272,0.25,-52.666668,0.020713,15.13074,0.93333334,0.4,0,-198.0,99925.336,0.010248649,11.5,0.0,3,0.8964536,1,0.1025479,0.25,0.0,1,74968.94,0.25,0.5,0.25,0.9777348,0.4571111,0.0,0.0,10,0.25,0.0,0.4,0.0,1,0.25,0.25,0.25,0.0,0.014199425,0.06633385,0.0,0.0,0.25
0.508287,0.22586004,0.6142469,0.038203187,-2384.1423,43150.5,0.104477614,1,12.6,-249.0,2106090.5,0.5662409,12.061121,0.17434545,40,0,1.308279,68.0,-7.0,0.0,-1104.1111,0.0,-13585.0,22455.643,368.0,44460.0,0.0,0.21912351,-1763.0,1.02966,-7458.466,25.0,31434.186,5280.39,-491.0,8.820895,2529.067,324030.56,0.0,102510.5,26598.965,0.23076923,-18.5,0.019101,15.13074,0.9264706,0.7777778,0,-728.6427,6384.5,0.025081879,13.230769,0.0,2,0.8679975,1,0.1025479,0.0,0.0,0,0.0,0.07692308,0.46153846,0.23076923,0.9777348,1.0,0.23076923,0.0,15,0.07692308,0.0,0.22222222,0.3846154,0,0.30769232,0.07692308,0.07692308,0.0,0.0,0.06633385,0.0,0.23076923,0.07692308
0.71803284,0.58917606,0.23588097,0.027582858,-788.0,43443.0,0.0,0,4.0,-1089.0,52442.684,0.5662409,16.0,0.26091892,90,0,1.0,5.0,-722.0,0.0,-1340.3334,16978.5,-2214.0,0.0,738.0,11961.0,0.0,0.105714284,-831.0,1.2075232,0.0,35.0,17480.895,13196.475,-764.0,21.333334,33957.0,1682.0,0.0,563547.0,13196.475,0.0,-23.0,0.003541,15.13074,0.6,0.6666667,1,-728.6427,307208.47,0.07275849,12.0,0.0,1,0.8679975,1,0.1025479,0.0,0.0,0,12823.701,0.0,1.0,0.0,0.9777348,0.4571111,0.0,0.0,12,1.0,0.0,0.0,0.0,0,1.0,1.0,0.0,0.0,0.014199425,0.06633385,0.2,0.0,0.0
0.34741822,0.2717934,0.5021294,0.10572943,-8527.0,18850.5,0.7916667,1,19.0,-299.0,857911.06,0.5662409,12.061121,0.07349123,-2,1,1.0446359,24.0,-41.0,0.0,-1124.4667,5818.275,-6963.0,133808.94,451.0,2398.5,0.125,1.4386673,-2715.0,0.9696798,-6351.51,47.0,35746.293,197.775,1174.0,15.083333,9230.963,394773.84,0.0,371654.3,27863.527,0.0,-262.25,0.008625,0.0,0.9166667,0.73333335,1,-728.6427,148622.92,0.008919305,15.4,13805.64,2,0.8679975,0,0.1105,0.0,0.0,0,0.0,0.0,0.6,0.2,0.9861,0.32382524,0.8,0.0,17,0.0,0.0,0.33333334,0.4,1,0.0,0.2,0.0,0.0,0.030000433,0.0231,0.0,0.4,0.0
0.23791608,0.74163085,0.294453,0.06708574,-742.0,33376.5,0.29090908,0,10.8,-33.0,2357602.8,0.5662409,6.0,0.13012281,12,0,0.92727274,53.0,-8.0,0.27272728,-1020.5714,15228.0,-9223.0,270078.75,247.0,6201.0,0.0,0.51555717,-1526.0,0.8337832,2477.1797,33.0,42865.504,760.41,-386.0,5.7636366,0.0,1441284.4,0.0,566455.6,37699.973,0.27272728,-13.25,0.04622,15.13074,0.9622642,0.42857143,0,-95.0,291126.0,0.106822535,13.090909,35154.316,1,0.79113925,0,0.006,0.09090909,0.0,0,2254.455,0.18181819,0.6363636,0.36363637,0.9697,0.4571111,0.09090909,0.0,13,0.09090909,0.0,0.42857143,0.0,1,0.18181819,0.18181819,0.0,0.09090909,0.014199425,0.06633385,0.0,0.09090909,0.18181819
0.4258929,0.69098634,0.6913145,0.042368293,-6225.0,47191.5,0.375,1,9.0,-87.0,59099.266,0.5662409,12.061121,0.10487,-13,0,0.9375,16.0,-1458.0,0.5,-1552.5333,4712.895,-6049.0,83527.8,-1721.0,4500.0,0.0,0.40400776,-1739.0,1.141301,135.86626,35.0,3693.704,301.185,-272.0,10.875,10354.77,733150.44,0.0,212233.53,3901.05,0.5,-245.2,0.035792,15.13074,0.9375,0.6666667,1,-576.0,1193684.0,0.016243022,13.25,1872.675,2,1.0,1,0.1025479,0.0,0.0,0,0.0,0.0,0.75,0.0,0.9777348,0.4571111,0.25,0.0,10,0.25,0.0,0.06666667,0.25,0,0.0,0.75,0.0,0.0,0.014199425,0.06633385,0.0,0.0,0.0
0.2091547,0.64535844,0.5021294,0.051270235,-4407.0,31041.0,0.022727273,1,22.4,-210.0,2253730.5,0.5662409,12.061121,0.17687179,37,0,1.0,89.0,-36.0,0.23076923,-1314.6786,908.325,-63.0,68736.93,447.0,2475.0,0.0,0.28987232,-2059.0,0.9288425,0.0,53.0,25610.574,2811.465,366.0,11.636364,0.0,509199.84,0.0,229277.14,18517.879,0.23076923,-43.142857,0.010032,15.13074,0.9775281,0.75,1,-545.0,566834.5,0.01198681,5.3846154,0.0,2,0.87321055,0,0.1025479,0.0,0.0,0,0.0,0.0,0.7692308,0.23076923,0.9777348,0.29174045,0.07692308,0.0,4,0.07692308,0.0,0.17857143,0.15384616,1,0.30769232,0.07692308,0.07692308,0.15384616,0.00096006144,0.06633385,0.0,0.07692308,0.15384616
0.53348166,0.50979733,0.5021294,0.027583525,-960.0,41800.5,0.44444445,0,21.0,-112.0,823639.3,0.5662409,3.0,0.12385333,-37,0,1.0180016,36.0,-270.0,0.0,-1394.5,0.0,-9764.0,292143.5,826.0,3595.5,0.0,0.22271119,-1754.0,1.0293494,-921.225,47.0,22878.87,9.0,591.0,14.444445,2529.067,623759.1,0.0,797445.0,13814.168,0.5,-19.0,0.010006,15.13074,0.8888889,0.7,1,-728.6427,6253.0,0.0017227757,8.5,20694.6,1,0.8679975,0,0.0689,0.0,0.0,0,0.0,0.0,0.0,1.0,0.9796,0.4571111,0.0,0.0,9,0.5,0.0,0.2,1.0,0,0.5,0.5,0.0,0.0,0.014199425,0.0744,0.055555556,0.0,0.0
0.48485148,0.002293611,0.5021294,0.05,-1161.0,9000.0,0.0,1,9.0,-40.0,32880.24,0.5662409,12.061121,0.08,-27,0,1.0,9.0,-32.0,0.0,-398.625,0.0,-2836.0,61490.125,-723.0,2470.5,0.0,0.625,-1475.0,1.0293154,0.0,21.0,4697.1772,4328.82,-11.0,16.571428,0.0,146964.0,0.0,141140.72,4543.155,0.5,-200.0,0.001333,15.13074,0.7777778,0.375,0,-728.6427,201212.2,0.0017187775,3.5,0.0,3,0.8679975,1,0.1025479,0.0,0.0,1,51293.25,0.0,0.5,0.5,0.9777348,0.4571111,0.0,0.0,5,0.5,0.0,0.25,1.0,0,0.5,0.5,0.0,0.0,0.014199425,0.06633385,0.11111111,0.0,0.0
0.84258926,0.81334156,0.7874555,0.09742,-4441.0,43839.0,0.0,1,12.0,-701.0,172037.47,0.5662409,12.061121,0.06494667,-73,1,1.0,12.0,-2030.0,0.6666667,-989.2,5242.4604,-11323.0,2007000.0,1119.0,30591.0,0.0,1.5,-2383.0,1.1661696,0.0,17.0,14336.456,14200.785,104.0,11.0,2529.067,216692.92,0.0,15432703.0,14348.79,0.0,-62.0,0.032561,15.13074,1.0,0.8,1,-2383.0,307208.47,0.005443391,19.0,0.0,1,1.1111112,1,0.0388,0.0,0.0,0,12823.701,0.0,0.0,0.0,0.9757,0.21383002,0.6666667,0.0,12,1.0,0.0,0.0,0.0,0,0.33333334,0.0,0.0,0.0,0.0,0.0839,0.0,0.0,0.0
0.16048893,0.3454859,0.46021208,0.032453332,-4611.0,21906.0,3.3793104,1,10.0,-33.0,238352.84,0.5662409,12.061121,0.1132093,4,0,0.9310345,29.0,-18.0,0.0,-632.44446,3878.6174,-165.0,77564.0,26.0,0.0,0.0,0.28666666,-1598.0,0.9774889,1031.3534,46.0,8219.063,209.25,-75.0,2.9310346,0.0,287966.2,0.0,166126.86,9648.705,0.16666667,-34.5,0.01452,15.13074,0.9310345,0.5555556,1,-728.6427,40480.0,0.002026998,11.833333,14745.375,2,0.8679975,0,0.0025,0.0,1.0,0,0.0,0.0,0.5,0.33333334,0.9791,0.4571111,0.33333334,0.0,10,0.0,0.0,0.11111111,0.16666667,1,0.0,0.33333334,0.0,0.0,0.014199425,0.06633385,0.0,0.16666667,0.33333334
0.37064964,0.3802694,0.8213364,0.03061,-2384.1423,13774.5,0.0,1,10.0,-8.0,77033.16,0.5662409,8.0,0.17005555,83,0,1.0,6.0,-71.0,0.33333334,-1437.0,3837.87,-301.0,26141.508,1024.0,0.0,0.0,0.18,-229.0,1.0,0.0,30.0,15406.632,7938.27,105.0,25.8,0.0,1071583.6,0.11764706,74371.57,7938.27,0.0,-47.0,0.015221,15.13074,0.8333333,0.7647059,0,-72.0,34270.918,0.0,12.0,0.0,2,1.0,0,0.1025479,0.0,0.0,0,0.0,0.33333334,0.6666667,0.33333334,0.9777348,0.4571111,0.6666667,0.0,15,0.33333334,0.0,0.11764706,0.33333334,0,0.0,0.0,0.0,0.0,0.014199425,0.06633385,0.0,0.0,0.0
0.61782616,0.43333334,0.5021294,0.09737336,-3023.0,7006.5,0.0,1,16.0,-416.93738,678416.75,0.5662409,12.061121,0.11976923,86,0,1.0,20.0,-48.0,0.0,-1050.2858,0.0,-2425.0,0.0,1011.9233,7515.0,0.0,0.8130081,-198.0,1.0292006,0.0,28.0,39906.867,4458.24,-43.0,8.117647,2529.067,351783.25,0.0,86196.98,13442.925,0.33333334,-132.19705,0.015221,15.13074,0.85,1.0,1,-728.6427,307208.47,0.03955305,13.0,0.0,2,0.8679975,1,0.1025479,0.0,0.0,0,12823.701,0.0,0.0,0.33333334,0.9777348,0.625,0.6666667,0.0,15,0.33333334,0.0,0.0,0.0,0,0.0,0.33333334,0.33333334,0.0,0.0,0.06633385,0.0,0.33333334,0.33333334
0.37740424,0.2589339,0.28273952,0.03225673,-2531.0,17563.5,0.3846154,1,6.0,-175.0,185145.44,0.0,12.061121,0.055757143,-9,0,0.96153843,9.0,-23.0,0.0,-684.0,5242.4604,-9078.0,181513.12,420.0,11083.136,0.0,0.57852197,-296.0,0.96904314,87.1425,17.0,7120.978,13.95,774.7538,4.5384617,2529.067,431962.28,0.0,272724.0,6215.1074,0.0,-28.666666,0.010556,4.4444447,1.0,0.0,1,-728.6427,315729.2,0.0019166529,17.333334,1374.705,3,0.8679975,1,0.1025479,0.0,0.0,0,0.0,0.22222222,0.7777778,0.22222222,0.9777348,0.93333334,0.0,0.0,17,1.0,0.0,0.33333334,0.0,1,0.11111111,0.0,0.5555556,0.0,0.06666667,0.06633385,0.0,0.0,0.0
0.6894792,0.52954876,0.4754421,0.048956044,-5064.0,19741.5,0.45882353,0,32.0,-431.0,1189011.5,0.21052632,22.0,0.14623334,-8,0,0.9705882,59.0,-12.0,0.0,-1978.3334,0.0,-213.0,361081.8,2118.0,0.0,0.0,0.33478034,-1551.0,0.6666667,243.77718,163.0,6994.1855,9.0,-668.0,9.2,2529.067,440484.7,0.0,457225.47,11481.0,0.0,-119.0,0.02461,0.57894737,0.9491525,0.8333333,1,-728.6427,307208.47,0.33333334,17.25,8469.0,2,0.8679975,1,0.1025479,0.0,0.0,0,12823.701,0.0,0.75,0.25,0.9777348,0.8333333,0.0,0.0,12,0.0,0.0,0.16666667,0.25,1,0.5,0.0,0.5,0.0,0.0,0.06633385,0.016949153,0.0,0.0
0.5549468,0.20551868,0.5021294,0.057863925,-3596.0,16456.5,0.025641026,0,9.5,-416.93738,1864997.2,0.5662409,13.0,0.091425,82,0,1.2845869,38.0,-123.0,0.0,-1513.25,1534.5,-7106.0,0.0,1011.9233,9000.0,0.0,0.6329114,-1647.0,1.1924821,-17307.691,29.0,47820.44,2964.6,18.0,7.5641026,2529.067,1844526.2,0.0,205416.62,20102.592,0.5,-132.19705,0.030755,15.13074,0.94736844,1.0,1,-728.6427,307208.47,0.067341074,14.0,0.0,2,0.8679975,1,0.1025479,0.0,0.0,0,12823.701,0.0,0.5,0.5,0.9777348,0.4375,0.25,0.0,16,0.0,0.0,0.0,0.0,1,0.25,0.75,0.0,0.0,0.0,0.06633385,0.0,0.0,0.0
0.35729328,0.72971743,0.5021294,0.028656568,-3377.0,32283.0,0.060606062,1,21.666666,-65.0,5053202.0,0.083333336,12.061121,0.11036923,34,0,0.99242425,61.0,-42.0,0.15,-1011.1111,0.0,-2016.0,258953.14,119.0,7600.095,0.0,0.25964272,-2503.0,0.9951044,256.4659,110.0,38281.832,267.885,-521.0,7.5151515,0.0,347519.47,0.0,312287.16,44618.676,0.0,-36.0,0.072508,0.20350876,0.8852459,0.6666667,1,-96.0,6120.3335,0.0026554668,15.5,33382.8,1,1.0,0,0.1025479,0.0,0.0,0,0.0,0.05,0.7,0.1,0.9777348,0.51378524,0.25,0.0,16,0.0,0.0,0.11111111,0.05,0,0.2,0.0,0.25,0.0,0.0,0.06633385,0.016393442,0.15,0.0
0.6212263,0.36015937,0.5021294,0.0662,-259.0,14895.0,1.0654914,0,13.592881,-223.0,678578.9,0.5662409,13.0,0.23642857,-85,1,1.3829919,29.516104,-327.7884,0.1108971,-500.5,5242.4604,-3407.0,69727.5,335.0,11083.136,0.21486607,0.28,-2.0,0.96875226,-363.87296,37.84903,18754.361,5198.1606,-48.0,12.26564,2529.067,431962.28,0.0,139032.0,13925.762,0.23777755,-24.0,0.015221,15.13074,0.90468615,0.5,1,-728.6427,307208.47,0.07275849,12.661583,6724.2266,2,0.8679975,0,0.1025479,0.068525076,0.0,0,0.0,0.080552734,0.47940668,0.2845134,0.9777348,0.4571111,0.21002875,0.0,11,0.35041127,0.0,0.0,0.14514303,1,0.25491133,0.2090302,0.14553413,0.027647203,0.014199425,0.06633385,0.010587371,0.053136926,0.14762497
0.4650692,0.54216605,0.61693484,0.06165786,-7303.0,16803.0,0.0,1,12.0,-289.0,69583.99,0.5662409,12.061121,0.09335,-114,1,1.0,3.0,-289.0,0.0,-1449.0,0.0,-7255.0,119807.305,62.0,0.0,0.0,0.66050196,-304.0,1.0,0.0,15.0,69583.99,69583.99,-258.0,15.0,0.0,720420.0,0.0,316095.94,7244.8423,0.0,-28.4,0.010006,0.0,0.6666667,0.61538464,1,-728.6427,538309.8,0.0,12.5,0.0,2,0.8679975,0,0.115,0.5,0.0,0,0.0,0.0,0.0,1.0,0.9826,0.20802066,0.0,0.0,16,0.0,0.0,0.23076923,0.0,1,0.0,0.0,0.0,0.0,0.008223952,0.06633385,0.0,0.0,0.0
0.59892625,0.6989409,0.5021294,0.08078047,-599.0,17419.5,8.0625,0,3.0,-782.0,121587.34,0.16666667,20.0,0.12903333,93,0,0.9375,16.0,-4.0,0.0,-1249.5,5242.4604,-2201.0,113085.0,557.0,3150.0,0.0,0.6260434,-1803.0,0.5371399,330.6572,30.0,3799.6045,2.79,-986.0,5.25,2529.067,431962.28,0.0,260055.0,9393.457,0.5,-16.0,0.014464,0.2647059,0.9375,0.5,1,-728.6427,307208.47,0.5770385,6.0,5265.0,2,0.8679975,0,0.0665,0.0,0.0,0,0.0,0.0,1.0,0.0,0.9821,0.4571111,0.0,0.0,5,0.5,0.0,0.5,0.5,0,0.0,0.5,0.5,0.0,0.014199425,0.1292,0.0,0.0,0.0
0.053114172,0.2096335,0.5021294,0.05,-279.0,9000.0,0.16666667,1,12.0,-101.0,73801.26,0.5662409,12.061121,0.0625,11,0,0.9166667,11.0,-9.0,0.0,-90.6,0.0,-2521.0,38610.316,234.0,0.0,0.0,0.8,-333.0,0.9044961,514.0012,37.0,6150.105,2280.15,-26.0,12.583333,0.0,1641.3334,0.0,56682.0,6168.015,0.0,-50.0,0.0105,15.13074,1.0,0.6,0,-728.6427,364.5,0.07275849,18.0,3887.865,3,0.8679975,0,0.1025479,0.0,1.0,1,13858.425,0.0,0.0,0.0,0.9777348,0.4571111,0.0,0.0,16,1.0,0.0,0.2,0.0,0,1.0,0.0,1.0,0.0,0.014199425,0.06633385,0.0,0.0,0.0
0.5531647,0.7140159,0.5021294,0.027573539,-2384.1423,47893.5,0.26666668,1,16.5,-135.0,2174902.5,0.5662409,12.061121,0.17738333,-28,0,0.96666664,63.0,-32.0,0.33333334,-834.0,0.0,-2171.0,15015.214,1011.9233,0.0,0.0,0.15544605,-978.0,0.9440343,1087.2877,29.0,36248.37,66.69,-89.0,3.75,0.0,250559.5,0.0,155408.78,28707.604,0.2,-2.0,0.032561,15.13074,0.9047619,0.85714287,1,-120.0,307208.47,0.0016831603,13.933333,58395.6,1,0.8938148,0,0.1852,0.0,0.0,0,12823.701,0.0,0.4,0.46666667,0.9881,0.4571111,0.46666667,0.0,14,0.0,0.0,0.0,0.2,0,0.0,0.0,0.06666667,0.0,0.014199425,0.0188,0.031746034,0.46666667,0.0
0.5108563,0.3753911,0.49655104,0.029351762,-112.0,33277.5,1.6382979,1,23.0,-345.0,2593623.2,0.5662409,12.061121,0.36975,-19,0,1.1511351,53.0,-564.0,0.0,-345.0,5242.4604,-2191.0,350806.5,752.0,3415.5,0.0,0.07938272,-1472.0,0.871346,-6318.017,44.0,55183.473,8.91,774.7538,9.234042,2529.067,431962.28,0.0,450000.0,17145.803,0.14285715,-1.0,0.00712,15.13074,0.8679245,0.0,1,-728.6427,307208.47,0.011710935,8.857142,28247.04,2,0.8679975,1,0.1025479,0.0,0.0,0,12823.701,0.0,0.42857143,0.42857143,0.9777348,0.4571111,0.0,0.0,7,0.14285715,0.0,0.0,0.14285715,0,0.71428573,0.14285715,0.0,0.0,0.014199425,0.06633385,0.018867925,0.0,0.2857143
0.37740424,0.11086249,0.5021294,0.032421853,-2384.1423,25344.0,1.7941177,1,15.0,-283.0,380946.25,0.5662409,14.0,0.3128889,-119,0,0.85294116,29.0,-92.0,0.0,-1118.8572,6472.575,-2677.0,33647.785,149.0,0.0,0.0,0.103620976,-976.0,0.91742295,2942.3381,83.0,11204.301,16.2,-1114.0,13.617647,0.0,121158.914,0.0,63574.715,11706.48,0.33333334,-17.333334,0.008068,15.13074,1.0,0.5714286,1,-728.6427,3924.0,0.00011222528,8.0,19991.7,3,0.8679975,1,0.1025479,0.0,0.0,0,0.0,0.0,0.6666667,0.0,0.9777348,0.7069432,0.0,0.0,7,0.33333334,0.0,0.2857143,0.0,0,0.33333334,0.33333334,0.0,0.0,0.035068292,0.06633385,0.0,0.0,0.33333334
0.73801965,0.67864,0.5021294,0.07900177,-1033.0,40243.5,0.0,0,6.0,-779.0,56845.71,0.5662409,12.061121,0.1626,35,0,1.0,6.0,-2299.0,0.5,-1669.8572,0.0,-6813.0,204561.75,317.0,25155.0,0.0,0.4858657,-878.0,1.1743644,0.0,8.0,9474.285,9452.835,-1395.0,5.3333335,2529.067,335568.9,0.0,537292.3,9478.575,0.0,-7.3333335,0.011657,15.13074,1.0,0.5714286,1,-878.0,28519.0,0.1935724,17.5,0.0,1,0.8632597,1,0.1025479,0.0,0.0,0,12823.701,0.5,0.0,0.5,0.9777348,0.47587287,0.5,0.0,12,0.5,0.0,0.0,0.0,1,0.5,0.5,0.5,0.0,0.0,0.06633385,0.0,0.0,0.5
0.50107515,0.6532753,0.7135758,0.031398598,-2501.0,49266.0,0.31847134,1,12.8,-191.0,1892488.5,0.0,12.061121,0.21896,-115,1,0.9426752,58.0,-5.0,0.25,-1169.7142,0.0,-9752.0,128693.57,-37.0,2470.5,0.0,0.14339878,-1263.0,0.98285764,1669.4438,120.0,12054.067,4.5,-425.0,7.0127387,0.0,605216.25,0.0,311198.66,24386.246,0.125,-188.0,0.072508,0.0,0.9137931,0.5714286,1,-1078.0,24120.334,0.009698665,13.375,40091.176,1,1.0,0,0.0625,0.0,0.0,0,0.0,0.0,0.375,0.625,0.9732,0.4571111,0.5,0.0,18,0.0,0.0,0.42857143,0.375,0,0.25,0.125,0.0,0.0,0.014199425,0.06633385,0.0,0.25,0.25
0.5108563,0.23148337,0.5021294,0.04236682,-465.0,31995.0,0.0,1,4.0,-416.93738,39310.38,0.5662409,12.061121,0.395,20,0,1.0,4.0,-34.0,0.0,-1083.0499,5242.4604,-1198.0,160390.22,1011.9233,0.0,0.0,0.107257776,-153.0,1.0,0.0,23.0,9827.595,9826.92,774.7538,16.5,2529.067,431962.28,0.0042077564,378081.47,9827.82,0.0,-132.19705,0.018634,15.13074,1.0,0.58311266,1,-728.6427,307208.47,0.07275849,14.0,0.0,2,0.8679975,1,0.1025479,0.0,0.0,0,12823.701,0.0,0.5,0.5,0.9777348,0.4571111,0.0,49.54514,13,0.0,0.014233142,0.23965093,1.0,1,0.5,0.0,0.0,0.0,0.014199425,0.06633385,0.0,0.0,0.0
0.58323795,0.7345334,0.6569344,0.032378964,-2384.1423,34911.0,0.0,1,15.0,-725.0,275190.3,0.5662409,7.0,0.22165714,-74,0,1.0,16.0,-48.0,0.22222222,-1803.375,0.0,-8108.0,26641.125,-1564.0,0.0,0.0,0.1460768,-419.0,0.9812296,0.0,61.0,19656.45,14228.19,-284.0,34.07143,2529.067,613550.8,0.0,90341.44,15321.735,0.0,-874.5,0.072508,15.13074,0.9375,0.75,0,-254.0,726012.5,0.001409312,12.333333,0.0,1,1.0,1,0.0618,0.0,0.0,0,0.0,0.0,0.6666667,0.33333334,0.9717,0.4571111,0.11111111,0.0,15,0.11111111,0.0,0.5,0.6666667,0,0.11111111,0.0,0.0,0.0,0.014199425,0.0,0.0,0.11111111,0.0
0.5108563,0.69829625,0.4088439,0.07738333,-2361.0,41787.0,0.0,1,6.0,-416.93738,162843.44,0.5662409,12.061121,0.23215,65,0,1.0,13.0,-814.0,0.0,-1083.0499,5242.4604,-6191.0,160390.22,1011.9233,36000.0,0.0,0.33333334,-1785.0,1.3364731,0.0,23.0,14803.948,7205.535,774.7538,12.636364,2529.067,431962.28,0.0042077564,378081.47,13611.51,1.0,-132.19705,0.006207,15.13074,0.84615386,0.58311266,1,-728.6427,307208.47,0.0012290975,16.5,0.0,2,0.8679975,1,0.1025479,0.0,0.0,0,12823.701,0.0,0.5,0.0,0.9777348,0.4571111,0.0,49.54514,12,0.5,0.014233142,0.23965093,0.0,0,0.0,0.5,0.0,0.0,0.014199425,0.06633385,0.07692308,0.0,0.5
0.5744466,0.7035632,0.6889232,0.05472426,-2384.1423,14548.5,0.0,0,12.0,-226.0,364877.28,0.5662409,12.061121,0.21553333,-87,0,1.0,7.0,-571.0,0.0,-642.3333,5643.0,-8445.0,106886.25,1600.0,36472.5,0.0,0.25390163,-749.0,1.0423253,0.0,63.0,60812.88,36001.98,-411.0,25.5,2529.067,200344.5,0.0,97203.0,36001.98,0.0,-8.0,0.00496,15.13074,0.85714287,0.6666667,1,-728.6427,307208.47,0.07275849,12.0,0.0,2,0.8679975,1,0.1025479,0.0,0.0,0,0.0,0.0,0.0,0.0,0.9777348,0.4571111,0.0,0.0,14,1.0,0.0,0.0,0.0,0,1.0,0.0,0.0,0.0,0.014199425,0.06633385,0.0,0.0,0.0
0.34090644,0.03375948,0.5021294,0.051455054,-2384.1423,20385.0,0.0,1,30.0,-178.0,147544.06,0.5662409,12.061121,0.25166667,-64,0,1.0,18.0,-26.0,0.0,-1014.1667,0.0,-12347.0,22188.75,554.0,0.0,0.0,0.20445716,-478.0,0.85971797,0.0,18.0,8196.893,3069.405,52.0,5.111111,2529.067,545914.8,0.0,152835.12,18451.867,0.0,-21.0,0.020246,15.13074,0.9444444,0.8333333,0,-728.6427,307208.47,0.0023254652,10.666667,0.0,3,0.8679975,1,0.1025479,0.33333334,0.0,0,12823.701,0.0,0.6666667,0.0,0.9777348,0.4571111,0.33333334,0.0,10,0.33333334,0.0,0.0,0.0,0,0.0,0.0,0.0,0.0,0.014199425,0.06633385,0.055555556,0.33333334,0.0
0.51549536,0.13075817,0.60894287,0.046568744,-1473.0,26194.5,0.0,1,12.0,-416.93738,128257.02,0.5662409,34.0,0.19403334,-73,0,1.0,10.0,-26.0,0.0,-1332.0,5242.4604,-10424.0,0.0,1011.9233,0.0,0.0,0.24000384,-287.0,1.0,0.0,17.0,14250.78,14250.78,-601.0,14.111111,2529.067,431962.28,0.0,133218.0,14250.78,0.0,-132.19705,0.00702,15.13074,0.9,1.0,1,-728.6427,307208.47,0.07275849,11.0,0.0,2,0.8679975,1,0.1025479,1.0,0.0,0,12823.701,0.0,1.0,0.0,0.9777348,0.4571111,0.0,0.0,17,1.0,0.0,0.0,0.0,1,0.0,0.0,0.0,0.0,0.014199425,0.06633385,0.1,0.0,1.0
0.12610056,0.27813628,0.5021294,0.079783134,-2384.1423,13045.5,0.0,1,6.0,-109.0,19588.365,0.5662409,12.061121,0.09663333,-73,0,1.0,5.0,-1143.0,0.0,-428.8889,566.1225,-9404.0,72420.0,366.0,0.0,0.0,0.8256275,0.0,0.95273817,0.0,30.0,9794.183,3521.7,32.0,17.0,2529.067,194840.33,0.0,126041.97,3521.7,1.0,-8.0,0.025164,15.13074,0.4,0.33333334,1,-728.6427,52547.465,0.07275849,10.0,0.0,2,0.8679975,1,0.1025479,0.0,0.0,0,0.0,0.0,1.0,0.0,0.9777348,0.6597082,0.0,0.0,8,1.0,0.0,0.44444445,0.0,0,0.0,0.0,0.0,0.0,0.03755504,0.06633385,0.2,0.0,0.0
0.5108563,0.15273674,0.37559515,0.0292375,-1797.0,31576.5,1.15625,0,14.0,-296.0,194090.31,0.5662409,12.061121,0.07796667,10,0,0.90625,31.0,-79.0,0.25,-1052.0,0.0,-1401.0,341356.66,148.0,3739.5,0.0,0.375,-761.0,0.97501796,696.52545,135.0,6065.3223,9.54,855.0,34.9375,0.0,591498.25,0.0,788157.06,6709.89,0.25,-301.2,0.0228,15.13074,0.9354839,0.44444445,1,-2702.0,106642.7,0.017610997,11.0,8034.165,2,1.1111794,1,0.1025479,0.0,0.0,0,0.0,0.0,0.25,0.5,0.9777348,0.4571111,0.5,0.0,6,0.25,0.0,0.22222222,0.0,1,0.25,0.75,0.0,0.0,0.014199425,0.06633385,0.0,0.0,0.25
0.35895124,0.76700646,0.44118425,0.026376924,-185.0,30861.0,1.0654914,1,13.592881,-446.0,678578.9,0.5662409,12.061121,0.40341178,29,1,1.3829919,29.516104,-327.7884,0.1108971,-446.0,0.0,-1835.0,9571.5,1011.9233,11083.136,0.21486607,0.06538462,-112.0,0.96875226,-363.87296,37.84903,18754.361,5198.1606,774.7538,12.26564,0.0,431962.28,0.0,157500.0,13925.762,0.23777755,-9.0,0.072508,15.13074,0.90468615,0.0,1,-728.6427,307208.47,0.07275849,12.661583,6724.2266,1,0.8679975,1,0.3781,0.068525076,0.0,0,147927.52,0.080552734,0.47940668,0.2845134,0.9955,0.4571111,0.21002875,0.0,19,0.35041127,0.0,1.0,0.14514303,1,0.25491133,0.2090302,0.14553413,0.027647203,0.014199425,0.0,0.010587371,0.053136926,0.14762497
0.7476634,0.49031028,0.27675,0.06072,-1054.0,27324.0,0.07575758,1,8.0,-153.0,1111763.8,0.10526316,12.061121,0.1518,49,0,0.95454544,21.0,-42.0,0.44444445,-1973.8182,0.0,-186.0,295601.25,-2195.0,213322.5,0.0,0.4,-243.0,1.2549741,409.53818,36.0,16844.904,4.05,-1137.0,4.878788,2529.067,230590.78,0.0,229685.73,12137.985,0.11111111,-1242.3334,0.015221,7.4678364,0.85714287,0.72727275,1,-194.0,1415316.4,0.10310722,11.222222,12977.64,2,1.0,0,0.4397,0.0,0.0,0,0.0,0.11111111,0.33333334,0.33333334,0.9925,0.18114096,0.33333334,0.0,7,0.11111111,0.09090909,0.18181819,0.11111111,1,0.33333334,0.0,0.22222222,0.0,0.0,0.2178,0.0,0.0,0.33333334
0.35895124,0.3585685,0.5021294,0.05,-8718.0,16875.0,0.13333334,1,11.0,-31.0,214878.92,0.5662409,29.0,0.25,-38,0,1.0,15.0,-22.0,0.0,-1148.9231,0.0,-2163.0,15442.875,73.0,36693.0,0.0,0.2,-169.0,1.0772502,0.0,13.0,14325.261,9965.115,-91.0,4.6666665,0.0,676903.5,0.0,103784.88,13238.482,0.0,-20.5,0.035792,15.13074,1.0,0.84615386,0,-728.6427,42924.5,0.05968495,10.5,0.0,2,0.8679975,1,0.1025479,0.5,0.0,1,0.0,0.0,0.5,0.5,0.9777348,0.4571111,0.5,0.0,14,0.5,0.0,0.0,0.5,1,0.0,0.0,0.0,0.0,0.014199425,0.06633385,0.0,0.0,0.0
0.5316861,0.22869426,0.62158453,0.027596857,-2384.1423,36265.5,0.0,1,28.5,-394.0,2182163.0,0.5662409,12.061121,0.26863334,-65,0,1.0,33.0,-432.0,0.125,-819.0,5242.4604,-12137.0,0.0,97.0,0.0,0.0,0.10273058,-1029.0,0.9391399,0.0,30.0,80820.85,5112.675,658.0,11.62963,2529.067,221112.5,0.0,489375.0,17854.312,0.25,-161.33333,0.003813,15.13074,0.90909094,0.4,0,-204.0,115003.0,0.0036874092,8.125,0.0,2,0.8732099,1,0.0441,0.25,0.0,0,12823.701,0.0,0.5,0.375,0.9762,0.4571111,0.0,0.0,8,0.125,0.0,0.2,0.0,0,0.125,0.125,0.125,0.0,0.014199425,0.0098,0.0,0.25,0.25
0.31391668,0.31102827,0.5021294,0.036084253,-1798.0,28215.0,0.0,1,12.0,-48.0,47555.91,0.5662409,12.061121,0.18441176,68,0,1.0,9.0,-40.0,0.0,-613.6,5242.4604,-9789.0,201701.7,409.0,0.0,0.0,0.19567218,-302.0,0.8957075,0.0,27.0,5283.99,5283.99,-924.0,13.444445,2529.067,431962.28,0.0,338242.5,5283.99,0.0,-17.5,0.006296,15.13074,1.0,0.2,1,-728.6427,150559.0,0.07275849,14.0,0.0,3,0.8679975,0,0.104,0.0,0.0,0,0.0,0.0,0.0,0.0,0.9866,0.4571111,1.0,0.0,12,1.0,0.0,0.2,0.0,1,0.0,0.0,0.0,0.0,0.014199425,0.06633385,0.0,0.0,0.0
0.63637614,0.49731767,0.5021294,0.05130352,-242.0,26743.5,14.333333,0,10.666667,-742.0,337093.97,0.5662409,12.061121,0.11886,51,0,0.9583333,38.0,-46.0,0.4,-1383.1111,5242.4604,-8256.0,13359.9375,353.0,31500.0,0.0,0.43162984,0.0,1.1049548,802.90686,14.0,14045.582,41.265,19.0,8.5,2529.067,369917.94,0.0,271206.06,16338.48,0.0,-13.0,0.019101,15.13074,0.94736844,0.8888889,1,-1843.0,307208.47,0.02193225,13.4,19228.5,2,1.0,1,0.1025479,0.0,0.0,0,0.0,0.0,0.0,0.2,0.9777348,0.4571111,0.4,0.0,12,0.2,0.0,0.0,0.0,1,0.4,0.0,0.2,0.0,0.014199425,0.06633385,0.0,0.0,0.0
0.5108563,0.16307956,0.5021294,0.054654554,-263.0,17379.0,0.1875,0,8.0,-416.93738,76282.74,0.5662409,10.0,0.085822225,59,0,0.9375,20.0,-172.0,0.0,-1083.0499,5242.4604,-717.0,160390.22,1011.9233,11250.0,0.0,0.6368345,0.0,1.5575726,391.28906,63.0,4767.6714,307.08,774.7538,25.25,2529.067,431962.28,0.0042077564,378081.47,4278.2627,0.5,-132.19705,0.00702,15.13074,0.8,0.58311266,1,-728.6427,307208.47,0.39862347,14.5,5953.545,2,0.8679975,1,0.1025479,0.0,0.0,0,12823.701,0.0,0.5,0.0,0.9777348,0.4571111,0.5,49.54514,15,0.0,0.014233142,0.23965093,0.0,1,0.0,0.5,0.0,0.0,0.014199425,0.06633385,0.05,0.0,0.0
0.5108563,0.38145024,0.34845555,0.05,-1532.0,6750.0,1.0654914,1,13.592881,-416.93738,678578.9,0.5662409,12.061121,0.09375,43,0,1.3829919,29.516104,-327.7884,0.1108971,-1083.0499,5242.4604,-251.0,160390.22,1011.9233,11083.136,0.21486607,0.53333336,-56.0,0.96875226,-363.87296,37.84903,18754.361,5198.1606,774.7538,12.26564,2529.067,431962.28,0.0042077564,378081.47,13925.762,0.23777755,-132.19705,0.022625,15.13074,0.90468615,0.58311266,0,-728.6427,307208.47,0.07275849,12.661583,6724.2266,2,0.8679975,1,0.1025479,0.068525076,0.0,1,12823.701,0.080552734,0.47940668,0.2845134,0.9777348,0.4571111,0.21002875,49.54514,10,0.35041127,0.014233142,0.23965093,0.14514303,1,0.25491133,0.2090302,0.14553413,0.027647203,0.014199425,0.06633385,0.010587371,0.053136926,0.14762497
0.7032033,0.66210216,0.5021294,0.044227984,-2384.1423,32283.0,0.5934066,1,27.0,-396.0,1403829.1,0.44210526,12.061121,0.14348,-26,0,1.0,28.0,-39.0,0.0,-1614.3334,0.0,-1028.0,0.0,-2070.0,0.0,0.0,0.30825192,-710.0,0.8823839,0.0,30.0,15426.693,25.965,-1249.0,6.7252746,2529.067,62012.332,0.0,143353.5,12279.926,0.0,-833.6667,0.01885,1.8547423,0.9285714,0.5,1,-728.6427,1924803.0,0.006764006,12.333333,0.0,2,0.8679975,1,0.1025479,0.0,0.0,0,12823.701,0.0,0.5,0.33333334,0.9777348,0.22795415,0.33333334,0.0,16,0.0,0.0,0.16666667,0.0,0,0.16666667,0.0,0.0,0.0,0.0,0.06633385,0.0,0.16666667,0.6666667
0.367291,0.70878106,0.8265536,0.071810156,-5167.0,13549.5,0.33898306,1,16.0,-207.0,561132.44,0.5662409,4.0,0.20073333,-43,1,0.89830506,57.0,-52.0,0.0,-1010.3333,5242.4604,-9451.0,148313.25,817.0,14850.45,0.0,0.3577391,-561.0,0.7617259,835.37616,39.0,9510.72,6.705,-1573.0,6.016949,2529.067,431962.28,0.0,161400.0,12267.143,0.6666667,-26.0,0.030755,0.0,0.94736844,0.33333334,1,-728.6427,322404.5,0.16819249,14.0,11126.16,2,0.8679975,1,0.0612,0.0,0.0,0,0.0,0.0,0.6666667,0.0,0.9742,0.4571111,0.16666667,0.0,12,0.16666667,0.0,0.0,0.0,1,0.0,0.6666667,0.16666667,0.0,0.014199425,0.0363,0.01754386,0.16666667,0.16666667
0.50468135,0.5611961,0.5021294,0.05105714,-1279.0,16083.0,0.0,0,12.0,-435.0,153628.61,0.5662409,3.0,0.14296,114,0,1.0,14.0,-434.0,0.0,-814.5,0.0,-13158.0,258205.67,1297.0,0.0,0.0,0.35714287,-792.0,0.90448415,0.0,20.0,12802.384,12796.155,-809.0,13.25,0.0,2244.5,0.0,655830.0,12802.95,0.0,-32.0,0.019101,15.13074,0.85714287,0.5,1,-728.6427,4512.5,0.07275849,13.0,0.0,2,0.8679975,1,0.1025479,0.0,0.0,0,0.0,0.0,0.0,0.0,0.9777348,0.04372257,0.0,0.0,17,1.0,0.0,0.0,0.0,1,1.0,0.0,1.0,0.0,0.0,0.06633385,0.071428575,0.0,0.0
0.5108563,0.6753693,0.5021294,0.051051017,-5532.0,21289.5,0.0,0,13.592881,-416.93738,15084.585,0.5662409,12.061121,0.17522222,-40,0,1.0,7.0,-2851.0,0.1108971,-1083.0499,5242.4604,-8403.0,160390.22,1011.9233,11083.136,0.0,0.29135013,-3032.0,0.96875226,0.0,5.0,5028.195,5023.485,774.7538,1.6666666,2529.067,431962.28,0.0042077564,378081.47,13925.762,0.23777755,-132.19705,0.011657,15.13074,0.85714287,0.58311266,0,-728.6427,307208.47,0.07275849,12.661583,0.0,1,0.8679975,1,0.0432,0.068525076,0.0,0,12823.701,0.080552734,0.47940668,0.2845134,0.9757,0.4571111,0.21002875,49.54514,15,0.35041127,0.014233142,0.23965093,0.14514303,0,0.25491133,0.2090302,0.14553413,0.027647203,0.014199425,0.0596,0.0,0.053136926,0.14762497
0.508287,0.5203603,0.6544319,0.048524354,-2384.1423,15241.5,0.0,0,9.0,-133.0,151647.3,0.5662409,17.0,0.3387,-3,0,1.0,20.0,-160.0,0.0,-1602.125,0.0,-10452.0,16390.125,170.0,0.0,0.0,0.14326647,0.0,0.9272176,0.0,30.0,8424.85,3258.405,-773.0,18.444445,0.0,182376.33,0.0,55940.062,7133.535,0.0,-10.0,0.031329,15.13074,0.9,0.875,0,-728.6427,307208.47,0.0010334274,11.5,0.0,2,0.8679975,1,0.1025479,0.0,0.0,0,0.0,0.0,1.0,0.0,0.9777348,0.4571111,0.0,0.0,9,0.5,0.0,0.0,0.0,0,1.0,0.0,0.0,0.0,0.014199425,0.06633385,0.0,0.0,0.0
0.5108563,0.05004149,0.35097638,0.038697027,-445.0,5062.5,0.0,0,2.6666667,-416.93738,290305.12,0.083333336,12.061121,0.086538464,-35,0,1.0,9.0,-6.0,0.0,-1083.0499,5242.4604,-6405.0,160390.22,1011.9233,4162.5,0.0,0.44716567,-1100.0,1.0833334,0.0,44.0,7443.721,225.0,774.7538,7.974359,2529.067,431962.28,0.0042077564,378081.47,9913.665,0.0,-132.19705,0.008474,21.69697,0.7777778,0.58311266,1,-728.6427,307208.47,0.020833334,12.0,0.0,2,0.8679975,0,0.0732,0.25,0.0,0,12823.701,0.0,1.0,0.0,0.9831,0.4571111,0.0,49.54514,9,0.25,0.014233142,0.23965093,0.0,1,0.25,0.25,0.25,0.0,0.014199425,0.0174,0.0,0.0,0.25
0.7295667,0.74875164,0.5021294,0.05,-4922.0,7875.0,0.0,0,6.0,-626.0,546241.44,0.5662409,12.0,0.011666667,13,0,1.0,5.0,-571.0,0.0,-626.0,0.0,-8734.0,0.0,-443.0,0.0,0.0,4.285714,-679.0,0.9786807,0.0,44.0,136560.36,91809.9,774.7538,29.0,0.0,431962.28,0.0,195115.5,91809.9,0.0,-99.0,0.002506,15.13074,0.8,0.0,0,-728.6427,307208.47,0.07275849,5.0,0.0,2,0.8679975,1,0.1025479,0.0,0.0,1,0.0,0.0,0.0,1.0,0.9777348,0.4571111,1.0,0.0,12,1.0,0.0,0.0,0.0,0,0.0,0.0,0.0,0.0,0.014199425,0.06633385,0.0,0.0,1.0
0.63970757,0.62887883,0.5021294,0.044277374,-1049.0,25389.0,0.1724138,0,30.0,-843.0,944117.1,0.5662409,17.0,0.11284,-106,1,0.9655172,28.0,-94.0,0.0,-2146.25,24108.84,-1609.0,0.0,252.0,11083.136,0.0,0.39239076,-927.0,0.9099181,1089.5105,40.0,32555.762,14854.365,-808.0,13.896552,2529.067,40434.332,0.0,1133337.4,31595.805,0.0,-19.0,0.010032,15.13074,0.96428573,0.75,1,-728.6427,307208.47,0.07275849,4.5,16741.44,2,0.8679975,1,0.281,0.0,0.0,0,12823.701,0.5,0.5,0.5,0.9816,0.4682645,0.0,0.0,2,0.5,0.0,0.0,0.0,1,0.5,0.0,0.5,0.0,0.01724138,0.0,0.0,0.0,0.0
0.7517237,0.49985427,0.5021294,0.060651373,-1010.0,34861.5,0.0,0,8.4,-1248.0,335525.6,0.5662409,31.0,0.18445238,-106,0,1.0,32.0,-1080.0,0.0,-1780.0,0.0,-369.0,56592.0,195.0,5602.5,0.0,0.3288186,0.0,0.7520716,0.0,33.0,11983.057,5531.625,-2061.0,18.571428,0.0,431962.28,0.0,427560.75,8214.714,0.2,-15.0,0.020713,0.0,0.875,0.5,1,-728.6427,307208.47,0.17820442,12.8,0.0,2,0.8679975,1,0.1025479,0.2,0.0,0,0.0,0.0,0.2,0.2,0.9777348,0.4571111,0.2,0.0,13,0.2,0.0,0.0,0.2,1,0.2,0.0,0.2,0.0,0.014199425,0.06633385,0.0,0.0,0.2
0.5108563,0.7237026,0.16064616,0.05,-1098.0,9000.0,0.0,0,6.0,-416.93738,148001.0,0.5662409,12.061121,0.060606062,-100,0,1.0,7.0,-104.0,0.0,-1083.0499,5242.4604,-3265.0,160390.22,1011.9233,12622.5,0.0,0.825,-275.0,0.94619304,0.0,12.0,24666.832,24665.445,774.7538,9.333333,2529.067,431962.28,0.0042077564,378081.47,24667.11,0.0,-132.19705,0.04622,15.13074,0.85714287,0.58311266,0,-728.6427,307208.47,0.07275849,14.0,0.0,1,0.8679975,0,0.1025479,0.0,1.0,1,12823.701,0.0,0.0,1.0,0.9777348,0.4571111,0.0,49.54514,10,1.0,0.014233142,0.23965093,0.0,0,1.0,0.0,0.0,0.0,0.014199425,0.06633385,0.0,0.0,0.0
0.5108563,0.6697156,0.7804402,0.09741113,-3716.0,25686.0,0.06153846,1,12.0,-416.93738,777028.4,0.0,12.061121,0.19026667,-21,0,0.9846154,37.0,-19.0,0.0,-2823.0,12375.0,-117.0,0.0,1011.9233,11083.136,0.0,0.5119716,-822.0,0.9416111,371.88693,30.0,11954.282,6.525,-2489.0,4.3384614,2529.067,431962.28,0.0,111303.0,20443.725,0.0,-132.19705,0.02461,0.0,0.9459459,1.0,1,-728.6427,307208.47,3.727272e-05,12.0,24166.125,2,0.8679975,1,0.0082,0.0,0.0,0,12823.701,0.0,0.33333334,0.6666667,0.9737,0.4571111,0.6666667,0.0,9,0.0,0.0,0.0,0.33333334,1,0.33333334,0.0,0.0,0.0,0.014199425,0.0261,0.0,0.6666667,0.0
0.2525987,0.73801947,0.5021294,0.05,-552.0,33750.0,0.0,1,6.0,-101.0,207866.3,0.5662409,12.061121,0.075,-10,1,1.0,8.0,-154.0,0.0,-262.8,1710.0,-64.0,60917.93,-115.0,22500.0,0.0,0.6666667,-448.0,0.9835673,0.0,47.0,34644.383,34643.746,-138.0,25.333334,0.0,47432.0,0.0,454982.22,34644.51,0.5,-109.666664,0.072508,15.13074,0.75,0.4,0,-728.6427,26182.334,0.07275849,16.0,0.0,1,0.8679975,1,0.083,0.0,0.0,1,15303.615,0.0,1.0,0.0,0.9613,0.4571111,0.0,0.0,17,0.5,0.0,0.4,0.0,0,0.0,0.5,0.0,0.0,0.014199425,0.06633385,0.125,0.0,0.0
0.51369375,0.7543616,0.45080924,0.04531641,-5071.0,45630.0,0.09950249,1,10.0,-416.93738,1093086.5,0.125,12.061121,0.28971428,115,0,0.96517414,21.0,-19.0,0.0,-785.2,0.0,-92.0,0.0,1011.9233,15772.5,0.0,0.1564176,-1817.0,1.0687777,433.19934,30.0,5438.241,2.61,-22.0,4.2636814,2529.067,241081.7,0.0,61828.2,12530.34,0.5,-132.19705,0.022625,0.32269737,0.95238096,1.0,1,-728.6427,307208.47,0.003588425,14.0,15582.24,2,0.8679975,1,0.0,0.0,0.0,0,12823.701,0.0,0.0,0.5,0.0,0.4571111,0.5,0.0,13,0.0,0.0,0.0,0.0,1,0.0,0.5,0.0,0.0,0.014199425,0.06633385,0.0,0.0,0.0
0.5316861,0.50149983,0.5021294,0.027574187,-3164.0,47200.5,0.028301887,1,11.571428,-68.0,3239682.0,0.30769232,12.061121,0.34963334,71,0,1.0,56.0,-6.0,0.0,-617.25,0.0,-14.0,440750.38,998.0,5625.0,0.0,0.07886601,-1444.0,0.8238745,0.0,75.0,30563.04,0.225,-799.0,10.877358,0.0,0.5,0.0,497623.5,23185.324,0.2857143,-20.5,0.0228,1.2147436,0.91071427,0.5,1,-728.6427,7938.0,0.15270332,11.428572,0.0,2,0.8679975,1,0.1025479,0.0,0.0,0,0.0,0.0,0.2857143,0.2857143,0.9777348,0.4571111,0.42857143,0.0,12,0.14285715,0.0,0.0,0.0,1,0.14285715,0.42857143,0.2857143,0.0,0.014199425,0.06633385,0.017857144,0.2857143,0.14285715
0.7530674,0.36351725,0.5021294,0.075959936,-7689.0,8190.0,0.0,1,11.0,-468.0,108481.77,0.5662409,12.061121,0.065,-21,0,1.0,15.0,-467.0,0.0,-1561.0,0.0,-7762.0,89553.6,497.0,4446.0,0.0,1.1686144,-2394.0,1.0131935,0.0,50.0,7748.6978,5006.115,-518.0,13.428572,2529.067,383727.34,0.0,231176.25,5420.25,0.0,-28.0,0.007305,15.13074,0.93333334,0.6666667,1,-728.6427,371522.0,0.0003481334,9.0,0.0,3,0.8679975,1,0.1025479,0.0,0.0,0,0.0,0.0,0.5,0.5,0.9777348,0.089607246,0.0,0.0,7,0.5,0.0,0.0,0.0,1,1.0,0.0,0.0,0.0,0.006289308,0.06633385,0.0,0.0,0.0
0.36896873,0.7189421,0.5021294,0.09939075,-2384.1423,26208.0,9.69863,1,5.3333335,-141.0,349400.16,0.088607594,12.061121,0.224,-43,0,0.9726027,18.0,-518.0,0.25,-758.3333,0.0,-717.0,24732.643,111.0,19057.5,0.0,0.44370872,-1803.0,1.0004123,51.780823,25.0,4786.3037,67.5,-155.0,6.972603,0.0,279543.62,0.0,113322.0,10634.73,0.25,-27.5,0.00712,0.47679326,0.8888889,0.7777778,0,-123.0,6384.5,0.0011186388,11.0,1800.0,2,0.8679975,1,0.0037,0.0,0.0,0,0.0,0.25,0.5,0.25,0.9309,0.4675996,0.25,0.0,8,0.25,0.0,0.0,0.25,0,0.0,0.0,0.25,0.0,0.021367522,0.0626,0.0,0.0,0.0
0.5316861,0.64150536,0.5021294,0.029363338,-142.0,30415.5,0.083333336,1,12.0,-50.0,432399.38,0.5662409,12.061121,0.17330769,59,0,0.9791667,52.0,-43.0,0.0,-488.0,0.0,-5058.0,209898.0,315.0,13203.0,0.0,0.16942894,-1287.0,1.0463738,163.5375,46.0,9008.32,489.195,-358.0,17.625,0.0,431962.28,0.0,216345.0,8362.969,0.5,-70.5,0.009334,15.13074,0.90384614,0.33333334,1,-728.6427,204800.0,0.009555759,10.75,7360.605,2,0.8679975,0,0.0088,0.0,0.0,0,0.0,0.0,0.5,0.25,0.9776,0.4571111,0.0,0.0,13,0.25,0.0,0.33333334,0.0,1,0.5,0.0,0.0,0.0,0.014199425,0.0053,0.01923077,0.0,0.5
0.45789954,0.7083069,0.59125555,0.10618269,-6141.0,11623.5,0.0,1,9.0,-28.0,138366.86,0.5662409,12.061121,0.0574,-101,1,1.0,12.0,-224.0,0.0,-933.6071,3142.0,-6367.0,78113.36,-5.0,10408.5,0.0,1.8498726,-2195.0,1.0769532,0.0,28.0,13836.686,4859.865,189.0,12.7,5751.0,743846.8,0.0,232828.88,7634.61,0.5,-207.0,0.011703,15.13074,0.8333333,0.71428573,1,-728.6427,622130.56,0.002333535,14.0,0.0,2,0.8679975,0,0.1025479,0.0,0.0,0,0.0,0.0,0.5,0.5,0.9777348,0.48863953,0.5,0.0,11,0.5,0.0,0.071428575,0.0,0,0.0,0.5,0.0,0.0,0.0010822511,0.06633385,0.083333336,0.0,0.0
0.51369375,0.30363154,0.5021294,0.05,-6230.0,9000.0,0.0,1,28.0,-109.0,845035.3,0.5662409,12.061121,0.08695652,-62,0,1.0,29.0,-63.0,0.0,-1255.8,1852.1025,-7560.0,6413.885,-11.0,11083.136,0.0,0.575,-245.0,0.8738984,0.0,41.0,31297.605,11344.365,-190.0,25.592592,2529.067,505502.06,0.0,73836.016,17990.55,0.14285715,-206.0,0.016612,15.13074,0.9310345,0.73333335,0,-728.6427,157433.67,0.00820121,11.571428,0.0,2,0.8679975,1,0.1025479,0.0,0.0,1,0.0,0.14285715,0.71428573,0.2857143,0.9777348,0.4571111,0.14285715,0.0,11,0.0,0.0,0.06666667,0.14285715,1,0.14285715,0.14285715,0.14285715,0.0,0.014199425,0.06633385,0.0,0.14285715,0.0
0.5495965,0.62003815,0.1968096,0.0481,-2864.0,10822.5,0.0,1,12.333333,-627.0,607261.3,0.6363636,12.061121,0.0962,-62,0,0.9782609,72.0,-25.0,0.0,-951.3333,0.0,-2609.0,615153.0,3025.0,3775.5,0.0,0.5,-707.0,0.96151614,229.69711,24.0,6600.6665,4.725,-579.0,6.597826,2529.067,245700.5,0.0,748522.5,7277.34,0.375,-17.0,0.01885,12.0,0.9722222,0.6666667,1,-728.6427,307208.47,0.0022579115,13.875,10357.11,2,0.8679975,1,0.1025479,0.125,1.0,0,0.0,0.0,0.375,0.0,0.9777348,0.25222397,0.0,0.0,13,0.125,0.33333334,0.0,0.125,0,0.125,0.125,0.0,0.0,0.0,0.06633385,0.0,0.0,0.0
0.31547216,0.6526113,0.5021294,0.04248207,-3552.0,47983.5,0.0,0,9.0,-271.0,2091144.5,0.35,2.0,0.14809722,112,0,0.9791667,12.0,-31.0,0.33333334,-325.0,0.0,-1455.0,347314.5,462.0,11083.136,0.0,0.2868526,-1308.0,0.63803345,4.6875,19.0,43565.51,16.875,774.7538,5.9166665,0.0,431962.28,0.0,500004.38,42644.113,0.16666667,-14.666667,0.019689,6.3026314,0.9166667,0.0,1,-873.0,8748.0,0.30531648,10.833333,208.125,2,0.9558402,1,0.0088,0.0,0.0,0,69769.24,0.16666667,0.6666667,0.33333334,0.9707,0.4571111,0.0,0.0,11,0.0,0.0,0.6666667,0.0,0,0.16666667,0.0,0.6666667,0.16666667,0.014199425,0.06633385,0.0,0.0,0.16666667
0.79226446,0.6927299,0.5021294,0.029336428,-3510.0,38551.5,0.3,1,24.2,-615.0,2226586.5,0.5662409,64.0,0.19037777,-13,0,0.93333334,61.0,-216.0,0.0,-2167.6667,4573.08,-4920.0,43003.8,-2149.0,5850.0,0.0,0.15409587,-626.0,0.950167,830.49677,30.0,37109.773,311.76,8796.0,5.45,9006.66,223684.67,0.0,182295.0,15909.876,0.4,-75.5,0.009175,15.13074,0.91803277,0.6666667,1,-728.6427,1805000.0,0.034533393,12.8,30964.05,2,0.8679975,1,0.1345,0.0,0.0,0,0.0,0.0,0.8,0.2,0.9896,0.4571111,0.6,0.0,14,0.2,0.0,0.33333334,0.0,1,0.0,0.4,0.2,0.0,0.014199425,0.1246,0.0,0.4,0.2
0.3360615,0.44206274,0.3134964,0.08042455,-1610.0,42282.0,0.26363635,1,20.333334,-188.0,1034599.9,0.5662409,12.061121,0.2088,-12,0,0.94545454,109.0,-26.0,0.14285715,-949.2,2633.805,-3059.0,44111.25,1011.9233,0.0,0.0,0.38517505,0.0,0.8881388,545.33984,33.0,9405.453,453.645,-748.0,8.909091,0.0,114.333336,0.0,141286.64,8692.455,0.0,-138.0,0.020713,15.13074,0.95412844,0.6,1,-560.0,134680.5,0.0031868478,13.285714,10028.385,2,0.90447694,1,0.3088,0.71428573,1.0,0,42921.766,0.0,0.42857143,0.14285715,0.993,0.3776578,0.14285715,0.0,12,0.14285715,0.0,0.4,0.0,1,0.14285715,0.0,0.0,0.0,0.009413067,0.1616,0.0,0.0,0.14285715
0.44717857,0.6011305,0.054382473,0.0483,-325.0,32602.5,0.118644066,0,25.666666,-508.0,1617394.9,0.5662409,3.0,0.2415,32,0,0.9830508,64.0,-179.0,0.0,-1750.5,5242.4604,-42.0,0.0,892.0,6295.5,0.0,0.2,-888.0,0.8034515,263.70612,28.0,27413.473,1102.905,-1282.0,8.847458,2529.067,424030.0,0.0,118509.75,8840.633,0.0,-57.0,0.031329,0.0,0.90625,0.8333333,1,-728.6427,307208.47,0.16663483,12.333333,14455.755,2,0.8679975,0,0.0527,0.0,0.0,0,0.0,0.33333334,0.5,0.33333334,0.9762,0.27934662,0.5,0.0,13,0.16666667,0.0,0.16666667,0.0,0,0.33333334,0.5,0.33333334,0.0,0.0,0.073,0.0,0.0,0.33333334
0.7688076,0.30452928,0.27671993,0.0936,-3989.0,6318.0,0.0,1,24.0,-92.0,243012.42,0.5662409,12.061121,0.104,-28,0,1.0,14.0,-369.0,0.33333334,-1096.5454,0.0,-9429.0,19714.908,273.0,0.0,0.0,0.9,-397.0,0.6277974,0.0,32.0,20251.035,2467.215,-325.0,23.75,0.0,498201.62,0.0,88785.67,8276.963,0.33333334,-29.5,0.015221,15.13074,0.85714287,0.8181818,1,-397.0,38642.0,0.29899654,12.666667,0.0,2,0.0,0,0.0869,0.0,0.0,0,0.0,0.33333334,0.6666667,0.0,0.9886,0.4571111,0.33333334,0.0,16,0.33333334,0.0,0.09090909,0.0,0,0.0,0.0,0.0,0.0,0.014199425,0.0774,0.0,0.0,0.33333334
0.50287825,0.6438104,0.5021294,0.03242276,-2287.0,25519.5,0.0,0,16.5,-63.0,1073921.6,0.5662409,7.0,0.08101428,9,0,1.0,30.0,-15.0,0.16666667,-1147.0,7524.0,-2927.0,53068.95,302.0,5400.0,0.0,0.4002104,-1667.0,0.971372,0.0,40.0,38354.344,5738.67,-400.0,7.892857,0.0,127512.5,0.0,260656.11,26751.162,0.33333334,-102.333336,0.010147,0.0,0.93333334,0.4,1,-555.0,23826.334,0.002454155,10.333333,0.0,2,1.0,1,0.1025479,0.0,0.0,0,79500.0,0.0,0.6666667,0.16666667,0.9777348,0.45349145,0.16666667,0.0,12,0.16666667,0.0,0.2,0.0,1,0.16666667,0.16666667,0.16666667,0.16666667,0.0,0.06633385,0.0,0.16666667,0.5
0.367291,0.56140614,0.5021294,0.044455588,-2384.1423,13963.5,0.9777778,1,18.0,-288.0,504841.1,0.5662409,12.061121,0.29273584,122,0,0.9971802,40.0,-8.0,0.0,-446.0,5242.4604,-11211.0,102341.25,564.0,2700.0,0.1,0.15186246,0.0,0.9370387,-1304.077,42.0,11218.691,2.52,176.0,10.444445,2529.067,431962.28,0.0,259500.0,8199.69,0.6666667,-46.0,0.031329,15.13074,0.95,0.33333334,0,-728.6427,21632.0,0.005068394,9.0,14214.69,2,0.8679975,1,0.1025479,0.0,1.0,0,0.0,0.33333334,0.33333334,0.6666667,0.9777348,0.4571111,0.0,0.0,10,0.33333334,0.0,0.0,0.33333334,0,0.33333334,0.33333334,0.0,0.0,0.014199425,0.06633385,0.0,0.0,0.0
0.2301589,0.37189057,0.3438102,0.067902096,-701.0,35005.5,1.3684211,1,12.0,-144.0,112399.2,0.5662409,26.0,0.31116,-122,1,0.94736844,19.0,-60.0,0.0,-844.8571,0.0,-2426.0,50327.1,31074.0,5850.0,0.0,0.21822245,-1203.0,0.94025946,300.0316,40.0,5915.7476,1350.0,-127.0,12.421053,0.0,275964.9,0.0,98367.89,8005.95,1.0,-17.0,0.006671,15.13074,0.94736844,0.5714286,1,-728.6427,0.0,0.006469782,18.0,4081.23,2,0.8679975,1,0.1025479,0.0,0.0,0,36180.09,0.0,0.5,0.0,0.9777348,0.4571111,0.0,0.0,20,0.5,0.0,0.42857143,0.0,1,0.0,1.0,0.0,0.0,0.014199425,0.06633385,0.0,0.0,0.0
0.6496203,0.21889503,0.55954474,0.03790073,-3017.0,24259.5,0.046296295,0,0.0,-1474.0,493043.3,0.14634146,13.0,0.15402856,-17,0,0.9722222,29.516104,-13.0,0.0,-2320.75,5242.4604,-3119.0,66174.0,-1938.0,11083.136,0.21486607,0.246063,-1336.0,0.0,18.254583,19.0,4565.216,20.61,-2293.0,3.6574075,2529.067,0.5,0.0,222387.75,2250.0,0.0,-982.5,0.035792,1.1528239,0.90468615,0.5,0,-728.6427,516128.0,0.07275849,10.0,1243.98,2,0.8679975,1,0.0027,0.0,0.0,0,0.0,1.0,1.0,0.0,0.9722,0.54561317,0.0,0.0,14,1.0,0.0,0.25,0.0,0,0.0,0.0,0.0,0.0,0.0,0.0122,0.010587371,0.0,1.0
0.6910212,0.055752777,0.2338493,0.048877146,-959.0,26640.0,0.04347826,0,24.0,-132.0,294996.4,0.5662409,12.061121,0.21925926,95,0,1.0,24.0,-729.0,0.0,-1586.5,0.0,-2051.0,36430.875,31061.0,0.0,0.0,0.22291942,-1395.0,0.7654543,0.0,25.0,12825.932,12317.22,-490.0,10.434783,2529.067,1530258.4,0.0,178903.8,12317.22,0.0,-16.0,0.020246,15.13074,0.9583333,0.75,1,-728.6427,307208.47,0.07275849,12.5,0.0,3,0.8679975,1,0.1025479,0.5,0.0,0,12823.701,0.0,0.5,0.0,0.9777348,0.4571111,0.0,0.0,11,0.5,0.0,0.25,0.0,1,0.0,0.0,0.5,0.0,0.014199425,0.06633385,0.0,0.0,0.0
0.5108563,0.4591407,0.5021294,0.04426156,-2384.1423,26622.0,0.29411766,1,28.5,-416.93738,2083338.5,0.5662409,12.061121,0.15989189,-34,0,0.9411765,35.0,-15.0,0.0,-1083.0499,5242.4604,-252.0,160390.22,1011.9233,11083.136,0.0,0.2768218,0.0,0.91444844,2177.9973,31.0,61274.664,3272.535,774.7538,5.2058825,2529.067,431962.28,0.0042077564,378081.47,29749.646,0.125,-132.19705,0.04622,0.0,0.9142857,0.58311266,0,-728.6427,307208.47,0.0024368293,12.875,43568.414,1,0.8679975,1,0.1025479,0.0,0.0,0,12823.701,0.125,0.5,0.25,0.9777348,0.4571111,0.25,49.54514,13,0.125,0.014233142,0.23965093,0.0,0,0.125,0.0,0.75,0.0,0.014199425,0.06633385,0.028571429,0.25,0.0
0.5108563,0.586527,0.5021294,0.044461958,-183.0,13963.5,0.0,1,12.0,-416.93738,112221.13,0.5662409,12.061121,0.12412,-47,0,1.0,13.0,-752.0,0.0,-1083.0499,5242.4604,-4290.0,160390.22,1011.9233,0.0,0.0,0.3582175,-1106.0,0.90447676,0.0,28.0,9351.762,9104.715,774.7538,15.333333,2529.067,431962.28,0.0042077564,378081.47,9374.22,1.0,-132.19705,0.020713,15.13074,0.9230769,0.58311266,1,-728.6427,307208.47,0.07275849,12.0,0.0,3,0.8679975,0,0.0425,0.0,1.0,0,12823.701,0.0,1.0,0.0,0.9776,0.4571111,0.0,49.54514,9,1.0,0.014233142,0.23965093,0.0,1,0.0,1.0,1.0,0.0,0.014199425,0.0132,0.0,0.0,0.0
0.57620883,0.4527291,0.5771279,0.04249713,-1544.0,42601.5,0.0,1,12.0,-367.0,49144.41,0.5662409,12.061121,0.11137647,-92,1,1.0,5.0,-771.0,0.0,-586.6667,0.0,-10003.0,26691.0,1011.9233,4194.0,0.0,0.3815629,-882.0,0.8920264,0.0,42.0,12286.103,4901.715,-262.0,20.0,0.0,9660.5,0.0,141474.1,4901.715,0.0,-16.0,0.00963,15.13074,0.8,0.6666667,1,-728.6427,307208.47,0.07275849,12.0,0.0,2,0.8679975,1,0.0523,0.0,0.0,0,189926.28,0.0,0.0,0.0,0.9781,0.4571111,0.0,0.0,12,1.0,0.0,0.33333334,0.0,1,1.0,1.0,0.0,0.0,0.014199425,0.0556,0.0,0.0,0.0
0.5108563,0.28932542,0.14937215,0.04661839,-395.0,29839.5,0.0,0,15.333333,-1653.0,245296.8,0.5662409,12.061121,0.27629167,-117,0,1.0,31.0,-75.0,0.0,-1653.0,0.0,-11459.0,0.0,173.0,45000.0,0.0,0.1687289,-265.0,1.2450397,0.0,79.0,8458.511,5112.36,774.7538,29.034483,0.0,431962.28,0.0,0.0,6851.235,0.0,-620.0,0.018801,15.13074,0.9354839,0.0,1,-728.6427,307208.47,0.10113812,9.666667,0.0,2,0.8679975,1,0.1025479,0.0,0.0,0,0.0,0.0,0.6666667,0.0,0.9777348,0.4571111,0.0,0.0,10,0.33333334,0.0,1.0,0.0,1,1.0,0.33333334,0.0,0.0,0.014199425,0.06633385,0.0,0.0,0.33333334
0.5226973,0.44151267,0.60632116,0.05454,-2089.0,24543.0,1.0,0,24.0,-476.0,282313.34,0.5662409,6.0,0.10908,-1,1,0.7692308,11.0,-1145.0,0.0,-2080.6667,10808.235,-4179.0,149544.0,-2033.0,0.0,0.0,0.5,0.0,1.0,3022.1309,38.0,21716.412,987.3,-987.0,9.384615,10808.235,431962.28,0.0,423470.25,13095.9,0.0,-453.4,0.030755,15.13074,0.90909094,0.16666667,0,-728.6427,1452071.8,0.07275849,18.0,12108.6,2,0.8679975,1,0.1025479,0.0,0.0,0,0.0,0.0,0.0,0.0,0.9777348,0.4571111,1.0,0.0,12,1.0,0.0,0.6666667,0.0,0,0.0,0.0,0.0,0.0,0.014199425,0.06633385,0.0,0.0,0.0
0.44183582,0.043669708,0.5021294,0.06509494,-556.0,18513.0,0.0,1,9.0,-416.93738,177454.7,0.5662409,15.0,0.11427778,-117,0,1.0,14.0,-165.0,0.0,-392.0,5242.4604,-4101.0,0.0,1011.9233,2290.5,0.0,0.56962025,-1211.0,0.9815683,0.0,25.0,16132.246,4411.575,-147.0,14.636364,2529.067,431962.28,0.0,539100.0,9451.62,1.0,-132.19705,0.005002,15.13074,0.78571427,1.0,1,-728.6427,307208.47,0.011883874,15.0,0.0,3,0.8679975,0,0.006,0.0,0.0,0,12823.701,0.0,1.0,0.0,0.9727,0.4571111,0.0,0.0,14,0.5,0.0,0.0,0.0,1,0.0,1.0,1.0,0.0,0.014199425,0.06633385,0.071428575,0.0,0.0
0.44361532,0.55647343,0.5021294,0.05,-2384.1423,12375.0,0.0,1,32.0,-418.0,102652.516,0.5662409,12.061121,0.1375,-30,1,1.0,15.0,-34.0,0.0,-684.5,5242.4604,-12795.0,41482.07,1183.0,17442.0,0.0,0.36363637,-432.0,1.0205777,0.0,63.0,8554.376,4966.47,1397.0,32.333332,2529.067,301088.0,0.0,41625.0,5134.9727,0.0,-15.5,0.030755,15.13074,0.8,0.5,0,-728.6427,27848.0,0.105284,11.0,0.0,2,0.8679975,0,0.1584,0.33333334,0.0,1,12823.701,0.0,0.6666667,0.33333334,0.9573,0.4571111,0.0,0.0,16,0.33333334,0.0,1.0,0.6666667,0,0.33333334,0.0,0.0,0.0,0.014199425,0.0663,0.06666667,0.0,0.33333334
0.59892625,0.7710576,0.5021294,0.029430464,-1540.0,19998.0,0.0,1,6.0,-278.0,50103.18,0.5662409,12.061121,0.12697142,87,1,1.0,6.0,-355.0,0.0,-454.8,0.0,-5304.0,93110.13,1060.0,44977.5,0.0,0.23178808,-490.0,2.0,0.0,16.0,10020.636,8395.965,-133.0,12.0,0.0,20596.334,0.0,145049.56,8395.965,0.0,-315.0,0.007274,15.13074,0.8333333,0.6,1,-728.6427,89888.0,0.07275849,19.0,0.0,2,0.8679975,0,0.1093,0.0,1.0,0,0.0,0.0,1.0,0.0,0.9876,0.083333336,0.0,0.0,15,1.0,0.0,0.2,0.0,0,1.0,0.0,0.0,0.0,0.0,0.06633385,0.0,0.0,1.0
0.35895124,0.6249815,0.5021294,0.030484576,-2384.1423,23836.5,1.0654914,1,13.592881,-57.0,678578.9,0.5662409,12.061121,0.20373076,21,0,1.3829919,29.516104,-327.7884,0.0,-1429.8572,5242.4604,-11549.0,53058.535,34.0,11083.136,0.21486607,0.14963168,-2.0,1.0,-363.87296,37.84903,18754.361,5198.1606,31088.0,12.26564,2529.067,1003193.2,0.0,103622.09,13925.762,0.0,-22.25,0.010966,15.13074,0.90468615,0.71428573,0,-728.6427,99484.25,0.07275849,11.0,6724.2266,2,0.8679975,1,0.0587,0.0,0.0,0,0.0,0.0,1.0,0.0,0.9737,0.31660476,0.0,0.0,13,1.0,0.0,0.21428572,1.0,0,0.0,1.0,0.0,0.0,0.004608295,0.0526,0.010587371,0.0,0.0
0.43473324,0.69137377,0.7027416,0.07783413,-3523.0,22239.0,0.1641791,1,16.5,-137.0,733215.3,0.0,12.061121,0.1765,-96,0,1.0104454,38.0,-11.0,0.125,-1110.8,0.0,-2615.0,15086.7,1011.9233,27000.0,0.0,0.44098654,-2366.0,1.1057663,-320.3624,48.0,10943.513,4.725,-419.0,10.238806,0.0,15844.917,0.0,66783.57,15414.1875,0.125,-23.0,0.019101,11.955556,0.9736842,0.8,1,-515.0,307208.47,0.21093903,14.125,11716.02,2,0.8679975,1,0.1025479,0.0,0.0,0,22543.02,0.0,0.5,0.5,0.9777348,0.30209523,0.0,0.0,10,0.125,0.0,0.2,0.375,0,0.25,0.25,0.25,0.0,0.008,0.06633385,0.0,0.0,0.0
0.40661743,0.7442744,0.7528991,0.029337052,-4163.0,38250.0,0.055555556,1,18.0,-170.0,175052.75,0.5662409,12.061121,0.17,75,1,1.0,19.0,-260.0,0.0,-170.0,5242.4604,-12607.0,138870.0,195.0,0.0,0.0,0.1725709,-800.0,1.0,0.0,13.0,9725.152,9656.685,774.7538,5.7777777,2529.067,431962.28,0.0,202500.0,9729.18,0.0,-23.0,0.072508,15.13074,0.94736844,0.0,1,-728.6427,307208.47,0.07275849,13.0,0.0,1,0.8679975,0,0.1025479,0.0,0.0,0,0.0,0.0,0.0,1.0,0.9777348,0.4571111,1.0,0.0,11,1.0,0.0,0.0,0.0,0,0.0,0.0,0.0,0.0,0.014199425,0.06633385,0.0,0.0,1.0
0.7675231,0.75488394,0.5021294,0.09768293,-2384.1423,46858.5,0.0,1,5.0,-1523.0,591006.06,0.5662409,5.0,0.1301625,-124,0,1.0,11.0,-141.0,0.0,-1631.8,5242.4604,-15778.0,0.0,-847.0,133384.5,0.0,0.750469,-402.0,1.1250021,0.0,37.0,65667.34,59216.4,-761.0,27.666666,2529.067,407540.66,0.0,555556.7,30733.2,0.0,-29.0,0.04622,0.0,0.8181818,0.8,1,-728.6427,307208.47,0.031251054,20.0,0.0,1,0.8679975,1,0.1656,0.0,0.0,0,0.0,0.5,0.0,1.0,0.9796,0.15238096,0.5,0.0,9,1.0,0.0,0.2,0.0,0,0.0,0.0,0.0,0.0,0.0,0.06633385,0.0,0.0,0.0
0.5108563,0.592121,0.5021294,0.06143825,-2356.0,30433.5,0.18446602,1,22.4,-416.93738,1713825.1,0.5675676,12.061121,0.169075,-90,0,0.9611651,56.0,-19.0,0.14285715,-1083.0499,5242.4604,-296.0,160390.22,1011.9233,0.0,0.0,0.3633787,-777.0,0.7330723,712.6982,32.0,16639.078,0.405,774.7538,4.300971,2529.067,431962.28,0.0042077564,378081.47,18523.71,0.5714286,-132.19705,0.01885,5.918919,0.96428573,0.58311266,1,-597.0,307208.47,0.12976919,12.857142,25246.98,2,0.88082445,1,0.0395,0.0,0.0,0,12823.701,0.42857143,0.85714287,0.14285715,0.9762,0.4571111,0.14285715,49.54514,12,0.14285715,0.014233142,0.23965093,0.14285715,1,0.0,0.0,0.0,0.14285715,0.014199425,0.06633385,0.0,0.0,0.14285715
0.5108563,0.51936686,0.45073047,0.04833767,-124.0,27256.5,0.0,0,14.0,-416.93738,434613.88,0.5662409,12.061121,0.252375,-85,0,1.0,35.0,-242.0,0.0,-1083.0499,5242.4604,-5132.0,160390.22,1011.9233,14107.5,0.0,0.19153114,0.0,0.94090295,0.0,120.0,14019.803,5849.37,774.7538,18.290323,2529.067,431962.28,0.0042077564,378081.47,11322.375,0.0,-132.19705,0.006305,15.13074,0.9142857,0.58311266,1,-728.6427,307208.47,0.0039176196,11.0,0.0,3,0.8679975,0,0.0793,0.0,0.0,0,12823.701,0.0,0.33333334,0.0,0.9841,0.4571111,1.0,49.54514,8,0.33333334,0.014233142,0.23965093,0.0,0,0.0,0.0,0.0,0.0,0.014199425,0.06633385,0.0,0.0,0.0
0.5108563,0.42499244,0.5021294,0.08061527,-5265.0,23490.0,0.08383234,0,11.666667,-416.93738,3828481.0,0.14606741,12.061121,0.14914286,-88,0,1.0331957,69.0,-30.0,0.29411766,-1083.0499,5242.4604,-7403.0,160390.22,1011.9233,15660.0,0.0,0.5405238,-2303.0,0.8598748,-2329.839,107.0,22925.035,0.36,774.7538,5.994012,2529.067,431962.28,0.0042077564,378081.47,21370.463,0.11764706,-132.19705,0.020246,0.17160368,0.92753625,0.58311266,1,-135.0,307208.47,0.13050348,10.823529,60916.5,3,0.8256275,1,0.0502,0.0,0.0,0,12823.701,0.05882353,0.5882353,0.23529412,0.9742,0.4571111,0.1764706,49.54514,13,0.0,0.014233142,0.23965093,0.11764706,1,0.11764706,0.0,0.0,0.0,0.014199425,0.0782,0.014492754,0.05882353,0.11764706
0.17982176,0.075359665,0.5021294,0.04685436,-798.0,25537.5,0.0,1,11.0,-105.0,197511.17,0.5662409,12.061121,0.1135,104,0,1.0,11.0,-48.0,0.0,-105.0,0.0,-2037.0,158983.47,27540.0,14980.5,0.0,0.41281375,-308.0,0.9667955,0.0,82.0,21945.686,12412.17,774.7538,33.77778,0.0,431962.28,0.0,180000.0,14179.062,0.0,-14.0,0.030755,15.13074,0.8181818,0.0,1,-728.6427,307208.47,0.0020048895,15.25,0.0,2,0.8679975,0,0.1025479,0.0,0.0,0,21016.53,0.0,0.25,0.0,0.9777348,0.4571111,0.25,0.0,13,0.5,0.0,1.0,0.0,1,0.75,0.25,0.0,0.0,0.014199425,0.06633385,0.0,0.0,0.0
0.4758499,0.5256028,0.15131088,0.10583564,-892.0,16551.0,0.0,0,10.0,-671.0,135252.55,0.5662409,12.061121,0.1226,-23,0,1.0,29.0,-40.0,0.0,-671.0,0.0,-3068.0,6365.97,27293.0,4500.0,0.0,0.8632597,-726.0,0.9435234,0.0,28.0,5202.021,3211.335,774.7538,16.615385,0.0,431962.28,0.0,22500.0,5315.49,0.6666667,-17.0,0.020713,15.13074,0.8965517,0.0,1,-728.6427,307208.47,0.012147707,9.333333,0.0,3,0.8679975,0,0.1025479,0.0,0.0,0,16134.03,0.0,0.6666667,0.33333334,0.9777348,0.9130435,0.33333334,0.0,6,0.33333334,0.0,1.0,0.0,1,0.0,0.6666667,0.33333334,0.0,0.0,0.06633385,0.03448276,0.0,0.33333334
0.6561584,0.7046248,0.5021294,0.044432305,-2384.1423,15007.5,0.9318182,1,34.0,-140.0,684826.25,0.5662409,12.061121,0.11116666,94,0,0.8636364,40.0,-32.0,0.0,-1204.5264,0.0,-5021.0,13620.789,225.0,4500.0,0.0,0.3996909,-706.0,0.9154855,1973.791,43.0,15564.232,16.065,480.0,12.227273,0.0,533902.1,0.0,64041.453,10854.285,0.0,-374.0,0.010966,15.13074,0.95,0.7894737,0,-728.6427,311101.6,0.025489263,11.0,16181.415,2,0.8679975,1,0.1025479,0.0,0.0,0,0.0,0.0,0.4,0.4,0.9777348,0.34174472,0.2,0.0,12,0.0,0.0,0.15789473,0.4,0,0.4,0.0,0.0,0.0,0.010526316,0.06633385,0.0,0.2,0.0
0.61782616,0.5973231,0.5004072,0.09940686,-2741.0,25717.5,40.295082,1,17.666666,-688.0,1792403.0,0.08,12.061121,0.16328572,90,0,1.2356083,32.0,-649.0,0.6956522,-1177.75,0.0,-6973.0,83511.56,211.0,2718.0,0.0,0.60879093,-2590.0,0.86109054,-6711.24,31.0,29383.654,67.5,2435.0,7.295082,2529.067,785201.56,0.0,274863.8,11931.45,0.08695652,-165.75,0.008625,0.16267942,0.84375,0.5,1,-929.0,14676.917,0.041639432,15.478261,0.0,2,0.7667144,0,0.1025479,0.0,0.0,0,0.0,0.7826087,0.08695652,0.8695652,0.9777348,0.20311828,0.6956522,0.0,11,0.04347826,0.0,0.5,0.04347826,0,0.13043478,0.0,0.3043478,0.0,0.004032258,0.06633385,0.0,0.0,0.0
0.6496203,0.59144485,0.5021294,0.027573338,-2384.1423,47542.5,0.5833333,1,14.0,-198.0,199395.9,0.5662409,14.0,0.30185714,-37,0,0.9583333,28.0,-240.0,0.0,-1963.2222,5242.4604,-337.0,95144.14,1628.0,6750.0,0.35714287,0.09134565,-2849.0,1.0195518,375.37314,153.0,8308.162,4279.5,-22.0,56.25,2529.067,351878.94,0.0,186800.28,7921.5073,0.0,-16.0,0.018801,15.13074,0.9285714,0.7777778,0,-728.6427,2387112.5,0.07520263,9.5,4729.455,2,0.8679975,1,0.1025479,0.5,0.0,0,0.0,0.0,0.5,0.0,0.9777348,0.4571111,0.5,0.0,12,0.5,0.0,0.11111111,0.0,0,0.0,0.5,0.0,0.0,0.014199425,0.06633385,0.0,0.0,0.5
0.6956219,0.7719635,0.5021294,0.029339854,-369.0,37800.0,0.0,1,8.0,-134.0,445843.25,0.5662409,12.061121,0.21,71,1,1.0869968,27.0,-658.0,0.0,-1462.6,981.09,-2261.0,106100.23,-1313.0,8860.5,0.0,0.13971359,-1354.0,1.0038481,-1314.6868,28.0,19384.49,15348.915,-1422.0,15.434783,1308.12,328860.5,0.0,160570.94,17330.984,0.0,-220.0,0.003813,15.13074,0.8888889,0.4,1,-728.6427,1521745.4,0.002814163,8.666667,0.0,2,0.8679975,0,0.1025479,0.0,0.0,0,67531.2,0.0,0.0,1.0,0.9777348,0.4571111,0.0,0.0,12,0.33333334,0.0,0.2,0.0,1,1.0,0.0,0.33333334,0.0,0.014199425,0.06633385,0.0,0.0,0.0
0.5108563,0.67873067,0.5021294,0.03981958,-2384.1423,32377.5,0.19767442,1,21.333334,-416.93738,2137241.0,0.5662409,12.061121,0.13836539,87,0,1.127682,87.0,-8.0,0.14285715,-1083.0499,5242.4604,-7780.0,160390.22,1011.9233,13500.0,0.0,0.2877857,0.0,0.8743517,-460.49808,93.0,24851.64,4081.005,774.7538,11.976745,2529.067,431962.28,0.0042077564,378081.47,19636.545,0.071428575,-132.19705,0.009175,15.13074,0.9310345,0.58311266,0,-199.0,307208.47,0.11690059,13.428572,22170.645,2,0.0,0,0.0008,0.0,0.0,0,12823.701,0.071428575,0.5,0.42857143,0.9632,0.4571111,0.21428572,49.54514,17,0.071428575,0.014233142,0.23965093,0.14285715,0,0.35714287,0.0,0.071428575,0.071428575,0.014199425,0.06633385,0.0,0.14285715,0.14285715
0.5108563,0.48316476,0.72824055,0.029397782,-1074.0,23931.0,0.0,1,9.0,-416.93738,149161.31,0.5662409,12.061121,0.29544446,102,0,1.0,19.0,-48.0,0.0,-1083.0499,5242.4604,-7120.0,160390.22,1011.9233,4675.5,0.0,0.099503584,-48.0,0.9327534,0.0,30.0,8286.74,8057.52,774.7538,21.88889,2529.067,431962.28,0.0042077564,378081.47,8400.803,0.33333334,-132.19705,0.028663,15.13074,0.94736844,0.58311266,1,-728.6427,307208.47,0.03007208,9.666667,0.0,2,0.8679975,1,0.1025479,0.0,2.0,0,12823.701,0.0,1.0,0.0,0.9777348,0.4571111,0.33333334,49.54514,9,0.33333334,0.014233142,0.23965093,0.6666667,1,0.0,0.33333334,0.0,0.0,0.014199425,0.06633385,0.0,0.0,0.33333334
0.5620605,0.017409375,0.41215947,0.05125106,-4513.0,34731.0,0.0,1,24.0,-52.0,460633.12,0.5662409,12.061121,0.3859,-5,1,1.0,9.0,-664.0,0.4,-545.0,1134.0,-1206.0,0.0,37.0,0.0,0.0,0.13280918,0.0,1.0,0.0,17.0,65804.734,21391.38,1642.0,14.428572,2835.0,136490.0,0.0,602357.1,21391.38,0.4,-29.666666,0.018029,15.13074,0.8888889,0.5714286,1,-528.0,63379.0,0.0,10.2,0.0,3,1.0,1,0.0668,0.0,0.0,0,12823.701,0.0,0.8,0.0,0.997,0.6604836,0.2,0.0,9,0.2,0.0,0.0,0.4,1,0.0,0.0,0.0,0.4,0.021978023,0.06633385,0.0,0.0,0.0
0.5108563,0.6086979,0.5557965,0.051055554,-2384.1423,8271.0,0.77205884,1,29.6,-416.93738,1828951.8,0.5813953,12.061121,0.0919,-23,0,0.9411765,44.0,-17.0,0.09090909,-1083.0499,5242.4604,-186.0,160390.22,1011.9233,27000.0,0.0,0.5555556,-816.0,0.8745492,761.49896,41.0,13448.175,4.185,774.7538,4.257353,2529.067,431962.28,0.0042077564,378081.47,12058.128,0.0,-132.19705,0.04622,8.081949,0.9318182,0.58311266,1,-180.0,307208.47,0.25855896,15.636364,22019.715,1,0.83472455,0,0.1025479,0.0,0.0,0,12823.701,0.0,0.6363636,0.36363637,0.9777348,0.4571111,0.0,49.54514,16,0.09090909,0.014233142,0.23965093,0.18181819,0,0.54545456,0.0,0.27272728,0.0,0.014199425,0.06633385,0.0,0.0,0.45454547
0.5902333,0.54140604,0.5021294,0.046951164,-1511.0,18031.5,1.112069,0,8.0,-263.0,1379013.8,0.6447368,16.0,0.16695833,81,0,0.9396552,19.0,-19.0,0.4,-718.0,5242.4604,-8443.0,256839.75,529.0,4500.0,0.0,0.28121483,-2549.0,0.773485,1357.404,30.0,11888.05,137.565,264.0,8.784483,2529.067,71884.0,0.0,326867.16,13603.14,0.2,-60.0,0.010032,3.3489406,0.8947368,0.42857143,1,-708.0,59899.332,0.19935967,8.6,25681.006,2,0.87929094,1,0.1025479,0.0,0.0,0,0.0,0.4,0.2,0.8,0.9777348,0.4571111,0.0,0.0,6,0.2,0.0,0.14285715,0.2,1,0.6,0.2,0.2,0.0,0.014199425,0.06633385,0.0,0.0,0.2
0.03686248,0.556603,0.4996382,0.03245687,-983.0,20997.0,0.17391305,1,11.0,-79.0,228164.4,0.5662409,12.061121,0.18664,20,0,0.95652175,24.0,-79.0,0.0,-79.0,12757.5,-4523.0,41242.5,1011.9233,9670.5,0.0,0.17390095,-701.0,0.97966427,567.4539,38.0,9920.191,21.42,774.7538,9.695652,12757.5,431962.28,0.0,225000.0,10594.777,1.0,-11.0,0.006296,15.13074,0.9166667,0.0,1,-728.6427,307208.47,0.003457453,11.5,13030.02,3,0.8679975,0,0.1025479,0.0,0.0,0,183757.5,0.0,0.5,0.5,0.9777348,0.4571111,0.0,0.0,10,0.5,0.0,1.0,0.0,1,0.0,0.5,0.0,0.5,0.014199425,0.06633385,0.0,0.0,0.0
0.5814837,0.42702973,0.5021294,0.04261689,-2384.1423,22099.5,1.171875,1,19.428572,-835.0,1692892.6,0.5662409,12.061121,0.14031428,52,0,0.9375,65.0,-23.0,0.15384616,-1186.8,0.0,-8063.0,1320.3,562.0,17550.0,0.0,0.30372453,-308.0,0.9410836,290.7506,21.0,26451.447,9.855,-157.0,10.859375,2529.067,1492672.9,0.0,248670.0,12197.108,0.15384616,-79.0,0.00702,15.13074,0.93846154,0.8,1,-308.0,307208.47,0.011533887,13.692307,4642.155,2,0.8732099,0,0.0237,0.07692308,0.0,0,0.0,0.23076923,0.30769232,0.3846154,0.9881,0.4571111,0.23076923,0.0,18,0.07692308,0.0,0.2,0.23076923,0,0.15384616,0.0,0.07692308,0.0,0.014199425,0.0359,0.0,0.0,0.30769232
0.5316861,0.6489287,0.53073657,0.09970933,-150.0,15745.5,0.0,1,7.3333335,-519.0,384402.97,0.5662409,12.061121,0.13457692,-1,0,1.0,24.0,-93.0,0.0,-538.0,0.0,-1681.0,96221.25,31170.0,8167.5,0.0,0.74090964,-850.0,0.9485924,0.0,14.0,17472.861,9321.165,-447.0,7.0454545,2529.067,431962.28,0.0,159436.33,20951.1,0.33333334,-12.0,0.072508,0.0,0.9166667,0.5,0,-728.6427,307208.47,0.011661538,9.666667,0.0,1,0.8679975,1,0.0947,0.0,0.0,0,12823.701,0.0,0.6666667,0.33333334,0.9831,0.4571111,0.0,0.0,16,0.33333334,0.0,0.5,0.0,0,0.33333334,0.0,0.0,0.33333334,0.014199425,0.0,0.0,0.0,0.0
0.63470554,0.60069525,0.56049,0.039298058,-3682.0,29677.5,0.0,1,12.666667,-341.0,371924.7,0.5662409,9.0,0.1319,47,1,1.0,27.0,-15.0,0.0,-849.0,0.0,-2664.0,20457.0,23.0,13005.0,0.0,0.29793826,-2.0,1.008808,0.0,34.0,18596.234,12088.53,-1.0,15.9,2529.067,3852.3333,0.0,167468.75,13518.975,0.0,-33.0,0.006233,15.13074,0.8888889,0.75,1,-728.6427,307208.47,0.00023274626,13.333333,0.0,2,0.8679975,0,0.1244,0.33333334,0.0,0,0.0,0.0,0.33333334,0.6666667,0.9821,0.4571111,0.6666667,0.0,15,0.0,0.0,0.25,0.33333334,0,0.0,0.0,0.0,0.0,0.014199425,0.0192,0.0,0.0,0.0
0.6313545,0.19107592,0.5021294,0.051372584,-598.0,26779.5,0.6571429,1,14.0,-106.0,259159.9,0.5662409,6.0,0.45776924,18,1,1.0,38.0,-61.0,0.0,-961.4286,0.0,-9697.0,6517.2856,-568.0,27684.0,0.18421052,0.11222376,-212.0,1.118209,0.0,71.0,7404.569,5930.595,711.0,9.971429,0.0,579314.94,0.0,136534.69,6619.23,0.0,-59.666668,0.015221,15.13074,0.92105263,0.5714286,1,-728.6427,337459.0,0.015769264,10.333333,0.0,2,0.8679975,1,0.1804,0.0,0.0,0,0.0,0.0,0.6666667,0.33333334,0.9871,0.4571111,0.33333334,0.0,14,0.0,0.0,0.42857143,0.33333334,1,0.6666667,0.0,0.0,0.0,0.014199425,0.22,0.0,0.0,0.33333334
0.51549536,0.5699912,0.5021294,0.054457143,-929.0,34308.0,0.11764706,1,18.0,-126.0,2984887.5,0.46153846,12.061121,0.13861819,-33,1,0.98039216,15.0,-195.0,0.0,-528.0,5242.4604,-1364.0,216762.75,165.0,7425.0,0.0,0.39285713,-1226.0,0.7321851,44.117645,27.0,58527.203,0.36,774.7538,6.27451,2529.067,431962.28,0.0,249007.5,28112.873,0.16666667,-18.5,0.026392,0.9230769,0.8,0.0,1,-728.6427,323208.0,0.24408673,14.5,2079.63,2,0.8679975,1,0.0,0.16666667,0.0,0,0.0,0.0,0.6666667,0.33333334,0.4913,0.8,0.0,0.0,13,0.16666667,0.0,0.5,0.0,1,0.16666667,0.16666667,0.6666667,0.0,0.0,0.06633385,0.0,0.16666667,0.33333334
0.5108563,0.5751502,0.5021294,0.061593786,-1309.0,19269.0,0.027777778,1,10.0,-416.93738,1207171.2,0.5662409,12.061121,0.08564,46,0,1.0,39.0,-18.0,0.0,-1083.0499,5242.4604,-11424.0,160390.22,1011.9233,0.0,0.0,0.7192175,-1278.0,0.9352696,0.0,32.0,33532.535,11643.255,774.7538,4.75,2529.067,431962.28,0.0042077564,378081.47,33357.58,0.0,-132.19705,0.005084,15.13074,0.9230769,0.58311266,1,-728.6427,307208.47,0.0054443497,13.0,0.0,2,0.8679975,0,0.1353,0.0,0.0,0,12823.701,0.0,0.2,0.4,0.9826,0.4571111,0.6,49.54514,12,0.2,0.014233142,0.23965093,0.0,0,0.2,0.0,0.0,0.0,0.014199425,0.06633385,0.0,0.2,0.4
0.41709965,0.46759588,0.54946333,0.05,-3931.0,13500.0,0.31578946,1,12.0,-143.0,263505.88,0.5662409,12.061121,0.15,-21,1,1.0,21.0,-138.0,0.0,-143.0,5242.4604,-3423.0,962982.0,1683.0,10345.5,0.0,0.33333334,-373.0,1.0049834,0.0,19.0,13868.73,9722.88,774.7538,4.1578946,2529.067,431962.28,0.0,981000.0,9722.88,0.0,-69.0,0.015221,15.13074,0.9047619,0.0,0,-728.6427,307208.47,0.07275849,10.0,0.0,2,0.8679975,1,0.1025479,0.0,0.0,1,0.0,0.0,1.0,0.0,0.9777348,0.4571111,1.0,0.0,15,0.0,0.0,0.0,0.0,0,0.0,0.0,0.0,0.0,0.014199425,0.06633385,0.0,0.0,0.0
0.66102356,0.52240115,0.5021294,0.07111947,-2384.1423,28917.0,0.0,1,10.0,-416.93738,97035.3,0.5662409,12.061121,0.3213,-25,1,1.0,23.0,-580.0,0.0,-2034.6666,11.25,-2532.0,0.0,1011.9233,5400.0,0.0,0.22134912,-1029.0,1.082615,0.0,33.0,4851.765,4499.055,-63.0,19.65,2529.067,1548574.4,0.0,130561.5,4758.5474,1.0,-132.19705,0.014464,15.13074,0.8695652,1.0,1,-728.6427,307208.47,0.001129831,7.5,0.0,2,0.8679975,0,0.0555,0.0,0.0,0,12823.701,0.0,0.5,0.5,0.9771,0.4571111,0.0,0.0,6,0.5,0.0,0.0,0.5,0,0.0,1.0,0.0,0.0,0.014199425,0.06633385,0.04347826,0.0,0.5
0.58674,0.13475342,0.6579039,0.046565525,-985.0,26491.5,0.0,1,24.0,-262.0,144271.34,0.5662409,12.061121,0.29435,115,0,1.0,17.0,-30.0,0.0,-643.0,0.0,-884.0,32740.5,287.0,0.0,0.0,0.1581978,-18.0,1.0,0.0,13.0,8486.55,8486.55,-238.0,9.294118,0.0,4704.5,0.0,127140.0,8486.55,0.0,-48.0,0.019101,15.13074,1.0,0.6666667,1,-728.6427,307208.47,0.07275849,13.333333,0.0,2,0.8679975,1,0.0136,0.0,0.0,0,0.0,0.0,1.0,0.0,0.9806,0.4571111,0.33333334,0.0,17,0.33333334,0.0,0.0,0.0,1,0.0,0.0,0.33333334,0.0,0.014199425,0.0174,0.0,0.0,0.33333334
0.5108563,0.14466093,0.5021294,0.05130151,-1268.0,27378.0,0.0,0,18.0,-416.93738,190048.55,0.5662409,12.061121,0.1521,3,0,1.0,19.0,-333.0,0.0,-1083.0499,5242.4604,-5877.0,160390.22,1011.9233,0.0,0.0,0.33728802,-866.0,1.0,0.0,19.0,10558.253,10499.22,774.7538,12.666667,2529.067,431962.28,0.0042077564,378081.47,10561.725,0.0,-132.19705,0.010556,15.13074,0.94736844,0.58311266,1,-728.6427,307208.47,0.07275849,12.0,0.0,3,0.8679975,1,0.1025479,0.0,0.0,0,12823.701,0.0,0.0,1.0,0.9777348,0.4571111,1.0,49.54514,12,1.0,0.014233142,0.23965093,0.0,1,0.0,0.0,0.0,0.0,0.014199425,0.06633385,0.0,0.0,0.0
0.6910212,0.6403882,0.5021294,0.04426923,-2384.1423,25897.5,0.057142857,1,19.714285,-188.0,2633203.0,0.5662409,12.061121,0.2302,-110,0,0.98571426,74.0,-17.0,0.0,-1243.0,5242.4604,-1907.0,106845.0,228.0,11253.915,0.0,0.1923077,-1715.0,0.9944229,317.00763,41.0,37617.188,2.34,607.0,9.842857,2529.067,1357408.2,0.0,374371.5,25514.762,0.0,-33.0,0.008474,15.13074,0.9324324,0.6666667,0,-728.6427,234612.5,0.0042216196,12.25,22188.195,2,0.8679975,1,0.1025479,0.0,0.0,0,0.0,0.0,0.375,0.375,0.9777348,0.078431375,0.125,0.0,13,0.125,0.0,0.16666667,0.5,0,0.75,0.25,0.0,0.0,0.0,0.06633385,0.0,0.125,0.125
0.5797274,0.08876194,0.5021294,0.029433334,-2384.1423,19867.5,0.0,1,10.0,-346.0,27223.516,0.5662409,12.061121,0.31535715,-20,0,1.0,11.0,-134.0,0.0,-919.6667,5242.4604,-13252.0,122608.5,320.0,0.0,0.0,0.093333334,-421.0,1.0,0.0,38.0,2722.3516,2721.015,-176.0,22.0,2529.067,431962.28,0.0,192000.0,2722.5,0.0,-590.5,0.018209,15.13074,0.90909094,0.33333334,0,-728.6427,672800.0,0.07275849,7.0,0.0,3,0.8679975,0,0.1025479,0.0,0.0,0,0.0,0.0,1.0,0.0,0.9777348,0.4571111,1.0,0.0,6,1.0,0.0,0.0,1.0,0,0.0,0.0,0.0,0.0,0.014199425,0.06633385,0.09090909,0.0,0.0
0.35895124,0.66761297,0.36619857,0.07900972,-1872.0,23409.0,0.0,0,8.0,-204.0,176714.73,0.5662409,12.061121,0.0867,90,0,1.0,24.0,-1304.0,0.25,-769.4,0.0,-4075.0,436114.8,806.0,22365.0,0.0,0.9113001,-1643.0,0.7966798,0.0,27.0,8032.488,6224.175,551.0,19.454546,2529.067,211250.0,0.0,629072.94,7949.61,0.75,-18.333334,0.04622,0.0,0.9166667,0.4,0,-1643.0,409706.34,0.34635153,15.25,0.0,1,0.7900061,0,0.1711,0.0,0.0,0,0.0,0.0,0.25,0.75,0.9876,0.58809525,0.0,0.0,12,0.25,0.0,0.2,0.25,1,0.0,0.75,0.0,0.0,0.0,0.06633385,0.0,0.0,0.0
0.5108563,0.43741876,0.2373435,0.053032473,-831.0,9994.5,0.0,1,12.0,-416.93738,357255.8,0.5662409,12.061121,0.14806667,123,0,1.0,23.0,-6.0,0.33333334,-1083.0499,5242.4604,-713.0,160390.22,1011.9233,0.0,0.0,0.3581662,-654.0,0.9295258,0.0,19.0,16238.9,15561.72,774.7538,7.7272725,2529.067,431962.28,0.0042077564,378081.47,16301.97,0.33333334,-132.19705,0.006008,15.13074,0.95652175,0.58311266,1,-185.0,307208.47,0.0001465655,13.0,0.0,2,0.8679975,0,0.1025479,0.0,0.0,0,12823.701,0.0,0.6666667,0.0,0.9777348,0.4571111,0.0,49.54514,9,0.33333334,0.014233142,0.23965093,0.6666667,1,0.33333334,0.0,0.0,0.33333334,0.014199425,0.06633385,0.0,0.0,0.33333334
0.53707,0.56128764,0.85190547,0.029343912,-2082.0,35946.0,0.0,1,12.0,-416.93738,190309.77,0.5662409,18.0,0.3994,85,1,1.0,26.0,-183.0,0.0,-2516.6667,0.0,-393.0,0.0,1011.9233,3078.0,0.0,0.07346999,-2334.0,1.029352,0.0,29.0,7929.5737,5817.06,31095.0,7.5833335,2529.067,223704.27,0.0,250191.0,7232.1074,0.5,-132.19705,0.007305,15.13074,0.9230769,1.0,1,-728.6427,307208.47,0.0017210733,10.0,0.0,3,0.8679975,1,0.1025479,0.0,0.0,0,12823.701,0.0,0.5,0.0,0.9777348,0.4571111,0.5,0.0,6,0.5,0.0,0.16666667,0.5,1,0.0,0.0,0.0,0.0,0.014199425,0.06633385,0.0,0.0,0.0
0.6144144,0.65797067,0.5021294,0.026462857,-6090.0,41679.0,0.0,0,12.0,-470.0,65883.33,0.5662409,12.061121,0.20582223,16,0,1.0,13.0,-1806.0,0.0,-1582.8,5242.4604,-3312.0,164802.6,1356.0,4545.0,0.0,0.12857144,-1595.0,1.0105641,0.0,34.0,5490.2773,5441.85,-349.0,20.666666,2529.067,3056.6667,0.0,440910.0,5494.68,1.0,-9.0,0.028663,15.13074,0.9230769,0.8,1,-728.6427,307208.47,0.07275849,11.0,0.0,2,0.8679975,1,0.1025479,0.0,0.0,0,0.0,0.0,0.0,1.0,0.9777348,0.4571111,0.0,0.0,12,1.0,0.0,0.2,0.0,0,0.0,1.0,0.0,0.0,0.014199425,0.06633385,0.0,0.0,1.0
0.5971924,0.6632118,0.37519926,0.06390536,-3158.0,46552.5,0.984375,0,10.0,-205.0,1804635.0,1.0,18.0,0.10345,-93,0,0.9375,19.0,-37.0,0.0,-968.0,5242.4604,-5875.0,742177.1,-1795.0,11245.5,0.05263158,0.6177415,-585.0,0.6356818,1674.5618,29.0,28197.422,1.395,774.7538,2.453125,2529.067,431962.28,0.0,909000.0,25952.07,0.6666667,-435.5,0.04622,1.3913044,0.84210527,0.0,1,-728.6427,750431.3,0.31344047,15.666667,22500.0,1,0.8679975,1,0.1369,0.0,0.0,0,0.0,0.0,0.6666667,0.0,0.9816,0.60625,0.0,0.0,12,0.33333334,0.0,0.5,0.0,0,0.0,0.0,0.0,0.33333334,0.0,0.0204,0.05263158,0.0,0.0
0.5108563,0.3854465,0.5021294,0.051287223,-3226.0,28606.5,4.5263157,0,6.0,-252.0,79650.36,0.5662409,12.061121,0.2119,-34,0,0.68421054,14.0,-2455.0,0.0,-613.0,5242.4604,-5335.0,14595.75,3401.0,0.0,0.0,0.24203503,-3038.0,0.939719,1995.6837,20.0,4192.124,19.665,-762.0,3.368421,2529.067,431962.28,0.0,169278.94,3867.3,0.33333334,-20.0,0.00702,15.13074,0.85714287,0.5,0,-728.6427,307208.47,0.0003435732,11.333333,6300.0,2,0.8679975,0,0.1309,0.33333334,0.0,0,12823.701,0.33333334,0.33333334,0.6666667,0.9925,0.09090909,0.0,0.0,13,0.0,0.0,0.5,0.0,0,0.0,0.33333334,0.0,0.0,0.0,0.06633385,0.0,0.0,0.0
0.735221,0.68568534,0.41733468,0.043604877,-239.0,75667.5,1.0654914,0,13.592881,-612.0,678578.9,0.5662409,4.0,0.2101875,56,1,1.3829919,29.516104,-327.7884,0.1108971,-1766.2,0.0,-2921.0,72531.56,-2229.0,11083.136,0.21486607,0.20745705,-149.0,0.96875226,-363.87296,37.84903,18754.361,5198.1606,31171.0,12.26564,0.0,347180.78,0.0,685759.5,13925.762,0.23777755,-1203.0,0.010032,15.13074,0.90468615,0.8,0,-728.6427,1858592.0,0.07275849,12.661583,6724.2266,2,0.8679975,1,0.1025479,0.068525076,1.0,0,33750.0,0.080552734,0.47940668,0.2845134,0.9777348,0.4571111,0.21002875,0.0,7,0.35041127,0.0,0.5,0.14514303,1,0.25491133,0.2090302,0.14553413,0.027647203,0.014199425,0.06633385,0.010587371,0.053136926,0.14762497
0.39621958,0.041904684,0.7825429,0.05629747,-7070.0,16011.0,0.0,1,11.0,-743.0,137105.38,0.5662409,12.061121,0.2372,-56,0,1.0,15.0,-2109.0,0.0,-1299.2,3564.045,-568.0,25054.2,718.0,15705.0,0.0,0.23734178,-2205.0,1.0323019,0.0,25.0,10546.567,5361.795,-269.0,8.846154,2529.067,893435.56,0.0,171857.97,6506.1226,0.5,-47.0,0.025164,15.13074,0.93333334,0.8,1,-728.6427,307208.47,0.029968226,10.0,0.0,2,0.8679975,1,0.0536,0.0,0.0,0,0.0,0.0,0.0,0.0,0.9871,0.4571111,0.5,0.0,9,0.5,0.0,0.0,0.0,0,0.0,0.5,0.0,0.0,0.014199425,0.0153,0.0,0.0,0.0
0.76493925,0.7331368,0.5021294,0.054830126,-2384.1423,12055.5,0.0,1,12.0,-416.93738,16172.955,0.5662409,12.061121,0.10716,-114,0,1.0,2.0,-23.0,0.0,-731.0,0.0,-10976.0,0.0,1011.9233,0.0,0.0,0.511666,-39.0,0.9044905,0.0,14.0,16172.955,16172.955,-240.0,14.0,2529.067,57733.0,0.0,117615.0,16172.955,0.0,-132.19705,0.04622,15.13074,0.5,1.0,0,-728.6427,307208.47,0.07275849,15.0,0.0,1,0.8679975,0,0.1025479,0.0,0.0,0,12823.701,0.0,0.0,1.0,0.9777348,0.4571111,1.0,0.0,13,0.0,0.0,0.0,0.0,0,0.0,0.0,0.0,0.0,0.014199425,0.06633385,0.5,0.0,0.0
0.71215516,0.60295373,0.8128874,0.0792,-2384.1423,53460.0,0.8833333,1,13.592881,-1456.0,764653.5,0.23958333,29.0,0.4752,40,0,0.9166659,29.516104,-7.0,0.1108971,-1562.3334,0.0,-10344.0,0.0,1011.9233,11083.136,0.21486607,0.16666667,-3423.0,0.96875226,652.5037,30.0,6372.1123,0.0,-1248.0,3.6666667,2529.067,0.5,0.0,122734.08,13925.762,0.23777755,-1011.0,0.031329,0.24725877,0.90468615,0.6666667,0,-728.6427,307208.47,0.07275849,12.661583,8100.0,2,0.8679975,1,0.0068,0.068525076,0.0,0,12823.701,0.080552734,0.47940668,0.2845134,0.9717,0.20524691,0.21002875,0.0,12,0.35041127,0.0,0.33333334,0.14514303,0,0.25491133,0.2090302,0.14553413,0.027647203,0.0,0.06633385,0.010587371,0.053136926,0.14762497
0.37910047,0.75961506,0.80200356,0.04236916,-2384.1423,38641.5,0.0,1,6.0,-517.0,39393.9,0.5662409,12.061121,0.30667856,-66,1,1.0,5.0,-28.0,0.0,-612.0,5242.4604,-5459.0,291017.25,329.0,0.0,0.0,0.13815494,-170.0,1.0,0.0,23.0,7878.78,7878.78,774.7538,12.4,2529.067,431962.28,0.0,731250.0,7878.78,0.0,-55.5,0.04622,15.13074,1.0,0.0,1,-728.6427,18050.0,0.07275849,12.0,0.0,1,0.8679975,0,0.1025479,0.0,0.0,0,0.0,0.0,0.0,1.0,0.9777348,1.0,1.0,0.0,15,1.0,0.0,0.5,0.0,0,0.0,0.0,0.0,0.0,0.0,0.06633385,0.0,0.0,0.0
0.6195277,0.2879694,0.5021294,0.042543236,-976.0,31914.0,0.0,1,10.0,-33.0,183208.6,0.5662409,12.061121,0.1773,-55,0,1.0,10.0,-646.0,0.0,-1283.6,11520.0,-1670.0,45000.0,332.0,40833.0,0.0,0.23995057,-1.0,1.25,0.0,28.0,20356.51,18374.85,31166.0,21.11111,2529.067,801840.94,0.0,119544.766,18374.85,0.0,-29.0,0.04622,15.13074,0.9,0.8,0,-728.6427,307208.47,0.07275849,15.0,0.0,1,0.8679975,0,0.1025479,0.0,0.0,0,0.0,0.0,1.0,0.0,0.9777348,0.4571111,1.0,0.0,11,1.0,0.0,0.2,0.0,0,0.0,0.0,0.0,0.0,0.014199425,0.06633385,0.0,0.0,0.0
0.5108563,0.35216653,0.5021294,0.032259323,-247.0,26086.5,0.0,0,12.0,-416.93738,204678.62,0.5662409,12.061121,0.12882222,116,0,1.0,15.0,-66.0,0.0,-2419.0,4697.73,-5350.0,0.0,1011.9233,15196.5,0.0,0.25041735,-492.0,1.0555646,0.0,47.0,15744.51,5466.06,-2113.0,21.23077,2529.067,431962.28,0.0,39015.0,9742.635,0.5,-132.19705,0.003122,15.13074,0.8666667,1.0,0,-728.6427,307208.47,0.006174871,12.5,0.0,3,0.8679975,0,0.1025479,0.0,0.0,0,12823.701,0.0,0.5,0.5,0.9777348,0.1125,0.0,0.0,10,0.5,0.0,0.0,0.0,1,0.5,0.5,0.0,0.0,0.0125,0.06633385,0.06666667,0.0,0.0
0.5108563,0.49349117,0.38313946,0.03830498,-4728.0,22698.0,0.0,0,6.0,-899.0,103125.1,0.5662409,12.061121,0.20176,18,0,1.0,11.0,-104.0,0.0,-899.0,0.0,-4568.0,-85.665,841.0,7105.5,0.0,0.18985419,-970.0,1.0246888,0.0,48.0,12890.638,4901.13,774.7538,25.625,0.0,431962.28,0.0,0.0,8969.76,0.5,-596.0,0.016612,15.13074,0.72727275,0.0,1,-728.6427,0.0,0.01494032,16.5,0.0,2,0.8679975,0,0.0715,0.0,0.0,0,85.665,0.0,0.5,0.0,0.9791,0.4571111,0.0,0.0,14,0.5,0.0,1.0,0.5,0,0.5,0.5,0.0,0.0,0.014199425,0.052,0.09090909,0.0,0.0
0.37740424,0.6998649,0.7009066,0.04534993,-494.0,36531.0,0.0,1,6.0,-69.0,45857.023,0.5662409,12.061121,0.2706,112,0,1.0,8.0,-504.0,0.0,-69.0,5242.4604,-3921.0,712390.5,1757.0,3955.5,0.0,0.16759028,-677.0,1.0553554,0.0,8.0,7642.8374,7642.8,774.7538,3.5,2529.067,431962.28,0.0,720000.0,7642.845,1.0,-24.0,0.04622,15.13074,0.875,0.0,1,-728.6427,307208.47,0.07275849,14.0,0.0,1,0.8679975,1,0.1025479,0.0,0.0,0,0.0,0.0,0.0,1.0,0.9777348,0.4571111,0.0,0.0,18,1.0,0.0,0.0,0.0,0,0.0,1.0,0.0,0.0,0.014199425,0.06633385,0.0,0.0,0.0
0.622922,0.6737131,0.5021294,0.053277634,-1646.0,63418.5,0.0,1,10.0,-416.93738,138073.81,0.5662409,64.0,0.23488334,85,1,1.0,11.0,-750.0,0.0,-600.0,5242.4604,-1722.0,0.0,1011.9233,13815.0,0.0,0.22682595,-1030.0,1.0555556,0.0,31.0,13807.382,13751.37,-211.0,21.6,2529.067,31521.0,0.0,79251.0,13813.605,0.0,-132.19705,0.04622,15.13074,0.90909094,1.0,1,-728.6427,307208.47,0.0061728396,12.0,0.0,1,0.8679975,1,0.0605,0.0,0.0,0,12823.701,0.0,0.5,0.5,0.9796,0.4571111,0.5,0.0,13,0.5,0.0,0.0,0.0,0,0.0,0.5,0.5,0.0,0.014199425,0.06633385,0.0,0.0,0.0
0.8193177,0.62670714,0.58464485,0.0325,-1697.0,17550.0,0.15789473,1,11.5,-416.93738,1130233.5,0.30769232,12.061121,0.11470588,-86,1,1.0,40.0,-24.0,0.2,-2275.0,0.0,-7625.0,0.0,1011.9233,11250.0,0.0,0.28333333,-1589.0,0.80798346,0.0,20.0,9914.328,9.0,-1697.0,3.9561403,2529.067,147968.0,0.0,65450.25,10816.616,0.0,-132.19705,0.00702,0.23616734,0.925,1.0,1,-177.0,307208.47,0.20955846,11.4,0.0,2,1.0,0,0.1025479,0.0,0.0,0,12823.701,0.0,0.4,0.4,0.9777348,0.4571111,0.4,0.0,13,0.2,0.0,0.0,0.4,1,0.4,0.0,0.0,0.0,0.014199425,0.06633385,0.0,0.2,0.0
0.5108563,0.70964694,0.3712312,0.078521125,-609.0,38133.0,0.0,1,3.0,-2621.0,188937.5,0.5662409,16.0,0.16948,-78,0,1.0,7.0,-120.0,0.0,-2642.6667,0.0,-228.0,0.0,-1525.0,0.0,0.0,0.46330616,-291.0,0.979437,0.0,16.0,31489.582,31484.744,-2356.0,11.666667,0.0,14280.5,0.0,77295.3,16870.275,0.0,-642.0,0.002506,0.0,0.85714287,0.6666667,1,-728.6427,307208.47,0.000845673,6.0,0.0,2,0.8679975,0,0.0633,0.0,0.0,0,0.0,0.5,1.0,0.0,0.9995,0.4571111,0.5,0.0,4,1.0,0.0,0.33333334,0.0,0,0.0,0.0,0.0,0.0,0.014199425,0.0426,0.0,0.0,0.0
0.5108563,0.15347111,0.5021294,0.03799,-3386.0,17095.5,0.078947365,1,5.5,-416.93738,1077729.2,0.59375,12.061121,0.094975,110,0,1.0413822,16.0,-27.0,0.0,-1083.0499,5242.4604,-10979.0,160390.22,1011.9233,4405.5,0.0,0.4,-119.0,0.74776024,-165.34717,43.0,14180.647,144.81,774.7538,4.7763157,2529.067,431962.28,0.0042077564,378081.47,13441.41,0.0,-132.19705,0.026392,1.126894,0.75,0.58311266,1,-728.6427,307208.47,0.25117645,13.8,0.0,2,0.8679975,0,0.0706,0.0,0.0,0,12823.701,0.0,0.4,0.0,0.9826,0.4571111,0.2,49.54514,12,0.2,0.014233142,0.23965093,0.0,0,0.4,0.0,0.2,0.0,0.014199425,0.06633385,0.0625,0.0,0.4
0.32965505,0.6002073,0.5570074,0.02638,-6847.0,17806.5,0.0,1,10.0,-87.0,53806.14,0.5662409,12.061121,0.113057144,121,1,1.0,9.0,-1846.0,0.0,-1180.909,0.0,-6612.0,51291.0,-1400.0,36000.0,0.0,0.23333333,-2121.0,1.8195051,0.0,34.0,5978.46,5417.55,357.0,26.666666,0.0,490300.7,0.0,151271.8,5417.55,1.0,-262.16666,0.019101,15.13074,1.0,0.45454547,0,-728.6427,834490.56,0.07275849,20.0,0.0,2,0.8679975,1,0.1025479,0.0,0.0,0,67500.0,0.0,0.0,1.0,0.9777348,0.4571111,0.0,0.0,11,1.0,0.0,0.27272728,0.0,0,0.0,1.0,0.0,0.0,0.014199425,0.06633385,0.0,0.0,0.0
0.35069585,0.5630154,0.7092895,0.064055,-5184.0,57649.5,0.0,0,12.0,-119.0,207785.03,0.5662409,10.0,0.36602858,-96,0,1.0,26.0,-94.0,0.0,-119.0,5242.4604,-7427.0,27189.0,30974.0,9895.5,0.0,0.175,-580.0,0.94063896,0.0,20.0,8657.709,7289.505,774.7538,12.583333,2529.067,431962.28,0.0,50935.5,8658.63,0.0,-11.0,0.031329,15.13074,0.9230769,0.0,1,-728.6427,307208.47,0.0044532754,9.0,0.0,2,0.8679975,0,0.0511,0.0,0.0,0,0.0,0.0,0.5,0.0,0.9806,0.4571111,0.0,0.0,14,0.5,0.0,1.0,0.0,0,1.0,0.0,0.0,0.0,0.014199425,0.0493,0.0,0.0,0.0
0.508287,0.5521786,0.55059874,0.119795956,-530.0,13738.5,0.0,0,21.0,-29.0,270088.5,0.5662409,12.061121,0.05550909,94,0,1.0,13.0,-150.0,0.0,-353.2857,0.0,-62.0,33225.75,155.0,24975.0,0.0,2.1581323,-490.0,1.0555556,0.0,22.0,22507.377,9991.26,1097.0,9.416667,0.0,46944.7,0.0,768227.1,11119.005,0.0,-28.0,0.010966,15.13074,0.9230769,0.71428573,1,-728.6427,57460.5,0.0061728396,14.5,0.0,2,0.8679975,1,0.1025479,0.0,0.0,0,12823.701,0.0,0.5,0.25,0.9777348,0.7432627,0.25,0.0,12,0.25,0.0,0.0,0.0,1,0.25,0.0,0.0,0.0,0.0,0.06633385,0.0,0.0,1.0
0.4632753,0.5003955,0.7824767,0.07738055,-1620.0,20668.5,0.41666666,1,12.0,-382.0,1022387.06,0.5662409,12.061121,0.07655,24,1,0.875,23.0,-26.0,0.0,-774.8,0.0,-3636.0,733.5,30978.0,6750.0,0.0,1.0108498,-2802.0,0.9958453,4277.734,30.0,42599.46,4779.765,-434.0,7.625,2529.067,44428.668,0.0,164892.6,23604.592,0.14285715,-11.0,0.030755,0.0,0.9130435,0.8,1,-728.6427,307208.47,0.023624886,13.428572,23451.93,2,0.8679975,0,0.1025479,0.0,1.0,0,12823.701,0.14285715,0.42857143,0.2857143,0.9777348,0.41689467,0.14285715,0.0,14,0.14285715,0.0,0.6,0.0,0,0.14285715,0.2857143,0.0,0.14285715,0.0,0.06633385,0.0,0.0,0.42857143
0.40140742,0.43882376,0.28936642,0.06682862,-1863.0,13617.0,0.0,1,12.0,-159.0,64320.93,0.5662409,17.0,0.15926316,-16,0,1.0,8.0,-382.0,0.6666667,-905.5714,788.625,-183.0,0.0,112.0,6556.365,0.0,0.4196113,-1803.0,1.0135146,0.0,31.0,9188.704,6048.18,-307.0,14.285714,2529.067,116836.0,0.0,103891.03,6048.18,0.33333334,-153.0,0.008019,15.13074,0.875,0.85714287,1,-488.0,307208.47,0.008392948,18.666666,0.0,2,0.92940956,1,0.0254,0.0,0.0,0,0.0,0.0,1.0,0.0,0.9752,0.28879553,0.0,0.0,16,0.33333334,0.0,0.2857143,0.6666667,1,0.33333334,0.33333334,0.0,0.0,0.008403362,0.0023,0.0,0.0,0.33333334
0.31391668,0.42816976,0.5021294,0.029356,-328.0,33025.5,0.0,0,10.666667,-151.0,918389.3,0.5662409,2.0,0.10484286,126,0,1.0,25.0,-162.0,0.5555556,-453.4,0.0,-1666.0,256753.92,553.0,63990.0,0.0,0.28,-1419.0,1.0123919,0.0,62.0,41744.97,11150.325,-144.0,25.227272,2529.067,254509.0,0.0,386244.9,28477.08,0.11111111,-12.5,0.008625,15.13074,0.88,0.6,0,-402.0,450.0,0.0126220705,17.666666,0.0,2,0.91986376,0,0.1025479,0.0,0.0,0,0.0,0.33333334,0.44444445,0.11111111,0.9777348,0.29818183,0.11111111,0.0,15,0.11111111,0.0,0.0,0.22222222,1,0.6666667,0.0,0.33333334,0.0,0.26545453,0.06633385,0.0,0.0,0.0
0.5108563,0.30945128,0.5021294,0.06441696,-1350.0,16407.0,0.0,0,17.0,-416.93738,459289.03,0.5662409,14.0,0.14584,93,0,1.0,30.0,-36.0,0.0,-1083.0499,5242.4604,-3372.0,160390.22,1011.9233,32985.0,0.0,0.4416961,0.0,1.1111112,0.0,30.0,15837.553,15671.52,774.7538,14.137931,2529.067,431962.28,0.0042077564,378081.47,15919.718,0.0,-132.19705,0.030755,15.13074,0.96666664,0.58311266,1,-728.6427,307208.47,0.0,10.5,0.0,2,0.8679975,1,0.1025479,0.0,0.0,0,12823.701,0.0,0.5,0.0,0.9777348,0.4571111,1.0,49.54514,13,0.5,0.014233142,0.23965093,0.5,1,0.0,0.0,0.0,0.0,0.014199425,0.06633385,0.0,0.0,0.0
0.5108563,0.5374509,0.5021294,0.05798,-6765.0,13045.5,0.0,0,5.0,-416.93738,207130.4,0.5662409,12.0,0.082828574,-94,0,1.0,12.0,-1229.0,0.0,-1083.0499,5242.4604,-11163.0,160390.22,1011.9233,20803.5,0.0,0.7,-2523.0,1.1681622,0.0,18.0,20713.041,16103.07,774.7538,12.4,2529.067,431962.28,0.0042077564,378081.47,19950.75,0.0,-132.19705,0.026392,15.13074,0.8333333,0.58311266,0,-728.6427,307208.47,0.054594796,16.5,0.0,2,0.8679975,0,0.1025479,0.5,0.0,0,12823.701,0.0,0.0,0.0,0.9777348,0.4571111,0.0,49.54514,14,0.5,0.014233142,0.23965093,0.0,0,0.5,0.0,0.0,0.0,0.014199425,0.06633385,0.0,0.0,0.0
0.57620883,0.7666898,0.5814602,0.071810156,-2038.0,13549.5,0.0,1,11.2,-31.0,548413.4,0.5662409,12.061121,0.15441026,75,0,1.0,36.0,-239.0,0.0,-448.0,0.0,-5460.0,123779.25,157.0,0.0,0.0,0.46506083,-1034.0,0.76808435,0.0,21.0,17137.918,5323.455,774.7538,9.90625,0.0,431962.28,0.0,125997.75,12327.21,0.2,-40.0,0.01885,0.0,0.8888889,0.0,1,-728.6427,347778.0,0.18611184,14.0,0.0,2,0.8679975,1,0.1025479,0.0,0.0,0,0.0,0.0,0.6,0.2,0.9777348,0.4571111,0.4,0.0,11,0.2,0.0,0.5,0.0,1,0.2,0.0,0.4,0.0,0.014199425,0.06633385,0.0,0.2,0.0
0.5108563,0.49346384,0.5021294,0.051057886,-4939.0,29277.0,0.32142857,1,17.333334,-347.0,3834725.0,0.3152174,12.061121,0.14457777,109,1,1.0577224,101.0,-9.0,0.18181819,-1393.5,0.0,-5212.0,451044.9,-2095.0,15750.0,0.0,0.35315168,-2794.0,0.8043382,-3262.4854,35.0,19564.924,0.0,-254.0,4.770408,2529.067,343694.34,0.0,487125.0,13982.025,0.13636364,-775.2,0.025164,1.145246,0.9207921,0.375,1,-231.0,1592213.2,0.14787734,10.954545,6750.0,2,0.0,1,0.1025479,0.0,0.0,0,12823.701,0.045454547,0.72727275,0.09090909,0.9777348,0.5234676,0.18181819,0.0,17,0.0,0.0,0.25,0.13636364,1,0.18181819,0.13636364,0.36363637,0.0,0.012152778,0.06633385,0.00990099,0.09090909,0.045454547
0.62630427,0.70189124,0.5261417,0.09768868,-2756.0,46597.5,0.0,0,6.0,-263.0,120689.77,0.5662409,2.0,0.17258333,29,1,1.0,5.0,-366.0,0.0,-772.4,40.035,-1160.0,148996.42,-36.0,0.0,0.0,0.5660377,-444.0,0.94985425,0.0,34.0,40229.926,20451.78,-191.0,17.0,0.0,267511.0,0.0,393360.3,20451.78,0.0,-83.0,0.01452,15.13074,0.8,0.6,1,-728.6427,9522.0,0.07275849,15.0,0.0,2,0.8679975,1,0.1025479,0.0,0.0,0,0.0,0.0,1.0,0.0,0.9777348,0.4571111,1.0,0.0,10,1.0,0.0,0.0,0.0,0,0.0,0.0,0.0,0.0,0.014199425,0.06633385,0.0,0.0,0.0
0.7862666,0.032838803,0.5021294,0.10885801,-2468.0,12199.5,5.25,0,12.0,-416.93738,231754.14,0.5662409,24.0,0.10040741,-39,0,0.7916667,23.0,-2217.0,0.8,-2228.3333,6297.615,-4135.0,0.0,1011.9233,0.0,0.0,1.0841632,0.0,1.0222305,3690.9,92.0,9656.423,28.395,-359.0,18.166666,2529.067,11812.333,0.0,250197.0,17716.32,0.6,-132.19705,0.035792,15.13074,0.9130435,1.0,1,-2206.0,307208.47,0.0024709697,12.6,17687.926,2,1.0,1,0.1025479,0.0,0.0,0,12823.701,0.2,0.2,0.8,0.9777348,0.4571111,0.2,0.0,14,0.0,0.0,0.0,0.2,1,0.2,0.0,0.0,0.0,0.014199425,0.06633385,0.0,0.0,0.0
0.3217353,0.20665644,0.3985962,0.02924,-1469.0,39474.0,0.4,1,16.88889,-138.0,2638863.8,0.59375,12.061121,0.19493334,43,1,1.2026141,68.0,-4.0,0.0,-138.0,5242.4604,-712.0,33187.5,1026.0,45000.0,0.0,0.15,-2096.0,0.94075775,-2268.1855,57.0,21990.531,18.045,774.7538,6.016667,2529.067,431962.28,0.0,67500.0,11898.96,0.16666667,-73.0,0.01452,4.371212,0.89705884,0.0,1,-728.6427,307208.47,0.15670592,12.25,10525.86,2,0.8679975,1,0.1025479,0.0,0.0,0,0.0,0.0,0.5,0.25,0.9777348,0.4571111,0.25,0.0,11,0.083333336,0.0,1.0,0.083333336,0,0.25,0.0,0.0,0.0,0.014199425,0.06633385,0.0,0.16666667,0.25
0.8193177,0.5121032,0.8740363,0.09790604,-2384.1423,25816.5,0.0,1,8.4,-2611.0,824121.4,0.5662409,12.061121,0.28685,22,0,1.0,45.0,-27.0,0.16666667,-2126.6667,0.0,-5860.0,0.0,-2588.0,5517.0,0.0,0.3413144,-27.0,0.9497234,0.0,32.0,20603.033,3285.36,-1061.0,9.5,2529.067,226670.92,0.0,52845.75,19817.396,0.16666667,-2409.0,0.019689,15.13074,0.8888889,0.6666667,1,-2676.0,16020.5,0.009347714,10.333333,0.0,2,0.96805423,0,0.2188,0.0,0.0,0,12823.701,0.16666667,0.33333334,0.6666667,0.9876,0.4571111,0.33333334,0.0,11,0.0,0.0,0.0,0.0,0,0.5,0.0,0.16666667,0.0,0.014199425,0.0515,0.022222223,0.16666667,0.16666667
0.7062051,0.43118137,0.5021294,0.05343856,-1843.0,43177.5,0.025974026,0,10.5,-416.93738,1769103.9,0.5662409,21.0,0.27414286,-61,0,1.0,83.0,-27.0,0.0,-1154.0,5242.4604,-7725.0,0.0,1011.9233,12060.9,0.0,0.1949296,-290.0,0.86411214,0.0,53.0,22975.375,3967.29,-49.0,10.285714,2529.067,431962.28,0.0,0.0,17047.283,0.27272728,-132.19705,0.031329,0.0,0.939759,1.0,1,-728.6427,307208.47,0.13251035,12.0,0.0,2,0.8679975,1,0.1025479,0.0,2.0,0,12823.701,0.0,0.54545456,0.18181819,0.9777348,0.4571111,0.0,0.0,13,0.09090909,0.0,1.0,0.0,1,0.36363637,0.18181819,0.27272728,0.0,0.014199425,0.06633385,0.0,0.0,0.18181819
0.53527623,0.46378708,0.2922669,0.04883999,-1694.0,31261.5,0.0,1,5.3333335,-252.0,299426.2,0.5662409,12.061121,0.34735,-87,0,1.0,20.0,-280.0,0.0,-252.0,0.0,-1063.0,62460.0,113.0,5625.0,0.0,0.14060742,-826.0,1.0057926,0.0,32.0,18714.137,13676.445,774.7538,21.875,0.0,431962.28,0.0,128637.0,18157.83,0.25,-39.0,0.018029,15.13074,0.8,0.0,1,-728.6427,307208.47,0.00258634,7.25,0.0,3,0.8679975,0,0.1025479,0.0,0.0,0,0.0,0.0,0.5,0.5,0.9777348,0.4571111,0.25,0.0,5,0.25,0.0,0.0,0.0,1,0.25,0.5,1.0,0.0,0.014199425,0.06633385,0.05,0.0,0.0
0.062103037,0.23637784,0.5021294,0.051313523,-1317.0,26149.5,0.0,0,7.0,-90.0,92780.46,0.5662409,12.061121,0.242125,-26,0,1.0,14.0,-35.0,0.0,-261.5,0.0,-6392.0,30772.125,8.0,0.0,0.0,0.21192989,-3.0,0.9382238,0.0,18.0,7136.9585,5729.265,-104.0,8.615385,0.0,20808.0,0.0,49871.25,7254.5176,0.5,-40.0,0.018634,15.13074,0.9285714,0.5,1,-728.6427,3698.0,0.00026843965,10.5,0.0,2,0.8679975,1,0.1025479,0.0,0.0,0,0.0,0.0,0.5,0.5,0.9777348,0.4571111,0.0,0.0,12,0.5,0.0,0.0,0.0,1,0.5,0.0,0.5,0.0,0.014199425,0.06633385,0.0,0.0,0.0
0.6577838,0.6940688,0.5021294,0.02638,-3470.0,11871.0,0.0,1,36.0,-921.0,302957.8,0.5662409,12.061121,0.043966666,42,1,1.0,18.0,-21.0,0.0,-1458.3334,0.0,-943.0,0.0,1011.9233,0.0,0.0,0.6,-558.0,1.0,0.0,39.0,16830.99,16830.99,12815.0,14.388889,2529.067,72.0,0.0,652500.0,16830.99,0.0,-918.0,0.072508,15.13074,1.0,0.6666667,1,-728.6427,307208.47,0.07275849,22.0,0.0,1,0.8679975,1,0.0827,0.0,0.0,0,0.0,0.0,1.0,0.0,0.9811,0.4571111,1.0,0.0,17,1.0,0.0,1.0,0.0,1,0.0,0.0,0.0,0.0,0.014199425,0.0,0.0,0.0,1.0
0.7801436,0.60014963,0.5021294,0.06540002,-112.0,28516.5,16.461538,0,4.0,-416.93738,71773.97,0.5662409,33.0,0.15088095,25,0,0.9230769,23.0,-1273.0,0.0,-1341.6,0.0,-6877.0,0.0,1011.9233,9000.0,0.0,0.43345442,-51.0,1.1596571,380.54077,24.0,5521.074,431.865,-600.0,18.692308,2529.067,198937.3,0.0,63136.8,5487.165,0.5,-132.19705,0.035792,15.13074,0.8695652,1.0,1,-728.6427,307208.47,0.035560474,14.5,4515.165,2,0.8679975,0,0.0113,0.0,0.0,0,12823.701,0.0,0.75,0.25,0.9707,0.4571111,0.0,0.0,14,0.25,0.0,0.0,0.0,0,0.0,0.5,0.5,0.0,0.014199425,0.06633385,0.04347826,0.0,0.0
0.34252888,0.47904316,0.79731494,0.05472454,-1073.0,14751.0,0.0,1,12.0,-39.0,52484.04,0.5662409,12.061121,0.149,-92,0,1.0,12.0,-156.0,0.6,-904.8333,0.0,-5751.0,138547.12,1011.9233,8433.0,0.0,0.36727878,-478.0,0.9984949,0.0,15.0,4771.2764,4402.71,-280.0,9.818182,0.0,24516.334,0.0,169653.0,4402.71,0.2,-11.333333,0.002042,15.13074,0.9166667,0.5,1,-136.0,348560.34,0.011925185,11.8,0.0,3,0.86326164,1,0.0849,0.0,0.0,0,8767.89,0.0,0.4,0.6,0.9826,0.4571111,0.2,0.0,14,0.2,0.0,0.5,0.0,0,0.0,0.2,0.0,0.0,0.014199425,0.041,0.0,0.2,0.0
0.73240334,0.26205534,0.5021294,0.056016803,-406.0,40806.0,3.1538463,0,7.3333335,-416.93738,128065.81,0.5662409,6.0,0.30226666,1,1,0.84615386,27.0,-1053.0,0.0,-999.8571,0.0,-5514.0,0.0,1011.9233,24727.5,0.0,0.18532246,0.0,1.4204746,1520.8944,24.0,4925.6084,106.2,-55.0,12.307693,2529.067,645957.5,0.0,113922.64,6548.115,0.33333334,-132.19705,0.007114,15.13074,0.9259259,1.0,1,-728.6427,307208.47,0.26613858,15.666667,9779.76,2,0.8679975,0,0.0418,0.0,0.0,0,12823.701,0.0,0.6666667,0.33333334,0.9747,0.4571111,0.0,0.0,18,0.33333334,0.0,0.0,0.33333334,0,0.6666667,0.6666667,0.0,0.0,0.014199425,0.0,0.0,0.0,0.33333334
0.8061493,0.58477056,0.5021294,0.057915196,-3990.0,14751.0,0.5652174,1,13.785714,-434.0,1793936.8,0.5662409,3.0,0.18211111,-98,1,0.9652174,125.0,-285.0,0.15,-1625.0,0.0,-3458.0,9613.395,-69.0,9855.0,0.024,0.3180212,0.0,1.0078418,161.23618,35.0,15599.449,23.04,4028.0,5.226087,0.0,365293.0,0.0,1117517.6,9315.453,0.3,-242.0,0.018634,0.0,0.92,0.75,1,-1284.0,307208.47,0.004114378,13.0,4799.97,2,1.0,1,0.1025479,0.0,0.0,0,0.0,0.1,0.1,0.15,0.9777348,0.5285714,0.35,0.0,15,0.05,0.25,0.0,0.3,0,0.15,0.65,0.1,0.1,0.0,0.06633385,0.0,0.1,0.15
0.8128226,0.66955596,0.5021294,0.0778565,-1389.0,21510.0,0.0,0,6.0,-416.93738,131952.16,0.5662409,12.061121,0.13657142,-80,0,1.0,7.0,-691.0,0.0,-2373.6667,5242.4604,-8994.0,0.0,1011.9233,11920.5,0.0,0.57007897,-866.0,1.1111205,0.0,16.0,21992.025,21910.725,31027.0,13.166667,2529.067,494.33334,0.0,50325.0,22008.285,1.0,-132.19705,0.032561,15.13074,0.85714287,1.0,1,-728.6427,307208.47,0.07275849,14.0,0.0,1,0.8679975,1,0.0663,0.0,0.0,0,12823.701,0.0,0.0,1.0,0.9737,0.025641026,0.0,0.0,15,1.0,0.0,0.33333334,0.0,0,0.0,0.0,0.0,0.0,0.0,0.0184,0.0,0.0,1.0
0.70769936,0.7084153,0.5021294,0.039805263,-5350.0,34033.5,4.7714286,1,8.0,-309.0,590160.06,0.5662409,12.061121,0.10804286,-85,0,0.6857143,26.0,-444.0,0.0,-1784.25,1361.61,-13253.0,15269.625,-1638.0,3150.0,0.96153843,0.36842105,-791.0,0.61122084,2527.2861,40.0,16861.717,1.8,-2636.0,6.114286,0.0,431962.28,0.0,151135.25,20898.105,0.25,-422.66666,0.072508,0.0,0.84615386,0.25,1,-728.6427,1511945.4,0.2817149,15.0,44775.0,1,0.8679975,1,0.315,0.0,3.0,0,0.0,0.0,0.5,0.25,0.9816,0.4571111,0.25,0.0,17,0.25,0.0,0.5,0.25,1,0.0,0.0,0.0,0.0,0.014199425,0.0,0.07692308,0.25,0.0
0.7490217,0.48134658,0.5021294,0.03747749,-2384.1423,11331.0,1.0654914,0,13.592881,-416.93738,678578.9,0.5662409,12.061121,0.19369231,-33,0,1.3829919,29.516104,-327.7884,0.1108971,-2744.0,5242.4604,-1155.0,0.0,1011.9233,11083.136,0.21486607,0.1934898,-2.0,0.96875226,-363.87296,37.84903,18754.361,5198.1606,-917.0,12.26564,2529.067,431962.28,0.0,270000.0,13925.762,0.23777755,-132.19705,0.019101,15.13074,0.90468615,1.0,0,-728.6427,307208.47,0.07275849,12.661583,6724.2266,2,0.8679975,1,0.1025479,0.068525076,0.0,0,12823.701,0.080552734,0.47940668,0.2845134,0.9777348,0.4571111,0.21002875,0.0,11,0.35041127,0.0,0.0,0.14514303,0,0.25491133,0.2090302,0.14553413,0.027647203,0.014199425,0.06633385,0.010587371,0.053136926,0.14762497
0.723837,0.35647392,0.5021294,0.033203125,-2384.1423,27693.0,0.125,0,18.0,-801.0,1935986.6,0.5662409,16.0,0.15385,42,0,0.96875,35.0,-67.0,0.0,-1187.3334,5242.4604,-7613.0,210678.75,416.0,8473.5,0.0,0.21581492,-471.0,0.97780776,80.098595,34.0,60499.582,0.45,-383.0,6.59375,2529.067,1234020.5,0.0,584040.0,27230.086,0.0,-52.0,0.020246,15.13074,0.8857143,0.6666667,0,-728.6427,307208.47,0.005193319,9.166667,2562.705,3,0.8679975,1,0.0602,0.16666667,0.0,0,0.0,0.0,0.5,0.16666667,0.9886,0.4571111,0.33333334,0.0,9,0.0,0.0,0.0,0.16666667,0,0.16666667,0.0,0.0,0.0,0.014199425,0.0527,0.0,0.33333334,0.5
0.51369375,0.724358,0.77007973,0.026447618,-4219.0,49986.0,1.0654914,1,13.592881,-858.0,678578.9,0.5662409,12.061121,0.22216,-74,1,1.3829919,29.516104,-327.7884,0.1108971,-1138.0,0.0,-7092.0,0.0,2794.0,11083.136,0.21486607,0.11904762,-5.0,0.96875226,-363.87296,37.84903,18754.361,5198.1606,-179.0,12.26564,2529.067,1430.3334,0.0,180850.72,13925.762,0.23777755,-20.0,0.006008,15.13074,0.90468615,0.75,0,-728.6427,307208.47,0.07275849,12.661583,6724.2266,2,0.8679975,0,0.0754,0.068525076,0.0,0,0.0,0.080552734,0.47940668,0.2845134,0.9816,0.4571111,0.21002875,0.0,18,0.35041127,0.0,0.25,0.14514303,0,0.25491133,0.2090302,0.14553413,0.027647203,0.014199425,0.0543,0.010587371,0.053136926,0.14762497
0.5190973,0.47760805,0.15899158,0.118667915,-129.0,11385.0,0.0,1,12.0,-493.0,115946.64,0.5662409,12.061121,0.09730769,111,0,1.0,8.0,-34.0,0.0,-500.0,0.0,-4325.0,0.0,27326.0,16807.5,0.0,1.2195122,-268.0,1.1111112,0.0,39.0,14493.33,14493.33,-476.0,12.75,0.0,431962.28,0.0,30618.0,14493.33,0.0,-96.0,0.0105,15.13074,1.0,0.5,1,-728.6427,307208.47,0.07275849,14.0,0.0,3,0.8679975,0,0.1025479,0.0,0.0,0,22500.0,0.0,1.0,0.0,0.9777348,0.05882353,1.0,0.0,11,1.0,0.0,0.5,0.0,1,0.0,0.0,0.0,0.0,0.0,0.06633385,0.0,0.0,0.0
0.18303517,0.6375228,0.5021294,0.057385158,-2384.1423,7308.0,0.0,1,38.0,-58.0,1178563.2,0.5662409,12.061121,0.07733333,83,0,1.0,41.0,-58.0,0.33333334,-635.0833,3620.7676,-2042.0,64210.11,320.0,0.0,0.0,0.74204946,-1168.0,0.8709578,0.0,30.0,31014.822,2633.805,2518.0,13.131579,3620.7676,119571.48,0.0,371258.12,19572.78,0.0,-16.4,0.008068,15.13074,0.9512195,0.5833333,0,-305.0,65863.5,0.00027660254,5.75,0.0,3,0.86321443,1,0.0623,0.083333336,0.0,0,0.0,0.0,0.5833333,0.41666666,0.9871,0.5682055,0.0,0.0,7,0.083333336,0.0,0.083333336,0.16666667,0,0.5,0.0,0.083333336,0.0,0.0,0.0,0.0,0.0,0.083333336
0.824595,0.7470736,0.4315013,0.03793758,-2384.1423,20677.5,0.17021276,0,8.0,-1222.0,1489381.0,6.6923075,12.061121,0.1838,-107,0,0.9787234,22.0,-5.0,0.42857143,-1418.0,5242.4604,-3447.0,0.0,-578.0,87750.0,0.0,0.20640688,-919.0,0.84402704,526.9021,30.0,31688.957,40.5,-719.0,2.6595745,2529.067,172872.0,0.0,120000.0,36154.95,0.2857143,-1.0,0.019101,57.23077,0.90909094,0.6666667,1,-162.0,307208.47,0.2024357,11.571428,24723.9,2,0.8732099,1,0.1025479,0.0,0.0,0,0.0,0.2857143,0.2857143,0.2857143,0.9777348,0.4571111,0.42857143,0.0,9,0.14285715,0.0,0.33333334,0.14285715,0,0.0,0.14285715,0.0,0.0,0.014199425,0.06633385,0.0,0.2857143,0.0
0.40661743,0.66306037,0.5021294,0.030557767,-2384.1423,16407.0,1.0654914,1,13.592881,-67.0,678578.9,0.5662409,12.061121,0.14584,33,1,1.3829919,29.516104,-327.7884,0.1108971,-513.2,0.0,-705.0,44453.25,172.0,11083.136,0.21486607,0.2095294,-453.0,0.96875226,-363.87296,37.84903,18754.361,5198.1606,-328.0,12.26564,0.0,17634.334,0.0,64953.72,13925.762,0.23777755,-355.5,0.00702,15.13074,0.90468615,0.6,0,-728.6427,189728.0,0.07275849,12.661583,6724.2266,2,0.8679975,0,0.1025479,0.068525076,0.0,0,0.0,0.080552734,0.47940668,0.2845134,0.9777348,0.4571111,0.21002875,0.0,15,0.35041127,0.0,0.4,0.14514303,0,0.25491133,0.2090302,0.14553413,0.027647203,0.014199425,0.06633385,0.010587371,0.053136926,0.14762497
0.42236966,0.75674444,0.71097076,0.051051755,-4635.0,27522.0,0.0,1,10.0,-581.0,135823.69,0.5662409,12.061121,0.20386666,-38,1,1.0,21.0,-725.0,0.0,-613.6667,0.0,-8051.0,186570.0,73.0,5598.0,0.0,0.25041735,0.0,1.0174932,0.0,18.0,6791.184,6626.385,774.7538,9.4,0.0,431962.28,0.0,225934.5,6800.2876,0.6666667,-16.0,0.019101,15.13074,0.95238096,0.0,1,-728.6427,1584.3334,0.017547186,10.666667,0.0,2,0.8679975,1,0.1025479,0.0,0.0,0,0.0,0.0,0.6666667,0.0,0.9777348,0.9349206,0.0,0.0,9,0.33333334,0.0,0.6666667,0.0,1,0.0,0.6666667,0.0,0.0,0.0,0.06633385,0.0,0.0,0.33333334
0.6594055,0.50822884,0.5021294,0.039657403,-1255.0,44172.0,0.0,0,12.0,-416.93738,21941.64,0.5662409,12.061121,0.20032653,3,0,1.0,7.0,-597.0,0.0,-980.0,5242.4604,-10514.0,0.0,1011.9233,2151.0,0.0,0.1979638,-752.0,1.0052664,0.0,60.0,7313.88,2167.965,-795.0,38.666668,2529.067,431962.28,0.0,112477.5,2167.965,0.0,-132.19705,0.006305,15.13074,0.42857143,1.0,1,-728.6427,307208.47,0.07275849,9.0,0.0,3,0.8679975,1,0.1025479,0.0,0.0,0,12823.701,0.0,1.0,0.0,0.9777348,0.4571111,0.0,0.0,8,1.0,0.0,0.0,0.0,1,1.0,1.0,0.0,0.0,0.014199425,0.06633385,0.42857143,0.0,0.0
0.6058363,0.50524443,0.5021294,0.029384868,-2384.1423,26028.0,2.2844827,1,20.4,-294.0,1844383.5,0.5662409,12.061121,0.06804706,48,0,0.86206895,103.0,-39.0,0.0,-1487.8,0.0,-11652.0,180862.58,-2369.0,0.0,0.66019416,0.43183157,-1213.0,0.9350133,2760.2568,155.0,15899.857,1.755,-294.0,14.612069,0.0,431962.28,0.0,333118.06,18382.023,0.8,-1213.0,0.072508,15.13074,0.9611651,0.2,0,-728.6427,1527789.6,0.0024395278,14.0,21832.74,1,0.8679975,0,0.133,0.0,0.0,0,0.0,0.4,0.0,1.0,0.9841,0.4571111,0.0,0.0,11,0.0,0.0,0.2,0.0,0,0.2,0.0,0.2,0.0,0.014199425,0.0,0.0,0.0,0.0
0.5108563,0.8009827,0.5021294,0.08106103,-503.0,11799.0,0.0,1,48.0,-2619.0,90189.54,0.5662409,12.061121,0.0874,55,0,1.0,8.0,-32.0,0.0,-2669.0,1916.055,-8263.0,0.0,-1508.0,11083.136,0.0,0.9274717,-234.0,0.69706726,0.0,30.0,12884.22,12884.22,-2505.0,13.428572,0.0,431962.28,0.0,124248.016,12884.22,0.0,-671.0,0.04622,0.0,1.0,0.5,1,-728.6427,307208.47,0.07275849,10.0,0.0,1,0.8679975,0,0.1116,0.0,0.0,0,0.0,0.0,0.75,0.25,0.9856,0.4571111,0.25,0.0,15,0.0,0.0,0.5,0.0,1,0.0,0.0,0.0,0.0,0.014199425,0.06633385,0.0,0.25,0.0
0.5108563,0.45168903,0.5021294,0.056005847,-723.0,43096.5,0.13043478,0,18.0,-416.93738,1153718.5,0.5662409,12.061121,0.2455641,53,0,1.254454,24.0,-15.0,0.0,-1083.0499,5242.4604,-2505.0,160390.22,1011.9233,0.0,0.0,0.22807017,-779.0,0.8407164,-8713.421,30.0,50161.676,9863.685,774.7538,6.652174,2529.067,431962.28,0.0042077564,378081.47,24973.008,0.2857143,-132.19705,0.028663,15.13074,0.9166667,0.58311266,1,-728.6427,307208.47,0.003978348,9.285714,0.0,2,0.8679975,1,0.1025479,0.0,0.0,0,12823.701,0.14285715,0.5714286,0.2857143,0.9777348,0.4571111,0.14285715,49.54514,14,0.14285715,0.014233142,0.23965093,0.0,1,0.14285715,0.0,0.42857143,0.14285715,0.014199425,0.06633385,0.0,0.14285715,0.14285715
0.35233998,0.33519134,0.15802358,0.06805714,-842.0,21438.0,3.55,0,12.0,-416.93738,123319.125,0.5662409,12.061121,0.20713043,13,0,0.65,13.0,-369.0,0.4,-528.0,11970.0,-4345.0,0.0,1011.9233,0.0,1.2307693,0.32857144,-364.0,0.879491,3581.4194,32.0,6165.956,215.28,-224.0,9.2,2529.067,431962.28,0.0,126445.99,10242.36,0.2,-132.19705,0.006671,15.13074,0.9230769,1.0,1,-364.0,307208.47,0.011148847,14.8,10027.08,2,0.8352684,0,0.1025479,0.0,0.0,0,12823.701,0.4,0.8,0.2,0.9777348,0.4571111,0.0,0.0,13,0.2,0.0,0.0,0.0,0,0.2,0.0,0.0,0.0,0.014199425,0.06633385,0.0,0.0,0.2
0.66102356,0.6577738,0.5021294,0.04405,-3054.0,19822.5,0.36,1,11.0,-512.0,578677.7,0.5714286,12.061121,0.15732142,-29,1,0.93333334,22.0,-31.0,0.0,-2058.3333,0.0,-2892.0,73059.0,-1655.0,13045.5,0.0,0.28,-1745.0,0.70124567,379.6296,31.0,7715.7026,42.615,-2548.0,4.1466665,0.0,431962.28,0.0,167887.8,9610.796,0.25,-346.0,0.035792,4.433862,0.90909094,0.33333334,1,-728.6427,2574180.5,0.23437855,12.25,13869.9,2,0.8679975,0,0.1025479,0.0,1.0,0,0.0,0.0,0.5,0.25,0.9777348,0.4571111,0.25,0.0,15,0.25,0.0,0.33333334,0.5,0,0.25,0.25,0.5,0.0,0.014199425,0.06633385,0.0,0.0,0.0
0.66745776,0.54511195,0.5021294,0.056075,-2384.1423,30280.5,0.0,1,10.0,-310.0,71640.766,0.5662409,12.061121,0.2243,-95,0,1.0,11.0,-1249.0,0.0,-1537.9166,4054.62,-13343.0,0.0,786.0,0.0,0.0,0.25,0.0,1.0,0.0,36.0,7164.0767,7109.28,-79.0,22.8,0.0,269870.47,0.0,53965.61,7170.165,0.0,-88.0,0.015221,15.13074,0.90909094,0.9166667,1,-728.6427,307208.47,0.07275849,15.0,0.0,2,0.8679975,1,0.0715,0.0,0.0,0,45000.0,0.0,0.0,1.0,0.9836,0.4571111,1.0,0.0,9,1.0,0.0,0.083333336,0.0,0,0.0,0.0,0.0,0.0,0.014199425,0.0356,0.0,0.0,1.0
0.77640986,0.5142939,0.844982,0.06082098,-5748.0,20182.5,0.11627907,1,24.0,-416.93738,1831022.5,0.6458333,12.061121,0.112125,-35,1,0.98139536,25.0,-8.0,0.0,-2706.0,5242.4604,-13660.0,0.0,1011.9233,0.0,0.0,0.5424391,-2046.0,0.8833922,45.471767,30.0,8516.384,13.185,-1244.0,7.32093,2529.067,431962.28,0.0,202500.0,16713.404,0.0,-132.19705,0.020713,1.5364035,0.92,1.0,1,-728.6427,307208.47,0.07275849,11.5,4500.0,2,0.8679975,1,0.0732,0.0,0.0,0,12823.701,0.0,1.0,0.0,0.9642,0.4571111,0.0,0.0,5,0.0,0.0,1.0,0.5,0,0.5,0.0,0.0,0.0,0.014199425,0.0092,0.04,0.0,0.5
0.3842068,0.6424201,0.5021294,0.04862745,-3381.0,11160.0,0.125,0,5.3333335,-77.0,715792.44,0.31914893,12.061121,0.047692306,-59,0,0.9916667,13.0,-33.0,0.125,-1336.1,0.0,-27.0,263663.1,-40.0,5485.5,0.0,1.0196079,-161.0,0.7668796,46.875,34.0,5964.937,67.5,620.0,5.525,2529.067,484681.25,0.0,461197.16,19495.846,0.0,-25.0,0.006671,0.9760924,0.84615386,0.7,1,-140.0,375665.34,0.1874851,15.875,4500.0,2,0.8632626,1,0.1025479,0.0,0.0,0,0.0,0.0,0.75,0.25,0.9777348,0.3353144,0.125,0.0,14,0.0,0.0,0.2,0.75,0,0.25,0.25,0.125,0.0,0.0,0.06633385,0.0,0.125,0.0
0.7032033,0.5344325,0.5021294,0.04836326,-1298.0,24592.5,0.375,0,18.0,-53.0,535782.3,0.5662409,12.061121,0.15614286,-77,0,0.9375,33.0,-333.0,0.0,-437.5,5242.4604,-4254.0,393252.75,273.0,5850.0,0.0,0.30973727,-1396.0,0.8447504,1158.4069,106.0,16743.197,8491.995,774.7538,25.5,2529.067,431962.28,0.0,562500.0,13513.253,1.0,-9.5,0.006629,15.13074,0.93939394,0.0,1,-728.6427,295680.5,0.0029863762,5.5,9662.22,2,0.8679975,1,0.1025479,0.0,0.0,0,0.0,0.0,0.0,1.0,0.9777348,0.4571111,0.0,0.0,6,0.5,0.0,0.0,0.0,1,0.0,1.0,0.0,0.5,0.014199425,0.06633385,0.0,0.0,0.0
0.75037515,0.6942777,0.29191965,0.051468693,-3427.0,16164.0,0.0,0,9.5,-225.0,523512.03,0.5662409,19.0,0.0898,9,1,1.0,43.0,-467.0,0.0,-225.0,5242.4604,-4718.0,8902757.0,7080.0,67500.0,0.0,0.573148,0.0,1.2355808,0.0,19.0,14148.975,5848.785,774.7538,9.189189,2529.067,431962.28,0.0,8910000.0,13033.563,0.75,-21.5,0.006629,15.13074,0.90697676,0.0,1,-728.6427,0.0,0.38931605,8.5,0.0,2,0.8679975,1,0.1025479,0.0,0.0,0,0.0,0.0,0.5,0.0,0.9777348,0.0,0.0,0.0,5,0.0,1.0,0.0,0.0,0,0.25,0.75,0.0,0.0,0.0,0.06633385,0.0,0.0,0.25
0.71803284,0.68935907,0.5021294,0.0495646,-2384.1423,4405.5,0.0,1,20.0,-585.0,350386.7,0.5662409,12.061121,0.057588235,118,0,1.0,31.0,-25.0,0.5,-1187.7778,0.0,-15497.0,0.0,30837.0,0.0,0.0,0.86067235,-437.0,1.0,0.0,27.0,11679.557,9230.895,-220.0,13.8,2529.067,278564.9,0.0,45956.96,11082.6,0.0,-568.5,0.026392,15.13074,0.9677419,0.7777778,1,-437.0,10082.0,0.0,13.75,0.0,2,1.0,0,0.1025479,0.0,0.0,0,12823.701,0.5,0.25,0.25,0.9777348,0.21869709,0.25,0.0,13,0.25,0.0,0.22222222,0.0,0,0.75,0.5,0.25,0.0,0.0,0.06633385,0.0,0.25,0.0
0.5208976,0.48679146,0.79835004,0.032357864,-1023.0,42030.0,0.53333336,1,16.5,-342.0,608788.4,0.5662409,12.061121,0.24578947,-82,1,0.8666667,14.0,-40.0,0.1,-901.0,0.0,-5217.0,101851.875,754.0,11083.136,0.0,0.13164869,-638.0,0.91641814,4892.196,32.0,40585.895,437.985,140.0,7.0666666,0.0,283909.44,0.0,287684.12,19794.025,0.2,-13.0,0.010032,15.13074,0.9285714,0.8,1,-271.0,176418.0,0.013900628,8.2,36253.484,2,1.0,1,0.1205,0.0,0.0,0,0.0,0.2,0.6,0.4,0.9896,0.4571111,0.1,0.0,10,0.1,0.0,0.2,0.4,1,0.0,0.0,0.0,0.1,0.014199425,0.0246,0.0,0.1,0.3
0.5460232,0.40103003,0.87461424,0.036149304,-2894.0,19899.0,0.0,1,28.5,-75.0,535668.94,0.5662409,12.061121,0.08844,3,1,1.0,14.0,-11.0,0.0,-345.0,0.0,-9200.0,0.0,1021.0,0.0,0.0,0.40874386,-390.0,0.9734537,0.0,25.0,41205.3,11476.26,774.7538,12.230769,0.0,431962.28,0.0,114970.5,17370.09,0.0,-41.5,0.016612,0.0,0.9285714,0.0,1,-728.6427,145800.0,0.002818824,13.571428,0.0,2,0.8679975,1,0.092,0.14285715,0.0,0,60750.0,0.14285715,0.71428573,0.2857143,0.9871,0.4571111,0.2857143,0.0,11,0.2857143,0.0,1.0,0.0,0,0.0,0.0,0.14285715,0.0,0.014199425,0.1,0.0,0.14285715,0.0
0.5108563,0.0838906,0.5021294,0.06043,-2644.0,27193.5,0.0,1,13.6,-416.93738,1561461.2,0.5662409,12.061121,0.20143333,-33,0,1.0,55.0,-232.0,0.2857143,-1083.0499,5242.4604,-5233.0,160390.22,1011.9233,16560.0,0.0,0.3,-1912.0,0.99317527,0.0,185.0,30616.887,10690.74,774.7538,27.352942,2529.067,431962.28,0.0042077564,378081.47,23994.117,0.14285715,-132.19705,0.04622,15.13074,0.90909094,0.58311266,1,-581.0,307208.47,0.005518889,15.428572,0.0,1,1.0,1,0.1025479,0.14285715,0.0,0,12823.701,0.0,0.2857143,0.0,0.9777348,0.4571111,0.42857143,49.54514,11,0.14285715,0.014233142,0.23965093,0.0,0,0.2857143,0.0,0.14285715,0.0,0.014199425,0.06633385,0.018181818,0.14285715,0.0
0.3944954,0.58667547,0.2821895,0.037059247,-292.0,35316.0,0.0,0,6.0,-416.93738,85611.734,0.5662409,4.0,0.1962,40,0,1.0,9.0,-43.0,0.0,-1836.0,5242.4604,-538.0,0.0,1011.9233,0.0,0.0,0.18888506,-241.0,0.9749229,0.0,30.0,12230.248,10512.18,-45.0,13.571428,2529.067,508032.0,0.0,702000.0,16521.637,0.0,-132.19705,0.0228,15.13074,0.7777778,1.0,0,-728.6427,307208.47,0.0012577208,10.333333,0.0,2,0.8679975,1,0.1025479,0.0,0.0,0,12823.701,0.0,0.6666667,0.0,0.9777348,0.7219697,0.33333334,0.0,9,0.33333334,0.0,0.5,0.0,1,0.33333334,0.0,0.6666667,0.0,0.07777778,0.06633385,0.11111111,0.0,0.33333334
0.757069,0.76613,0.5021294,0.030752713,-3224.0,12244.5,0.0,1,14.0,-185.0,67594.41,0.5662409,14.0,0.068025,1,1,1.0,5.0,-45.0,0.0,-590.625,0.0,-11382.0,0.0,182.0,5940.0,0.0,0.45207956,-2683.0,1.037037,0.0,30.0,22531.47,7651.53,180.0,23.333334,0.0,338371.0,0.0,347511.66,11441.138,0.0,-95.333336,0.032561,15.13074,0.8,0.625,1,-728.6427,592.3333,0.004115226,17.333334,0.0,1,0.8679975,1,0.1902,0.0,0.0,0,12823.701,0.0,0.33333334,0.33333334,0.9816,0.4571111,0.33333334,0.0,12,0.0,0.0,0.125,0.0,0,0.33333334,0.33333334,0.0,0.0,0.014199425,0.1768,0.0,0.0,0.33333334
0.5316861,0.75481516,0.5021294,0.057406668,-1609.0,38749.5,0.0,1,12.0,-163.0,231106.0,0.5662409,12.061121,0.3914091,97,0,1.0,7.0,-289.0,0.0,-456.25,0.0,-9852.0,1713.2288,-4.0,24678.0,0.0,0.14666666,-443.0,1.1111246,0.0,73.0,38517.668,22767.12,-41.0,35.166668,0.0,504008.0,0.0,52330.5,22767.12,0.0,-15.0,0.04622,15.13074,0.85714287,0.5,1,-728.6427,924.5,0.07275849,13.0,0.0,1,0.8679975,1,0.0199,0.0,0.0,0,0.0,0.0,0.0,1.0,0.9861,0.2797619,0.0,0.0,20,1.0,0.0,0.25,0.0,0,1.0,0.0,0.0,0.0,0.0,0.06633385,0.0,0.0,0.0
0.07347264,0.15490845,0.43278763,0.065849155,-511.0,11236.5,0.0,1,14.8,-118.0,675056.75,0.5662409,12.061121,0.043051723,78,1,1.0956141,28.0,-245.0,0.0,-357.2,0.0,-265.0,60554.25,-88.0,2740.5,0.0,1.5295359,-981.0,0.8968041,-1800.1945,43.0,27002.27,3171.33,294.0,13.36,0.0,134604.0,0.0,630818.1,9851.247,0.4,-76.57143,0.018801,0.0,0.8214286,0.3,1,-728.6427,22007.0,0.02096803,12.6,0.0,2,0.8679975,0,0.1083,0.0,0.0,0,0.0,0.2,0.4,0.4,0.9776,0.4571111,0.0,0.0,14,0.2,0.1,0.4,0.0,0,0.4,0.4,0.0,0.0,0.014199425,0.0786,0.035714287,0.0,0.0
0.50287825,0.3585685,0.5021294,0.029397782,-404.0,23931.0,1.8444444,1,6.857143,-416.93738,371066.9,0.5662409,12.061121,0.2659,98,0,0.9111111,45.0,-11.0,0.0,-845.0,5242.4604,-3893.0,0.0,1011.9233,4790.7,0.6,0.110559545,-111.0,1.0054604,977.746,37.0,8245.931,486.9,-541.0,7.111111,2529.067,431962.28,0.0,104355.0,6829.0005,0.42857143,-132.19705,0.035792,0.0,0.8888889,1.0,1,-728.6427,307208.47,0.003646799,12.0,16722.855,2,0.8679975,0,0.1025479,0.0,1.0,0,12823.701,0.2857143,0.71428573,0.2857143,0.9777348,0.4571111,0.2857143,0.0,14,0.14285715,0.0,0.0,0.0,1,0.14285715,0.71428573,0.14285715,0.0,0.014199425,0.06633385,0.0,0.0,0.42857143
0.18520208,0.73182124,0.5021294,0.05097603,-2384.1423,37134.0,1.0654914,1,13.592881,-416.93738,678578.9,0.5662409,12.061121,0.33008,-48,0,1.3829919,29.516104,-327.7884,0.1108971,-2200.6667,20116.215,-9308.0,0.0,1011.9233,11083.136,0.21486607,0.15443538,-2.0,0.96875226,-363.87296,37.84903,18754.361,5198.1606,-351.0,12.26564,2529.067,427650.34,0.0,288645.0,13925.762,0.23777755,-132.19705,0.00733,15.13074,0.90468615,1.0,0,-728.6427,307208.47,0.07275849,12.661583,6724.2266,2,0.8679975,1,0.0639,0.068525076,0.0,0,12823.701,0.080552734,0.47940668,0.2845134,0.9871,0.109126985,0.21002875,0.0,16,0.35041127,0.0,0.0,0.14514303,0,0.25491133,0.2090302,0.14553413,0.027647203,0.003968254,0.0627,0.010587371,0.053136926,0.14762497
0.6738301,0.6275611,0.5021294,0.029458188,-2384.1423,17469.0,0.1521739,1,21.75,-231.0,1680090.4,0.5662409,12.061121,0.15528,92,1,1.1241482,47.0,-551.0,0.0,-1523.375,0.0,-174.0,90456.3,712.0,8766.0,0.0,0.18971013,-1581.0,0.95124793,-5245.016,34.0,36523.707,1813.32,169.0,12.326087,2529.067,695891.44,0.0,260497.34,17824.5,0.25,-24.0,0.010966,15.13074,0.9148936,0.75,0,-728.6427,47740.5,0.009735733,13.0,12389.04,2,0.8679975,0,0.1025479,0.0,0.0,0,0.0,0.25,0.25,0.5,0.9777348,0.43234932,0.5,0.0,9,0.25,0.0,0.125,0.0,0,0.25,0.0,0.0,0.0,0.0,0.06633385,0.0,0.25,0.25
0.6769925,0.7277679,0.5021294,0.05,-181.0,15750.0,0.16901408,1,20.222221,-1016.0,1649038.6,0.5662409,12.061121,0.11290322,83,0,0.97183096,79.0,-16.0,0.083333336,-1826.2,0.0,-5272.0,6932.4863,445.0,3150.0,0.03797468,0.44285715,-1257.0,0.8101826,448.11063,37.0,23225.896,93.69,-820.0,9.971831,0.0,120830.914,0.0,56596.32,12053.5,0.33333334,-29.0,0.01885,0.0,0.886076,0.8,0,-174.0,307208.47,0.083975725,12.5,25634.744,2,0.8938148,1,0.0706,0.16666667,0.0,1,0.0,0.25,0.41666666,0.41666666,0.9896,0.4571111,0.16666667,0.0,13,0.0,0.0,0.2,0.0,1,0.083333336,0.083333336,0.41666666,0.0,0.014199425,0.06633385,0.012658228,0.25,0.083333336
0.7091891,0.24678974,0.31914905,0.05,-8404.0,13500.0,0.48333332,0,18.0,-416.0,404920.53,0.5662409,14.0,0.12,-67,0,0.85,51.0,-15.0,0.0,-717.0,5242.4604,-2021.0,105356.25,666.0,13500.0,0.0,0.41666666,0.0,1.1684028,1314.6488,23.0,6748.6753,17.685,774.7538,7.616667,2529.067,431962.28,0.0,315000.0,7042.305,0.33333334,-48.0,0.00963,15.13074,1.0,0.0,0,-728.6427,181202.0,0.18052216,13.0,10772.055,2,0.8679975,1,0.0674,0.0,0.0,1,0.0,0.0,0.33333334,0.0,0.9836,0.4571111,0.33333334,0.0,11,0.33333334,0.0,0.5,0.0,0,0.33333334,0.33333334,0.0,0.0,0.014199425,0.0205,0.0,0.0,0.0
0.2940831,0.7220116,0.5021294,0.0472,-1527.0,10620.0,0.0,1,12.0,-163.0,81588.195,0.5662409,12.061121,0.102608696,-31,0,1.0,13.0,-247.0,0.0,-843.0909,2.745,-1954.0,25003.07,1667.0,0.0,0.0,0.46,0.0,0.9045005,0.0,17.0,6799.016,6769.935,-202.0,11.0,0.0,298107.44,0.0,69594.77,6801.66,0.0,-30.666666,0.026392,15.13074,0.9230769,0.72727275,1,-728.6427,19903.0,0.07275849,17.0,0.0,2,0.8679975,0,0.0497,0.0,1.0,0,69105.87,0.0,0.0,0.0,0.9861,0.4571111,0.0,0.0,11,1.0,0.0,0.36363637,0.0,1,1.0,0.0,0.0,0.0,0.014199425,0.0674,0.0,0.0,1.0
0.735221,0.52692217,0.7850609,0.04424,-2384.1423,29862.0,0.008695652,0,43.2,-540.0,4178553.5,0.27083334,12.061121,0.2212,102,0,1.4647859,46.0,-21.0,0.0,-788.0,0.0,-14129.0,207868.5,327.0,0.0,0.0,0.2,-1256.0,0.94286823,-10813.734,30.0,36335.246,139.545,774.7538,10.217391,2529.067,431962.28,0.0,399600.0,16156.674,0.0,-30.0,0.028663,0.36798245,0.8695652,0.2,0,-728.6427,21604.916,0.0061266907,11.0,0.0,2,0.8679975,1,0.301,0.0,0.0,0,0.0,0.16666667,0.33333334,0.16666667,0.9771,0.46826923,0.33333334,0.0,9,0.0,0.0,0.4,0.33333334,0,0.5,0.0,0.16666667,0.0,0.0,0.1505,0.0,0.33333334,0.0
0.5954562,0.47134307,0.5021294,0.038926817,-1162.0,28120.5,0.1736111,1,18.0,-223.0,1065863.4,0.09638554,12.061121,0.15701005,-122,0,0.9861111,38.0,-21.0,0.0,-989.5714,0.0,-2677.0,81463.52,385.0,4500.0,0.05263158,0.24792565,-1718.0,0.69627935,93.75,30.0,7401.8296,43.965,904.0,5.2291665,0.0,395128.25,0.0,563214.9,9988.718,0.0,-10.0,0.018634,0.19320138,0.9736842,0.5714286,1,-728.6427,79616.336,0.22339319,14.8,6525.0,2,0.8679975,1,0.0669,0.0,0.0,0,6481.0127,0.0,0.4,0.4,0.9826,0.4571111,0.4,0.0,14,0.0,0.0,0.2857143,0.2,0,0.2,0.2,0.6,0.0,0.014199425,0.0,0.0,0.2,0.0
0.5902333,0.6828081,0.5021294,0.030942334,-2384.1423,6336.0,1.0654914,1,13.592881,-813.0,678578.9,0.5662409,12.061121,0.05632,20,0,1.3829919,29.516104,-327.7884,0.1108971,-1681.8,5242.4604,-12295.0,35541.9,-929.0,11083.136,0.21486607,0.54940224,-1517.0,0.96875226,-363.87296,37.84903,18754.361,5198.1606,-840.0,12.26564,2529.067,1201250.0,0.0,356140.8,13925.762,0.23777755,-458.0,0.010556,15.13074,0.90468615,0.4,0,-728.6427,1217726.4,0.07275849,12.661583,6724.2266,3,0.8679975,0,0.1025479,0.068525076,0.0,0,0.0,0.080552734,0.47940668,0.2845134,0.9777348,0.017582418,0.21002875,0.0,9,0.35041127,0.0,0.2,0.14514303,0,0.25491133,0.2090302,0.14553413,0.027647203,0.0,0.06633385,0.010587371,0.053136926,0.14762497
0.73098737,0.76331687,0.5021294,0.02936125,-417.0,31540.5,0.0,1,17.0,-1472.0,240907.28,0.5662409,12.061121,0.21903124,107,1,1.0,25.0,-22.0,0.16666667,-2136.5,4230.0,-9940.0,36315.75,-553.0,2866.5,0.0,0.1340505,-440.0,0.9719298,0.0,18.0,10037.803,2832.075,-73.0,7.5833335,2529.067,220476.67,0.0,175798.05,9014.513,0.0,-335.5,0.035792,15.13074,0.96,0.6666667,1,-440.0,411324.5,0.014528578,11.666667,0.0,2,0.90233916,1,0.1025479,0.0,0.0,0,0.0,0.0,0.8333333,0.0,0.9777348,0.4571111,0.16666667,0.0,14,0.0,0.0,0.33333334,0.16666667,1,0.33333334,0.0,0.0,0.0,0.014199425,0.06633385,0.0,0.0,0.0
0.5108563,0.17273799,0.70873326,0.026378263,-4328.0,66402.0,0.01,1,10.666667,-416.93738,684985.1,0.041666668,20.0,0.3279111,90,0,1.0,32.0,-819.0,0.0,-1083.0499,5242.4604,-6426.0,160390.22,1011.9233,0.0,0.0,0.08044333,-1001.0,0.9049007,0.0,30.0,6849.851,30.33,774.7538,3.65,2529.067,431962.28,0.0042077564,378081.47,15419.64,0.4,-132.19705,0.018801,0.040350877,0.90625,0.58311266,1,-728.6427,307208.47,0.013307131,10.6,0.0,2,0.8679975,1,0.1117,0.0,0.0,0,12823.701,0.2,0.4,0.2,0.9856,0.4571111,0.0,49.54514,8,0.0,0.014233142,0.23965093,0.0,1,0.2,0.0,0.0,0.0,0.014199425,0.042,0.0,0.0,0.2
0.5108563,0.16985425,0.27901867,0.029356,-7070.0,33025.5,0.0,0,11.0,-416.93738,245641.72,0.5662409,12.061121,0.22934376,-125,0,1.0,23.0,-1994.0,0.0,-1083.0499,5242.4604,-4030.0,160390.22,1011.9233,5085.0,0.0,0.128,-2340.0,0.9681823,0.0,34.0,11165.533,6579.27,774.7538,11.5,2529.067,431962.28,0.0042077564,378081.47,10791.697,0.5,-132.19705,0.010006,15.13074,0.95652175,0.58311266,1,-728.6427,307208.47,0.006786818,11.5,0.0,2,0.8679975,1,0.0679,0.0,0.0,0,12823.701,0.0,0.0,0.0,0.9811,0.4571111,0.5,49.54514,8,0.0,0.014233142,0.23965093,0.0,0,0.0,0.5,0.0,0.0,0.014199425,0.0594,0.0,0.0,0.0
0.2636468,0.08138099,0.42826903,0.03895714,-996.0,24543.0,0.0,1,22.5,-54.0,826474.06,0.5662409,12.061121,0.0909,-67,0,1.056462,44.0,-81.0,0.2,-136.5,0.0,-8176.0,41713.11,308.0,9540.0,0.0,0.42857143,-1097.0,0.95148313,-463.02863,62.0,20661.852,7565.895,774.7538,8.525,0.0,431962.28,0.0,699819.3,13377.071,0.2,-29.0,0.018029,15.13074,0.9318182,0.0,1,-464.0,13612.5,0.0051243273,10.8,0.0,3,0.8479487,0,0.1025479,0.0,0.0,0,0.0,0.2,0.4,0.6,0.9777348,0.4571111,0.4,0.0,14,0.2,0.0,0.0,0.0,1,0.4,0.0,0.2,0.0,0.014199425,0.06633385,0.0,0.0,0.4
0.53527623,0.5678835,0.5021294,0.042496424,-2823.0,42790.5,0.029411765,0,14.4,-416.93738,1375363.1,0.5662409,12.061121,0.21131112,123,1,1.0,38.0,-25.0,0.0,-1435.6666,52843.5,-341.0,0.0,1011.9233,32112.0,0.0,0.20110834,-1318.0,1.0411681,0.0,26.0,40451.855,10470.96,5078.0,9.1470585,2529.067,1097724.4,0.0,2142630.0,22015.215,0.25,-132.19705,0.030755,15.13074,0.92105263,1.0,0,-728.6427,307208.47,0.013994013,14.875,0.0,2,0.8679975,1,0.1025479,0.0,0.0,0,12823.701,0.0,0.5,0.25,0.9777348,0.4571111,0.125,0.0,14,0.125,0.33333334,0.33333334,0.125,0,0.25,0.0,0.5,0.125,0.014199425,0.06633385,0.0,0.125,0.0
0.19406782,0.5114421,0.5021294,0.042260483,-1221.0,24232.5,0.18181819,1,24.0,-275.0,791204.8,0.4117647,12.061121,0.13807692,4,0,0.98089635,11.0,-20.0,0.0,-1493.6,14531.535,-2311.0,32355.9,263.0,11083.136,0.0,0.30606478,-528.0,0.9220106,-1371.5748,29.0,11987.951,4.5,270.0,5.3030305,14531.535,341004.0,0.0,263226.6,15971.018,0.2,-13.0,0.006008,55.058823,1.0,0.6,1,-728.6427,426888.0,0.012164691,13.0,18826.064,2,0.8679975,1,0.1025479,0.0,0.0,0,0.0,0.2,0.8,0.2,0.9777348,0.41357765,0.0,0.0,15,0.2,0.0,0.2,0.0,0,0.0,0.0,0.6,0.2,0.0,0.06633385,0.0,0.0,0.0
0.14199154,0.17357393,0.5021294,0.049556963,-1525.0,7047.0,1.8421053,1,21.333334,-1274.0,970701.5,0.5662409,12.061121,0.044742856,-49,0,1.6675372,54.0,-64.0,0.25,-1274.0,5242.4604,-952.0,209209.5,908.0,22500.0,0.0,1.107595,-5.0,1.2503825,-20981.795,96.0,51089.555,3.735,774.7538,36.0,2529.067,431962.28,0.0,144000.0,12919.11,0.5,-12.0,0.019689,15.13074,0.9444444,0.0,0,-1851.0,307208.47,0.116284154,9.5,8597.565,2,1.5263158,0,0.1025479,0.0,0.0,0,0.0,0.0,0.25,0.5,0.9777348,0.071428575,0.0,0.0,13,0.0,0.0,1.0,0.0,1,0.5,0.25,0.25,0.0,0.0952381,0.06633385,0.0,0.0,0.0
0.27933532,0.6557922,0.4229423,0.0324451,-704.0,22738.5,0.086330935,1,15.0,-411.0,1668125.9,0.35227272,12.061121,0.20212,56,0,0.9856115,23.0,-33.0,0.33333334,-760.8,0.0,-1153.0,79029.0,685.0,11083.136,0.0,0.16052395,-2116.0,0.6115151,56.638813,44.0,12000.906,29.16,728.0,4.9568343,0.0,377580.5,0.0,271449.0,14764.32,0.0,-20.0,0.009657,1.4930773,0.9130435,0.4,1,-1149.0,175107.0,0.28089625,10.666667,4500.0,2,0.93808633,1,0.1025479,0.0,0.0,0,1816.95,0.0,0.6666667,0.33333334,0.9777348,0.53788126,0.0,0.0,12,0.0,0.0,0.6,0.0,1,0.6666667,0.0,0.0,0.0,0.020384615,0.06633385,0.0,0.0,0.0
0.6528965,0.7434327,0.24282005,0.04833817,-2937.0,26748.0,0.0,1,12.0,-425.0,56107.035,0.5662409,12.061121,0.19813333,-61,0,1.0,7.0,-432.0,0.0,-787.75,3570.255,-4300.0,70561.125,671.0,5993.37,0.0,0.24396789,-618.0,1.1111643,0.0,64.0,9351.173,5527.305,-150.0,28.5,2529.067,32982.332,0.0,189373.5,5527.305,0.0,-23.0,0.02461,15.13074,0.85714287,0.75,1,-728.6427,307208.47,0.07275849,15.0,0.0,2,0.8679975,0,0.3887,0.0,0.0,0,0.0,0.0,1.0,0.0,0.9856,0.33482525,0.0,0.0,18,1.0,0.0,0.0,0.0,1,1.0,0.0,0.0,0.0,0.014705882,0.7899,0.0,0.0,0.0
0.38762534,0.5908846,0.4239523,0.052231014,-1264.0,14854.5,0.17021276,0,8.0,-54.0,1945208.4,1.0416666,12.061121,0.094314285,51,0,0.9893617,27.0,-27.0,0.16666667,-546.2,0.0,-4163.0,63519.77,-137.0,3.69,0.0,0.5537975,-439.0,0.8249816,8.933936,32.0,20693.705,2.7,-181.0,7.606383,0.0,215204.33,0.0,150766.27,14126.94,0.33333334,-32.5,0.04622,63.89674,0.8888889,0.6,1,-1105.0,6384.5,0.16374482,17.0,837.09,1,1.0,0,0.0795,0.0,0.0,0,0.0,0.0,0.6666667,0.16666667,0.9811,0.4571111,0.0,0.0,15,0.16666667,0.0,0.2,0.16666667,1,0.16666667,0.33333334,0.16666667,0.0,0.014199425,0.06633385,0.0,0.0,0.33333334
0.05647518,0.03437035,0.5021294,0.067645654,-394.0,12748.5,0.0,0,6.0,-161.0,51728.31,0.5662409,12.061121,0.14165,66,0,1.0,9.0,-94.0,0.33333334,-161.0,11016.72,-3011.0,48784.5,86.0,4221.0,0.0,0.47755492,-13.0,0.9872359,0.0,26.0,7389.759,2426.445,774.7538,14.714286,11016.72,431962.28,0.0,89401.5,3291.75,0.16666667,-19.0,0.008068,0.0,0.7777778,0.0,1,-242.0,307208.47,0.0018231971,10.666667,0.0,3,0.94983715,0,0.1025479,0.16666667,0.0,0,0.0,0.16666667,0.33333334,0.5,0.9777348,0.4571111,0.0,0.0,8,0.16666667,0.0,0.0,0.16666667,1,0.5,0.0,0.16666667,0.0,0.014199425,0.06633385,0.0,0.0,0.0
0.41184855,0.5247903,0.27864894,0.05,-829.0,6750.0,0.0,1,11.0,-7.0,210048.3,0.5662409,12.061121,0.083333336,-106,0,1.0,16.0,-13.0,0.0,-202.0,0.0,-5104.0,22995.0,177.0,0.0,0.0,0.6,-499.0,0.92860997,0.0,19.0,15003.45,9096.12,774.7538,9.5,0.0,431962.28,0.0,180495.0,9703.418,0.0,-26.0,0.018209,15.13074,0.9375,0.0,0,-728.6427,76050.0,0.0001796015,9.25,0.0,3,0.8679975,0,0.1025479,0.0,0.0,1,0.0,0.0,1.0,0.0,0.9777348,0.4571111,0.25,0.0,15,0.25,0.0,0.0,0.5,1,0.25,0.0,0.0,0.0,0.014199425,0.06633385,0.0,0.0,0.0
0.69409263,0.6789404,0.5021294,0.05,-122.0,13500.0,0.0,0,10.0,-416.93738,135697.31,0.5662409,19.0,0.12,-24,0,1.0,8.0,-19.0,0.0,-2011.3334,5242.4604,-11549.0,0.0,1011.9233,0.0,0.0,0.41666666,0.0,0.9332594,0.0,8.0,16962.164,16962.164,498.0,5.375,2529.067,363664.34,0.0,417745.5,16962.164,0.0,-132.19705,0.008474,15.13074,1.0,1.0,0,-728.6427,307208.47,0.07275849,17.0,0.0,2,0.8679975,1,0.1025479,0.0,0.0,1,12823.701,0.0,0.0,0.0,0.9777348,0.4571111,1.0,0.0,11,0.0,0.0,0.0,0.0,1,0.0,0.0,0.0,0.0,0.014199425,0.06633385,0.0,0.0,0.0
0.1918216,0.5718286,0.63935465,0.09967167,-2384.1423,5737.5,0.3478261,1,11.142858,-416.93738,1614023.0,0.71428573,20.0,0.0796875,32,0,1.1003864,62.0,-5.0,0.2631579,-1470.1666,0.0,-2759.0,0.0,1011.9233,4500.0,0.0,1.2507818,-1816.0,0.9648015,-5737.2847,27.0,23391.639,210.015,-189.0,6.2753625,2529.067,150876.56,0.0,82692.24,15012.129,0.21052632,-132.19705,0.01885,0.5714286,0.9032258,1.0,1,-393.0,307208.47,0.0204819,12.421053,8481.375,2,0.9736541,0,0.1025479,0.0,1.0,0,12823.701,0.0,0.8947368,0.10526316,0.9777348,0.4571111,0.10526316,0.0,9,0.0,0.0,0.0,0.10526316,0,0.15789473,0.15789473,0.21052632,0.0,0.014199425,0.06633385,0.0,0.10526316,0.10526316
0.5108563,0.25980765,0.5021294,0.048524354,-2384.1423,15241.5,0.0,1,10.0,-416.93738,146739.64,0.5662409,12.061121,0.13548,-70,0,1.0,9.0,-691.0,0.0,-1627.0,5242.4604,-11089.0,0.0,1011.9233,13572.0,0.0,0.3581662,-1.0,1.0212305,0.0,31.0,18342.455,14765.04,-1323.0,6.125,2529.067,431962.28,0.0,96948.09,14765.04,0.0,-132.19705,0.025164,15.13074,0.8888889,1.0,0,-728.6427,307208.47,0.07275849,12.0,0.0,2,0.8679975,1,0.12,0.0,0.0,0,12823.701,0.0,0.0,0.0,0.9846,0.0,1.0,0.0,13,1.0,0.0,0.0,0.0,0,0.0,0.0,0.0,0.0,0.0,0.0367,0.0,0.0,0.0
0.5108563,0.59438473,0.5021294,0.10821818,-4936.0,26784.0,0.0,0,9.5,-416.93738,260241.53,0.5662409,8.0,0.23808,-75,0,1.0,30.0,-56.0,0.16666667,-2877.0,5242.4604,-2114.0,160390.22,1011.9233,4500.0,0.0,0.45454547,-2380.0,0.97589225,0.0,24.0,9638.575,3750.21,-2395.0,13.333333,2529.067,431962.28,0.0,157500.0,11377.541,0.33333334,-132.19705,0.015221,15.13074,0.93333334,1.0,1,-173.0,307208.47,0.002643927,11.166667,0.0,2,1.0,1,0.1025479,0.0,0.0,0,12823.701,0.0,0.16666667,0.33333334,0.9777348,0.17021276,0.16666667,0.0,13,0.16666667,0.0,1.0,0.33333334,1,0.16666667,0.16666667,0.0,0.0,0.0,0.06633385,0.0,0.0,0.16666667
0.7151031,0.6692269,0.27161,0.04893,-5221.0,22018.5,0.0,0,6.0,-455.0,67098.24,0.5662409,12.061121,0.19572,-5,0,1.5399694,6.0,-455.0,0.0,-455.0,5242.4604,-1982.0,160390.22,1371.0,0.0,0.0,0.25,-572.0,0.94984454,-2700.0,10.0,13419.648,8361.045,774.7538,6.6,2529.067,431962.28,0.0,675000.0,9354.735,1.0,-21.0,0.00733,15.13074,0.8333333,0.0,1,-728.6427,307208.47,0.07275849,12.0,0.0,2,0.8679975,1,0.0518,0.0,0.0,0,12823.701,0.0,1.0,0.0,0.9781,0.4571111,0.0,0.0,15,1.0,0.0,0.0,0.0,1,0.0,1.0,0.0,0.0,0.014199425,0.127,0.0,0.0,0.0
0.58674,0.5798561,0.5021294,0.029356,-3990.0,33025.5,0.0,1,29.0,-291.0,2712808.0,0.0,12.061121,0.14678,88,1,1.0,67.0,-19.0,0.5,-1349.8334,0.0,-10753.0,81256.79,261.0,2349.0,0.0,0.2,-1914.0,0.7992765,0.0,28.0,26859.484,67.5,2378.0,8.564357,0.0,515495.62,0.0,324422.25,18034.83,0.16666667,-182.57143,0.006008,1.5777777,0.92537314,0.6111111,1,-438.0,252430.95,0.07966381,13.25,0.0,2,0.68838286,1,0.3931,0.0,0.0,0,112500.0,0.083333336,0.6666667,0.16666667,0.9851,0.4571111,0.083333336,0.0,11,0.083333336,0.0,0.5,0.16666667,0,0.6666667,0.0,0.083333336,0.083333336,0.014199425,0.057,0.0,0.083333336,0.083333336
0.2213352,0.31769267,0.5021294,0.032402985,-1150.0,29308.5,0.0,0,18.0,-98.0,136188.0,0.5662409,8.0,0.09304286,-80,1,1.0,15.0,-17.0,0.5,-98.0,5242.4604,-1145.0,0.0,888.0,0.0,0.0,0.3482587,-466.0,0.9065491,0.0,15.0,9079.2,9079.2,774.7538,6.4,2529.067,431962.28,0.0,337500.0,9079.2,0.0,-12.0,0.006008,15.13074,1.0,0.0,1,-350.0,307208.47,0.0037472781,12.5,0.0,2,0.94983464,1,0.1025479,0.5,0.0,0,0.0,0.0,1.0,0.0,0.9777348,0.4571111,0.5,0.0,17,0.5,0.0,1.0,0.5,0,0.0,0.0,0.5,0.0,0.014199425,0.06633385,0.0,0.0,0.0
0.2020866,0.7773873,0.5021294,0.03934275,-2384.1423,23769.0,0.0,1,12.0,-220.0,203844.6,0.5662409,14.0,0.11737778,-3,0,1.0,10.0,-31.0,0.0,-392.33334,5242.4604,-255.0,1218283.5,326.0,0.0,0.0,0.33518055,0.0,0.92097837,0.0,14.0,20384.46,20384.46,774.7538,11.2,2529.067,431962.28,0.0,1405075.5,20384.46,0.0,-12.0,0.010006,15.13074,1.0,0.0,0,-728.6427,52376.332,0.07275849,12.0,0.0,2,0.8679975,1,0.5017,0.0,0.0,0,0.0,0.0,1.0,0.0,0.999,0.4571111,1.0,0.0,9,1.0,0.0,0.33333334,0.0,0,0.0,0.0,0.0,0.0,0.014199425,0.1416,0.0,0.0,0.0
0.22383131,0.06806093,0.038388256,0.048611112,-1995.0,7465.5,0.3030303,1,28.0,-29.0,165264.7,0.5662409,12.061121,0.08295,89,0,0.93939394,33.0,-6.0,0.27272728,-750.7778,0.0,-1743.0,42714.0,9.0,0.0,0.0,0.58602905,-2253.0,0.8747007,317.94,32.0,5008.0215,31.41,-50.0,3.1818182,0.0,1911956.2,0.0,72099.5,5925.06,0.18181819,-60.8,0.008019,15.13074,0.93939394,0.44444445,1,-143.0,23123.7,0.0076796906,11.090909,5214.6,2,0.79113925,1,0.0757,0.0,0.0,0,0.0,0.09090909,0.54545456,0.45454547,0.9811,0.4571111,0.09090909,0.0,12,0.09090909,0.0,0.44444445,0.45454547,1,0.18181819,0.0,0.0,0.0,0.014199425,0.0331,0.0,0.09090909,0.0
0.5108563,0.2504622,0.17392412,0.07944615,-883.0,23238.0,0.5555556,0,10.0,-416.93738,58376.387,0.5662409,12.061121,0.2582,103,0,0.8888889,9.0,-47.0,0.33333334,-1083.0499,5242.4604,-8063.0,160390.22,1011.9233,3775.5,0.0,0.30769232,0.0,0.8733352,755.445,30.0,6486.265,3.51,774.7538,12.222222,2529.067,431962.28,0.0042077564,378081.47,5675.8726,0.6666667,-132.19705,0.028663,15.13074,0.8888889,0.58311266,1,-893.0,307208.47,0.0014119402,10.666667,6795.495,2,0.84184647,0,0.1025479,0.0,0.0,0,12823.701,0.0,0.33333334,0.0,0.9777348,0.4571111,0.0,49.54514,11,0.6666667,0.014233142,0.23965093,0.0,1,0.33333334,1.0,0.6666667,0.0,0.014199425,0.06633385,0.0,0.0,0.0
0.6058363,0.63764405,0.5021294,0.039824508,-1963.0,30676.5,0.33333334,0,10.0,-416.93738,87537.42,0.5662409,8.0,0.20657575,80,0,0.8888889,9.0,-425.0,0.5,-2568.3333,141511.5,-748.0,160390.22,1011.9233,6561.0,0.0,0.19278404,-1390.0,0.95302016,983.465,42.0,9726.38,744.075,-650.0,11.333333,2529.067,26133.334,0.0,931723.5,8851.185,0.0,-132.19705,0.025164,15.13074,0.8888889,1.0,0,-531.0,307208.47,0.0044142157,12.0,8107.11,2,1.0,1,0.0584,0.0,0.0,0,12823.701,0.5,1.0,0.0,0.9801,0.4571111,0.0,0.0,13,0.5,0.0,0.0,0.0,0,0.5,0.0,0.0,0.0,0.014199425,0.0506,0.0,0.0,1.0
0.6769925,0.6725776,0.6169829,0.06764884,-1083.0,40086.0,9.318182,1,17.0,-416.93738,187790.08,0.5662409,12.061121,0.38730434,-54,0,0.90909094,27.0,-24.0,0.0,-2066.75,5242.4604,-562.0,0.0,1011.9233,31788.0,0.5555556,0.17466585,-328.0,1.0121547,854.42523,30.0,8535.913,20.385,-1708.0,8.863636,2529.067,74.25,0.0,89105.625,9388.485,0.33333334,-132.19705,0.035792,15.13074,0.962963,1.0,1,-728.6427,307208.47,0.00040426364,15.0,13873.95,2,0.8679975,1,0.1025479,0.33333334,0.0,0,12823.701,0.0,0.33333334,0.0,0.9777348,0.4571111,0.0,0.0,15,0.33333334,0.0,0.0,0.0,1,0.0,0.0,0.0,0.0,0.014199425,0.06633385,0.0,0.0,0.0
0.5108563,0.57554555,0.5021294,0.033048544,-2348.0,15318.0,2.340909,1,8.4,-416.93738,218518.47,0.5662409,12.061121,0.13616,-92,0,0.8863636,45.0,-333.0,0.0,-1083.0499,5242.4604,-1679.0,160390.22,1011.9233,22500.0,0.17777778,0.24271844,-1860.0,1.1346592,438.93817,95.0,4966.329,4.14,774.7538,16.045454,2529.067,431962.28,0.0042077564,378081.47,5362.515,0.4,-132.19705,0.015221,15.13074,0.9111111,0.58311266,1,-728.6427,307208.47,0.12365196,14.2,4131.135,2,0.8679975,1,0.1025479,0.0,0.0,0,12823.701,0.0,0.2,0.2,0.9777348,0.4571111,0.0,49.54514,10,0.2,0.014233142,0.23965093,0.2,1,0.6,0.4,0.2,0.0,0.014199425,0.06633385,0.0,0.0,0.0
0.5108563,0.67356884,0.5021294,0.060647022,-2182.0,35937.0,0.0,1,16.0,-416.93738,798875.94,0.5555556,12.061121,0.3993,63,0,1.0,50.0,-18.0,0.1,-1120.0,5242.4604,-2438.0,0.0,1011.9233,0.0,0.0,0.15188335,-1935.0,0.7481407,0.0,39.0,6391.0073,45.0,-253.0,7.136,2529.067,37538.0,0.0,184602.23,11898.57,0.2,-132.19705,0.006207,3.3476703,0.94,1.0,1,-215.0,307208.47,0.11248342,13.3,0.0,2,0.8833922,1,0.0175,0.0,0.0,0,12823.701,0.1,0.5,0.2,0.9742,0.30555555,0.1,0.0,12,0.1,0.0,0.0,0.0,1,0.3,0.0,0.1,0.1,0.0,0.0496,0.0,0.1,0.2
0.6446794,0.37868345,0.24082986,0.04662,-3635.0,20979.0,4.064516,1,9.0,-74.0,316830.9,0.13043478,12.061121,0.259,2,0,0.983871,15.0,-32.0,0.2,-1828.8182,1570.185,-4159.0,8563.5,297.0,11250.0,0.0,0.18,-52.0,0.8121951,108.870964,20.0,5110.1763,0.72,-305.0,4.725806,2529.067,314934.22,0.0,95018.53,6948.2026,0.2,-15.0,0.026392,0.42705315,0.93333334,0.90909094,1,-1326.0,307208.47,0.20656678,14.6,4500.0,2,1.0,1,0.0844,0.0,0.0,0,0.0,0.0,0.6,0.4,0.9861,0.4571111,0.2,0.0,14,0.2,0.0,0.18181819,0.0,1,0.0,0.4,0.0,0.0,0.014199425,0.0924,0.0,0.0,0.2
0.40140742,0.53647226,0.5972977,0.052353922,-1951.0,14112.0,0.0,0,6.0,-309.0,29906.82,0.5662409,12.0,0.0784,122,0,1.0,7.0,-263.0,0.5,-875.4,0.0,-1266.0,161651.83,55.0,13500.0,0.0,0.6677796,-444.0,1.2026707,0.0,7.0,4984.47,4984.245,-97.0,4.8333335,0.0,545707.0,0.0,288740.4,4984.515,0.0,-85.0,0.018209,15.13074,0.85714287,0.6,1,-310.0,206082.0,0.1778036,16.0,0.0,3,0.9045066,1,0.0404,0.0,0.0,0,0.0,0.0,1.0,0.0,0.9707,0.4571111,0.5,0.0,10,0.5,0.0,0.0,0.0,0,0.5,0.0,0.0,0.0,0.014199425,0.0424,0.0,0.0,0.0
0.70769936,0.7307513,0.5021294,0.07899666,-4103.0,21825.0,0.0,1,12.0,-702.0,211709.44,0.5662409,12.061121,0.2425,6,0,1.0,7.0,-44.0,0.0,-702.0,5242.4604,-2025.0,0.0,614.0,21577.5,0.0,0.32575944,-229.0,1.1111214,0.0,30.0,30244.205,19907.28,774.7538,17.857143,2529.067,431962.28,0.0,225000.0,19907.28,0.0,-69.0,0.04622,15.13074,1.0,0.0,0,-728.6427,307208.47,0.07275849,13.0,0.0,1,0.8679975,1,0.1025479,0.0,0.0,0,0.0,0.0,0.0,1.0,0.9777348,0.4571111,0.0,0.0,12,1.0,0.0,1.0,0.0,0,1.0,0.0,0.0,0.0,0.014199425,0.06633385,0.0,0.0,1.0
0.7490217,0.5126168,0.6097803,0.07273233,-123.0,5881.5,0.0,1,6.0,-311.0,19351.89,0.5662409,12.061121,0.043566667,-4,0,1.0,4.0,-87.0,0.0,-1115.2,0.0,-10994.0,64368.844,54.0,0.0,0.0,1.6694491,-171.0,0.9438287,0.0,30.0,6450.63,3323.25,27455.0,22.666666,0.0,922315.1,0.0,339920.1,3323.25,0.0,-125.0,0.030755,15.13074,0.75,0.7,1,-728.6427,377365.34,0.07275849,15.0,0.0,2,0.8679975,0,0.1025479,0.0,0.0,0,60000.0,0.0,1.0,0.0,0.9777348,0.24138628,0.0,0.0,13,1.0,0.0,0.3,0.0,1,1.0,0.0,0.0,0.0,0.0,0.06633385,0.0,0.0,1.0
0.5108563,0.71733093,0.5021294,0.09379,-2384.1423,42205.5,1.5531915,1,5.2,-416.93738,393450.75,0.22222222,12.061121,0.15631667,15,1,0.9361702,29.0,-22.0,0.0,-1083.0499,5242.4604,-2779.0,160390.22,1011.9233,9000.0,0.0,0.6,-260.0,1.015684,673.4068,19.0,8371.293,39.6,774.7538,3.8085105,2529.067,431962.28,0.0042077564,378081.47,9606.717,0.125,-132.19705,0.026392,40.0,0.9310345,0.58311266,1,-728.6427,307208.47,0.0059162653,14.5,11049.75,2,0.8679975,0,0.1378,0.0,0.0,0,12823.701,0.0,0.5,0.375,0.995,0.4571111,0.125,49.54514,16,0.125,0.014233142,0.23965093,0.0,0,0.125,0.0,0.375,0.0,0.014199425,0.06633385,0.0,0.0,0.0
0.20559815,0.6298123,0.45141333,0.03226,-5501.0,21775.5,0.0,0,0.0,-97.0,7629.795,0.5662409,12.061121,0.120975,116,0,1.0,3.0,-2896.0,0.0,-1765.3636,3259.278,-8117.0,39168.566,-845.0,11083.136,0.0,0.26666668,-2806.0,0.0,0.0,28.0,3814.8975,2695.95,97.0,18.0,5432.13,249639.81,0.0,172845.53,3375.0,0.0,-350.0,0.030755,0.0,0.6666667,0.6363636,1,-728.6427,471098.0,0.07275849,19.0,0.0,2,0.8679975,1,0.0574,0.0,0.0,0,35573.332,0.0,1.0,0.0,0.9776,0.4571111,0.0,0.0,13,0.0,0.0,0.18181819,0.0,0,0.0,1.0,0.0,0.0,0.014199425,0.06633385,0.0,0.0,1.0
0.5620605,0.63371927,0.7631626,0.029339854,-7150.0,37800.0,0.2125,0,12.0,-191.0,691854.75,0.025974026,12.061121,0.21,13,1,1.0,33.0,-191.0,0.14285715,-1206.5,4068.0,-40.0,96753.94,246.0,2583.0,0.0,0.13971359,-2728.0,0.8406498,0.0,30.0,8648.185,1.8,225.0,3.225,2529.067,824306.0,0.0,345412.7,7033.9126,0.42857143,-29.0,0.008474,0.025632262,0.8787879,0.625,1,-150.0,193570.33,0.14847612,16.428572,0.0,2,1.0,1,0.1025479,0.2857143,0.0,0,0.0,0.0,0.14285715,0.5714286,0.9777348,0.4571111,0.14285715,0.0,19,0.0,0.0,0.25,0.14285715,1,0.0,0.0,0.14285715,0.0,0.014199425,0.06633385,0.030303031,0.2857143,0.2857143
0.25670558,0.20316859,0.5021294,0.06764503,-1541.0,35262.0,0.1,1,10.0,-234.0,98685.85,0.5662409,12.061121,0.27985713,57,0,1.0,11.0,-1036.0,0.0,-234.0,5242.4604,-5685.0,19957.5,81.0,6750.0,0.0,0.2417127,-5.0,1.0107222,0.0,23.0,9868.586,9800.1,774.7538,13.3,2529.067,431962.28,0.0,61051.5,9876.195,1.0,-7.0,0.00733,15.13074,0.90909094,0.0,0,-728.6427,307208.47,0.07275849,13.0,0.0,2,0.8679975,0,0.1025479,0.0,0.0,0,0.0,0.0,1.0,0.0,0.9777348,1.0,0.0,0.0,17,1.0,0.0,0.0,0.0,1,0.0,1.0,0.0,0.0,0.0,0.06633385,0.0,0.0,1.0
0.5316861,0.12396901,0.5021294,0.04893,-100.0,22018.5,0.6737968,1,26.0,-200.0,3276496.2,0.30107528,12.061121,0.09786,-42,1,0.95187163,87.0,-200.0,0.125,-1373.3334,4162.284,-3920.0,521358.0,1330.0,25024.5,0.0,0.5,-322.0,0.9625114,564.7303,41.0,17521.371,447.57,415.0,8.363636,10405.71,962638.56,0.0,544060.0,17140.725,0.125,-9.333333,0.0228,1.1257597,0.9310345,0.6666667,1,-203.0,147672.33,0.05004219,13.125,18285.164,2,0.8679975,1,0.1025479,0.125,1.0,0,2552.8726,0.0,0.5,0.375,0.9777348,0.4571111,0.25,0.0,8,0.0,0.0,0.22222222,0.0,1,0.25,0.0,0.25,0.0,0.014199425,0.06633385,0.0,0.125,0.125
0.7295667,0.6055213,0.5021294,0.05,-1497.0,9000.0,0.0,0,6.0,-416.93738,106450.875,0.5662409,12.061121,0.06896552,-41,0,1.0,7.0,-225.0,0.0,-1120.6666,0.0,-9276.0,0.0,1011.9233,0.0,0.0,0.725,-394.0,0.94983876,0.0,14.0,17741.812,17737.65,116.0,12.0,2529.067,705400.3,0.0,66975.23,17742.645,0.0,-132.19705,0.031329,15.13074,0.85714287,1.0,0,-728.6427,307208.47,0.07275849,17.0,0.0,2,0.8679975,1,0.1025479,1.0,0.0,1,12823.701,0.0,1.0,0.0,0.9777348,0.4571111,0.0,0.0,15,1.0,0.0,0.33333334,1.0,1,0.0,0.0,0.0,0.0,0.014199425,0.06633385,0.0,0.0,0.0
0.60238636,0.72151536,0.5021294,0.066746466,-4522.0,61731.0,0.0,1,6.0,-416.93738,125833.5,0.5662409,31.0,0.45726666,-10,0,1.0,5.0,-32.0,0.0,-1030.6666,0.0,-8756.0,0.0,1011.9233,14940.0,0.0,0.14596835,-175.0,1.0553755,0.0,11.0,25166.7,25166.7,-49.0,8.4,2529.067,1164354.4,0.0,83657.7,25166.7,0.0,-132.19705,0.035792,15.13074,1.0,1.0,0,-728.6427,307208.47,0.07275849,12.0,0.0,2,0.8679975,1,0.0266,0.0,0.0,0,12823.701,0.0,0.0,0.0,0.9841,0.4571111,1.0,0.0,10,1.0,0.0,0.0,0.0,1,0.0,0.0,1.0,0.0,0.014199425,0.0119,0.0,0.0,0.0
0.63637614,0.7673932,0.5021294,0.04083308,-3979.0,50139.0,0.0,1,12.0,-541.0,821329.2,0.5662409,7.0,0.27855,-119,1,1.0,18.0,-250.0,0.0,-972.8571,0.0,-153.0,28514.188,464.0,11083.136,0.0,0.14659156,-3135.0,0.9619084,0.0,19.0,68444.1,22579.38,845.0,9.833333,0.0,187884.5,0.0,1172700.0,63893.926,0.0,-16.6,0.04622,15.13074,0.8888889,0.2857143,1,-728.6427,114486.3,0.07275849,14.0,0.0,1,0.8679975,1,0.3835,0.0,0.0,0,133107.27,0.0,0.0,1.0,0.996,0.4571111,0.0,0.0,15,0.0,0.0,0.5714286,1.0,0,1.0,0.0,0.0,0.0,0.014199425,0.0278,0.0,0.0,0.0
0.5108563,0.7433242,0.86045635,0.03482552,-2384.1423,68472.0,1.0654914,1,13.592881,-416.93738,678578.9,0.5662409,12.061121,0.1902,-82,0,1.3829919,95.0,-327.7884,0.1108971,-1083.0499,5242.4604,-8993.0,160390.22,1011.9233,11083.136,0.0,0.18309946,0.0,0.96875226,-363.87296,37.84903,18754.361,5198.1606,774.7538,12.26564,2529.067,431962.28,0.0042077564,378081.47,13925.762,0.23777755,-132.19705,0.04622,15.13074,1.0,0.58311266,0,-728.6427,307208.47,0.07275849,12.661583,6724.2266,1,0.8679975,1,0.2458,0.068525076,0.0,0,12823.701,0.080552734,0.47940668,0.2845134,0.9876,0.4571111,0.21002875,49.54514,15,0.35041127,0.014233142,0.23965093,0.14514303,0,0.25491133,0.2090302,0.14553413,0.027647203,0.014199425,0.1454,0.0,0.053136926,0.14762497
0.69409263,0.6030794,0.27447695,0.026680851,-224.0,11286.0,1.0654914,1,13.592881,-416.93738,678578.9,0.5662409,12.061121,0.10032,-65,1,1.3829919,29.516104,-327.7884,0.1108971,-1077.0,23.985,-2353.0,0.0,1011.9233,11083.136,0.21486607,0.26595744,-2.0,0.96875226,-363.87296,37.84903,18754.361,5198.1606,-625.0,12.26564,2529.067,15138.0,0.0,54652.363,13925.762,0.23777755,-132.19705,0.026392,15.13074,0.90468615,1.0,1,-728.6427,307208.47,0.07275849,12.661583,6724.2266,2,0.8679975,0,0.1025479,0.068525076,1.0,0,12823.701,0.080552734,0.47940668,0.2845134,0.9777348,0.4571111,0.21002875,0.0,18,0.35041127,0.0,0.0,0.14514303,1,0.25491133,0.2090302,0.14553413,0.027647203,0.014199425,0.06633385,0.010587371,0.053136926,0.14762497
0.6577838,0.67164755,0.37979612,0.026601478,-2980.0,15547.5,2.5955057,1,19.5,-416.93738,521061.0,0.04494382,12.061121,0.07677778,-39,0,0.98876405,37.0,-22.0,0.0,-1186.0,5242.4604,-8240.0,0.0,1011.9233,6750.0,0.0,0.34647366,-2723.0,0.7559399,12.720337,29.0,5854.6177,28.935,-668.0,7.033708,2529.067,312050.0,0.0,53766.0,12190.871,0.2,-132.19705,0.035792,0.11465781,0.9459459,1.0,0,-728.6427,307208.47,0.2630638,17.0,770.535,2,0.8679975,1,0.1025479,0.0,0.0,0,12823.701,0.0,0.4,0.4,0.9777348,0.4571111,0.4,0.0,18,0.0,0.0,0.0,0.0,0,0.0,0.2,0.0,0.0,0.014199425,0.06633385,0.0,0.2,0.0
0.46686402,0.4459441,0.6200322,0.09953622,-2384.1423,20281.5,0.83928573,0,13.5,-872.0,520126.6,0.5662409,10.0,0.18028,103,0,0.85714287,53.0,-83.0,0.2,-953.6667,0.0,-12208.0,7713.0,195.0,9000.0,0.0,0.55212015,-2201.0,1.0706911,1797.5347,37.0,9287.975,8.595,-19.0,10.321428,2529.067,280638.7,0.0,102195.0,9508.95,0.0,-5.0,0.019101,15.13074,0.9245283,0.8888889,0,-2201.0,307208.47,0.004193789,12.6,16219.08,2,1.1161616,1,0.1025479,0.0,0.0,0,0.0,0.0,0.6,0.0,0.9777348,0.71016186,0.2,0.0,9,0.0,0.0,0.0,0.0,0,0.8,0.0,0.2,0.0,0.026436782,0.06633385,0.018867925,0.0,0.0
0.5108563,0.12228331,0.5021294,0.03304891,-585.0,20758.5,0.0,1,8.0,-416.93738,92736.81,0.5662409,12.061121,0.30753332,-74,0,1.0,19.0,-1541.0,0.0,-1083.0499,5242.4604,-389.0,160390.22,1011.9233,9000.0,0.0,0.107464485,-34.0,1.1211108,0.0,17.0,5455.1064,4648.77,774.7538,12.3529415,2529.067,431962.28,0.0042077564,378081.47,5440.665,0.6666667,-132.19705,0.0105,15.13074,0.8947368,0.58311266,1,-728.6427,307208.47,0.022934875,13.333333,0.0,3,0.8679975,1,0.1025479,0.0,0.0,0,12823.701,0.0,0.33333334,0.33333334,0.9777348,0.4571111,0.0,49.54514,15,0.33333334,0.014233142,0.23965093,0.33333334,1,0.33333334,0.6666667,0.0,0.0,0.014199425,0.06633385,0.05263158,0.0,0.6666667
0.2091547,0.49267676,0.50800854,0.0933222,-746.0,7546.5,0.14285715,1,12.0,-180.0,54425.34,0.5662409,12.061121,0.13975,-78,0,1.0,8.0,-253.0,0.0,-456.5,1901.88,-9786.0,44988.0,185.0,2250.0,0.0,0.6677796,-463.0,0.8332191,0.0,13.0,7775.0483,4920.3,-608.0,6.428571,1286.61,431962.28,0.0,67039.625,4920.3,0.5,-26.0,0.00733,15.13074,0.875,0.25,1,-728.6427,40950.332,0.07275849,11.0,0.0,2,0.8679975,0,0.1025479,0.0,0.0,0,1801.53,0.0,1.0,0.0,0.9777348,0.44719973,0.0,0.0,11,0.5,0.0,0.5,0.0,1,0.0,0.5,0.5,0.0,0.1849865,0.06633385,0.0,0.0,0.0
0.5108563,0.55094,0.41271642,0.077849686,-1940.0,24574.5,0.0,1,11.5,-995.0,209488.23,0.5662409,12.061121,0.21844,-45,1,1.0877821,32.0,-101.0,0.0,-843.0,5242.4604,-4543.0,105585.75,831.0,7020.0,0.0,0.35638934,-196.0,1.0321056,-561.93427,63.0,7481.7227,2701.935,-58.0,28.285715,2529.067,119922.336,0.0,213024.19,4589.8535,0.25,-19.0,0.009175,15.13074,0.84375,0.75,1,-728.6427,307208.47,0.0028042297,16.25,0.0,2,0.8679975,0,0.0563,0.0,0.0,0,0.0,0.0,0.5,0.25,0.9781,0.4571111,0.25,0.0,18,0.25,0.0,0.0,0.25,0,0.5,0.75,0.0,0.0,0.014199425,0.0554,0.03125,0.0,0.25
0.32965505,0.47479355,0.5021294,0.060678523,-300.0,31630.5,3.7272727,0,4.5,-54.0,169998.94,0.5662409,11.0,0.18997297,41,0,0.8181818,12.0,-157.0,0.0,-54.0,0.0,-3415.0,749839.5,1772.0,13500.0,0.25,0.3194061,0.0,1.0208048,4261.4346,31.0,15454.448,11.385,774.7538,7.181818,0.0,431962.28,0.0,751500.0,16614.314,0.5,-14.0,0.005084,15.13074,0.8333333,0.0,1,-728.6427,307208.47,0.004325266,14.5,23426.506,2,0.8679975,0,0.1025479,0.0,0.0,0,0.0,0.0,0.5,0.5,0.9777348,1.0,0.0,0.0,13,0.5,0.0,0.0,0.5,0,0.5,0.5,0.0,0.0,0.0,0.06633385,0.0,0.0,0.0
0.5108563,0.5903559,0.5021294,0.119143434,-1863.0,32773.5,0.0,1,60.0,-416.93738,1161729.6,0.5662409,12.061121,0.36415,89,0,5.0202436,7.0,-8.0,0.0,-1083.0499,5242.4604,-5191.0,160390.22,1011.9233,11083.136,0.0,0.3271823,-218.0,0.7163324,-55288.37,18.0,116172.97,10229.13,774.7538,6.6,2529.067,431962.28,0.0042077564,378081.47,18269.775,0.0,-132.19705,0.035792,15.13074,1.0,0.58311266,1,-728.6427,307208.47,0.07275849,14.0,0.0,2,0.8679975,1,0.0872,0.0,0.0,0,12823.701,0.33333334,0.6666667,0.0,0.9851,0.4571111,0.33333334,49.54514,16,1.0,0.014233142,0.23965093,0.0,0,0.0,0.0,1.0,0.0,0.014199425,0.0689,0.0,0.0,0.0
0.622922,0.7352875,0.5021294,0.0670993,-2063.0,63976.5,0.0,1,7.8,-93.0,1302827.4,0.5662409,0.0,0.355425,-25,1,1.0,43.0,-134.0,0.0,-1449.0,0.0,-245.0,390421.5,82.0,45000.0,0.0,0.1887861,-801.0,1.2218546,0.0,35.0,37223.64,13133.565,-165.0,8.085714,2529.067,437806.25,0.0,1539324.0,29635.451,0.2,-20.5,0.04622,15.13074,0.8604651,0.6666667,0,-728.6427,17484.5,0.035707705,17.4,0.0,1,0.8679975,1,0.1025479,0.0,0.0,0,0.0,0.0,0.2,0.2,0.9777348,0.4571111,0.6,0.0,10,0.2,0.0,0.0,0.0,1,0.2,0.4,0.0,0.0,0.014199425,0.06633385,0.023255814,0.2,0.2
0.7675231,0.6483506,0.5021294,0.036084253,-6262.0,28215.0,0.20689656,1,9.333333,-416.93738,242343.22,0.5662409,64.0,0.13630435,74,1,0.9655172,32.0,-819.0,0.0,-772.5,0.0,-9950.0,0.0,1011.9233,8253.0,0.0,0.26473296,-1486.0,1.0155817,361.39966,22.0,8356.663,22.635,-95.0,13.275862,2529.067,277512.5,0.0,103279.5,7786.845,0.0,-132.19705,0.01885,15.13074,0.90625,1.0,1,-728.6427,307208.47,0.0041914126,16.0,10457.955,2,0.8679975,1,0.1025479,0.0,0.0,0,12823.701,0.0,0.5,0.0,0.9777348,0.4571111,0.0,0.0,16,0.25,0.0,0.0,0.0,1,0.75,0.25,0.25,0.0,0.014199425,0.06633385,0.0,0.0,0.5
0.40661743,0.58176744,0.37055057,0.05129082,-550.0,28341.0,0.05,1,9.0,-445.0,231865.16,0.5662409,12.061121,0.13995555,15,0,1.0,22.0,-38.0,0.2,-647.0,5242.4604,-218.0,211095.0,-10.0,0.0,0.0,0.36647937,-1009.0,0.9301826,0.0,33.0,11593.258,11205.675,-435.0,10.25,2529.067,431962.28,0.0,266030.1,11618.224,0.0,-14.75,0.018801,15.13074,0.90909094,0.2,1,-619.0,33670.668,0.004225109,14.4,0.0,2,1.0,1,0.1025479,0.8,2.0,0,0.0,0.2,0.4,0.0,0.9777348,0.9275,0.0,0.0,13,0.2,0.0,0.6,0.0,1,0.0,0.0,0.0,0.0,0.0,0.06633385,0.045454547,0.0,0.2
0.3556387,0.562741,0.34259474,0.03934651,-1845.0,23008.5,0.0,1,11.5,-487.0,1144807.5,0.5662409,6.0,0.08115873,123,1,1.0,36.0,-66.0,0.0,-777.2727,1141.0714,-4862.0,31238.182,243.0,2700.0,0.0,0.4848093,-608.0,0.9824306,0.0,84.0,36929.277,5254.515,-66.0,23.0,0.0,169486.02,0.0,152367.25,26611.762,0.0,-28.0,0.010032,15.13074,0.8888889,0.90909094,1,-728.6427,307208.47,0.00062799937,8.2,0.0,2,0.8679975,1,0.0557,0.0,0.0,0,0.0,0.0,0.6,0.4,0.9771,0.4571111,0.0,0.0,5,0.2,0.0,0.0,0.2,1,0.8,0.2,0.4,0.0,0.014199425,0.0,0.027777778,0.0,0.0
0.5495965,0.5048126,0.5021294,0.05454,-713.0,24543.0,7.32,0,7.5,-176.0,61935.57,0.5662409,12.061121,0.0909,-22,0,0.6,16.0,-1309.0,0.6,-1058.2,0.0,-4016.0,42009.0,566.0,2920.5,0.125,0.6,-2658.0,0.98200357,1348.38,70.0,2477.4229,0.45,727.0,10.48,0.0,860870.0,0.0,639675.0,5274.225,0.0,-23.5,0.018801,15.13074,0.9375,0.4,0,-481.0,286628.4,0.008361835,12.6,3370.5,2,0.8938148,0,0.1025479,0.6,0.0,0,0.0,0.0,0.4,0.4,0.9777348,0.6982942,0.4,0.0,10,0.2,0.0,0.2,0.4,1,0.0,0.2,0.0,0.0,0.028869644,0.06633385,0.0,0.6,0.0
0.5108563,0.18626928,0.5021294,0.07951724,-2384.1423,10377.0,0.84615386,1,12.0,-416.93738,198170.33,0.5662409,12.061121,0.1153,-85,0,0.9230769,12.0,-70.0,0.0,-1083.0499,5242.4604,-9842.0,160390.22,1011.9233,0.0,0.0,0.6896552,0.0,0.90448266,1270.3673,21.0,15243.871,314.775,774.7538,16.923077,2529.067,431962.28,0.0042077564,378081.47,16514.775,1.0,-132.19705,0.018029,15.13074,1.0,0.58311266,1,-728.6427,307208.47,0.07275849,11.0,16200.0,3,0.8679975,0,0.1564,0.0,0.0,0,12823.701,0.0,1.0,0.0,0.9866,0.4571111,0.0,49.54514,11,1.0,0.014233142,0.23965093,0.0,0,0.0,0.0,0.0,0.0,0.014199425,0.06633385,0.0,0.0,0.0
0.5424451,0.6852421,0.5021294,0.05,-386.0,13500.0,0.0,1,6.0,-255.0,111058.56,0.5662409,12.061121,0.033333335,-37,0,1.0,5.0,-225.0,0.0,-544.5,0.0,-4419.0,85173.75,1074.0,0.0,0.0,1.5,-321.0,0.9498658,0.0,28.0,27764.64,18664.56,-51.0,25.75,0.0,292612.5,0.0,187773.75,18664.56,0.0,-28.5,0.006629,15.13074,0.8,0.5,0,-728.6427,2520.5,0.07275849,6.0,0.0,2,0.8679975,1,0.0064,0.0,0.0,1,11250.0,0.0,0.0,1.0,0.9881,0.4571111,1.0,0.0,5,1.0,0.0,0.5,0.0,0,0.0,0.0,0.0,0.0,0.014199425,0.0572,0.0,0.0,0.0
0.42765737,0.48716298,0.5137183,0.106224105,-1914.0,11074.5,0.0,1,6.0,-143.0,62154.27,0.5662409,12.061121,0.094653845,-36,1,1.0,6.0,-10.0,0.0,-752.4,0.0,-667.0,100140.414,-174.0,0.0,0.0,1.1222376,-255.0,0.92661893,0.0,9.0,10359.045,10358.37,-245.0,7.1666665,0.0,249800.2,0.0,170816.44,10359.18,0.0,-60.6,0.020246,15.13074,1.0,0.5,1,-728.6427,225125.3,0.07275849,13.0,0.0,3,0.8679975,1,0.1025479,0.0,0.0,0,60.066,0.0,0.0,0.0,0.9777348,0.54722404,0.0,0.0,7,0.0,0.0,0.4,0.0,1,1.0,0.0,1.0,0.0,0.0,0.06633385,0.0,0.0,0.0
0.3656165,0.30142596,0.71507657,0.03799,-1380.0,17095.5,0.336,1,12.0,-579.0,975835.44,0.46153846,7.0,0.15829167,31,0,0.976,49.0,-11.0,0.2857143,-1315.1428,0.0,-9324.0,82039.5,-537.0,9495.0,0.0,0.24,-1267.0,0.76415,195.11244,31.0,7806.6836,8.595,-55.0,4.4,0.0,1640456.2,0.0,132838.77,9440.168,0.0,-232.33333,0.015221,0.6248313,0.9183673,0.5714286,1,-94.0,723801.0,0.21087943,10.857142,9000.0,2,1.0,0,0.0031,0.0,0.0,0,79875.0,0.14285715,0.42857143,0.2857143,0.9727,0.4571111,0.14285715,0.0,8,0.14285715,0.0,0.42857143,0.0,0,0.42857143,0.0,0.0,0.0,0.014199425,0.0215,0.020408163,0.14285715,0.2857143
0.15380259,0.6478369,0.5021294,0.04883999,-215.0,31261.5,0.26811594,0,10.0,-189.0,6219754.5,0.64102566,12.061121,0.115783334,5,0,1.020481,45.0,-184.0,0.2,-1660.25,5556.51,-4032.0,85912.875,1003.0,3235.5,0.0,0.42182228,-932.0,0.87006277,-490.63403,57.0,45070.684,4.95,-602.0,7.2971015,2529.067,1576150.4,0.0,127408.22,63895.89,0.1,-51.0,0.009334,2.1686647,0.84444445,0.75,1,-152.0,307208.47,0.085708044,11.9,135956.52,2,0.83472455,1,0.1025479,0.0,0.0,0,0.0,0.1,0.6,0.4,0.9777348,0.4571111,0.15,0.0,13,0.05,0.0,0.5,0.15,0,0.25,0.0,0.25,0.1,0.014199425,0.06633385,0.0,0.0,0.0
0.6817059,0.75128126,0.4041352,0.080175295,-6519.0,8644.5,0.0,0,18.0,-78.0,302211.9,0.5662409,12.061121,0.068607144,125,1,1.0,23.0,-38.0,0.0,-548.3333,5242.4604,-8669.0,140739.3,315.0,9000.0,0.0,1.1686144,-1408.0,0.94699997,0.0,18.0,15110.595,6464.7,102.0,11.45,2529.067,431962.28,0.0,201108.0,9977.955,0.0,-16.6,0.019101,15.13074,0.9130435,0.16666667,0,-728.6427,106990.7,0.009419186,13.166667,0.0,2,0.8679975,1,0.0467,0.16666667,0.0,0,0.0,0.0,0.5,0.33333334,0.9821,0.4571111,0.16666667,0.0,13,0.16666667,0.0,0.0,0.33333334,0,0.16666667,0.0,0.6666667,0.0,0.014199425,0.0455,0.0,0.16666667,0.0
0.23401517,0.18414086,0.5021294,0.079414286,-223.0,25015.5,0.0,1,9.2,-49.0,182710.08,0.5662409,12.061121,0.1853,88,0,1.0,19.0,-819.0,0.5,-474.0,1552.5,-2952.0,29568.0,256.0,9382.5,0.0,0.42857143,-50.0,1.011786,0.0,60.0,11419.38,3450.915,774.7538,14.125,2529.067,431962.28,0.0,92070.0,6641.145,0.4,-7.5,0.009175,15.13074,0.84210527,0.33333334,1,-1003.0,51520.5,0.013740949,16.1,0.0,2,0.90448165,1,0.0193,0.0,0.0,0,12823.701,0.0,0.2,0.4,0.9901,0.4571111,0.2,0.0,18,0.1,0.0,0.6666667,0.4,0,0.4,0.5,0.0,0.0,0.014199425,0.0183,0.0,0.0,0.2
0.5797274,0.16183881,0.5021294,0.04096828,-1235.0,22086.0,0.78571427,0,16.0,-223.0,347308.38,0.5662409,13.0,0.09816,-39,1,0.78571427,34.0,-9.0,0.4,-773.0,0.0,-1631.0,321144.3,287.0,0.0,0.0,0.41736227,-402.0,0.9395977,2285.0369,30.0,8269.247,419.625,-191.0,8.309524,0.0,47685.332,0.0,652200.44,7552.305,0.0,-13.0,0.018029,0.0,1.0,0.42857143,0,-224.0,94059.664,0.0069426303,10.4,10258.38,3,0.863264,1,0.1854,0.4,0.0,0,0.0,0.4,0.0,1.0,0.9836,0.94736844,0.4,0.0,8,0.2,0.0,0.0,0.2,1,0.0,0.0,0.0,0.0,0.0,0.1891,0.0,0.0,0.0
0.16146308,0.49751446,0.84129846,0.032420702,-5622.0,26217.0,0.3846154,1,13.333333,-181.0,426981.16,0.5662409,12.061121,0.10788889,-40,1,1.0,40.0,-27.0,0.0,-1379.2858,8103.7144,-1225.0,117831.53,-448.0,3329.64,0.125,0.30050084,-18.0,0.9403673,0.0,12.0,10948.234,7792.605,9700.0,6.5384617,8631.37,306992.5,0.0,330143.4,11585.205,0.33333334,-317.22223,0.009657,15.13074,0.975,0.35714287,1,-728.6427,216306.11,0.004902769,15.666667,0.0,2,0.8679975,1,0.3731,0.0,0.0,0,73986.336,0.0,0.33333334,0.33333334,0.9861,0.4571111,0.33333334,0.0,17,0.33333334,0.0,0.42857143,0.0,1,0.33333334,0.33333334,0.33333334,0.0,0.014199425,0.2733,0.0,0.0,0.0
0.5108563,0.73338485,0.71634454,0.03592,-858.0,16164.0,0.17857143,1,14.0,-416.93738,359609.62,0.48,12.061121,0.13815385,-11,0,1.0,5.0,-21.0,0.0,-1083.0499,5242.4604,-11153.0,160390.22,1011.9233,4455.0,0.0,0.26,-1965.0,0.62831825,0.0,64.0,6421.6006,228.825,774.7538,7.803571,2529.067,431962.28,0.0042077564,378081.47,11596.095,0.6666667,-132.19705,0.04622,1.9225806,1.0,0.58311266,1,-728.6427,307208.47,0.36137968,14.0,0.0,1,0.8679975,0,0.0398,0.0,0.0,0,12823.701,0.0,1.0,0.0,0.9568,0.4571111,0.0,49.54514,11,0.33333334,0.014233142,0.23965093,0.0,1,0.0,0.33333334,0.0,0.33333334,0.014199425,0.0424,0.0,0.0,0.33333334
0.51369375,0.2150831,0.5021294,0.054637175,-290.0,18130.5,0.0,0,3.0,-75.0,400765.6,0.4375,6.0,0.08953334,-93,0,1.0,7.0,-33.0,0.0,-716.5,0.0,-3983.0,110669.625,1021.0,6291.0,0.0,0.610244,-1857.0,0.5293494,0.0,19.0,14313.057,587.025,-22.0,3.7142856,2529.067,736497.3,0.0,204924.38,12807.202,0.5,-6.0,0.008474,1.4625,1.0,0.75,1,-728.6427,307208.47,0.5604215,13.5,0.0,2,0.8679975,0,0.1025479,0.0,0.0,0,0.0,0.0,1.0,0.0,0.9777348,0.4571111,0.0,0.0,15,0.5,0.0,0.0,0.0,1,0.0,0.5,0.5,0.0,0.014199425,0.06633385,0.0,0.0,0.0
0.27500036,0.7075654,0.7982162,0.027596667,-9879.0,37255.5,3.128205,1,9.2,-45.0,853514.3,0.5662409,12.061121,0.15052727,-23,0,0.974359,47.0,-461.0,0.0,-957.0,0.0,-4290.0,19958.215,298.0,6066.9,0.0,0.18333334,-1794.0,0.9584027,192.82616,31.0,21884.982,3.87,-95.0,9.794871,0.0,422831.53,0.0,252534.66,17445.754,0.33333334,-13.5,0.010006,15.13074,0.89361703,0.75,1,-728.6427,239469.58,0.00788143,12.166667,7516.35,2,0.8679975,0,0.0506,0.0,0.0,0,49735.395,0.0,0.33333334,0.6666667,0.9816,0.4571111,0.33333334,0.0,8,0.16666667,0.0,0.25,0.33333334,0,0.16666667,0.33333334,0.0,0.16666667,0.014199425,0.0343,0.0,0.16666667,0.0
0.6127042,0.70336705,0.5021294,0.032403808,-112.0,28498.5,0.0,0,13.25,-416.93738,646921.1,2.0,12.061121,0.2111,-97,0,1.0,38.0,-32.0,0.0,-2440.5,0.0,-3526.0,0.0,1011.9233,4761.0,0.0,0.1534998,-1107.0,0.9590474,0.0,25.0,15402.884,442.35,-1938.0,9.523809,2529.067,133644.5,0.0,33450.75,10641.33,0.25,-132.19705,0.011703,3.3333333,0.92105263,1.0,1,-728.6427,307208.47,0.03612126,11.125,0.0,2,0.8679975,0,0.0079,0.0,0.0,0,12823.701,0.0,0.625,0.375,0.9608,0.4571111,0.0,0.0,10,0.125,0.0,0.0,0.0,0,0.125,0.125,0.0,0.25,0.014199425,0.0,0.0,0.0,0.0
0.6956219,0.27766672,0.5021294,0.04404063,-2384.1423,13774.5,1.0654914,1,13.592881,-416.93738,678578.9,0.5662409,12.061121,0.20406666,69,0,1.3829919,29.516104,-327.7884,0.1108971,-1977.6666,0.0,-10609.0,0.0,1011.9233,11083.136,0.21486607,0.21581492,-4.0,0.96875226,-363.87296,37.84903,18754.361,5198.1606,-158.0,12.26564,2529.067,384379.47,0.0,191250.0,13925.762,0.23777755,-132.19705,0.019689,15.13074,0.90468615,1.0,1,-728.6427,307208.47,0.07275849,12.661583,6724.2266,2,0.8679975,0,0.0567,0.068525076,0.0,0,12823.701,0.080552734,0.47940668,0.2845134,0.9851,0.4571111,0.21002875,0.0,9,0.35041127,0.0,0.0,0.14514303,0,0.25491133,0.2090302,0.14553413,0.027647203,0.014199425,0.0246,0.010587371,0.053136926,0.14762497
0.5108563,0.37919292,0.5021294,0.09795497,-2384.1423,23494.5,0.0,1,12.0,-416.93738,74708.82,0.5662409,12.061121,0.43508333,123,0,1.0,12.0,-436.0,0.0,-1083.0499,5242.4604,-9750.0,160390.22,1011.9233,21370.5,0.0,0.2251407,-719.0,1.3333801,0.0,30.0,7470.882,6805.125,774.7538,23.6,2529.067,431962.28,0.0042077564,378081.47,6805.125,0.0,-132.19705,0.006852,15.13074,0.9166667,0.58311266,0,-728.6427,307208.47,0.07275849,7.0,0.0,3,0.8679975,1,0.1025479,0.0,0.0,0,12823.701,0.0,0.0,0.0,0.9777348,0.4571111,0.0,49.54514,4,1.0,0.014233142,0.23965093,0.0,0,1.0,0.0,0.0,0.0,0.014199425,0.06633385,0.0,0.0,0.0
0.73381454,0.6585167,0.5021294,0.04836326,-1625.0,24592.5,0.0,0,11.0,-416.93738,339869.44,0.5662409,8.0,0.15614286,46,0,1.0,37.0,-357.0,0.0,-868.5,5242.4604,-4675.0,0.0,1011.9233,4050.0,0.0,0.30973727,0.0,0.9541529,0.0,19.0,10299.073,5780.925,-622.0,13.212121,2529.067,431962.28,0.0,454974.75,7982.865,0.75,-132.19705,0.01885,15.13074,0.9189189,0.5,0,-728.6427,307208.47,0.002898368,14.75,0.0,2,0.8679975,1,0.1025479,0.0,0.0,0,12823.701,0.0,0.25,0.5,0.9777348,0.4571111,0.25,0.0,14,0.25,0.0,0.0,0.25,1,0.0,0.75,0.25,0.0,0.014199425,0.06633385,0.0,0.0,0.25
0.50287825,0.5134909,0.7367188,0.03245687,-5612.0,20997.0,0.16666667,1,9.333333,-416.93738,500284.84,0.5662409,12.061121,0.15553333,-7,1,1.0,25.0,-17.0,0.4375,-1672.6,5456.25,-5484.0,0.0,1011.9233,6534.0,0.0,0.20868114,0.0,0.79115665,0.0,36.0,20845.201,7058.745,-204.0,7.7916665,2529.067,1094468.2,0.0,470584.8,19335.3,0.0,-132.19705,0.025164,0.0,0.92,1.0,1,-274.0,307208.47,0.09106957,13.625,0.0,2,0.83472455,0,0.0126,0.0,0.0,0,12823.701,0.0,0.5625,0.375,0.9692,0.5205473,0.4375,0.0,13,0.0625,0.0,0.0,0.125,1,0.0625,0.0,0.4375,0.0,0.07676079,0.0083,0.04,0.375,0.0
0.6956219,0.3487865,0.5021294,0.0483334,-5697.0,27895.5,0.0,0,6.0,-322.0,74008.84,0.5662409,1.0,0.13775556,1,0,1.0,7.0,-663.0,0.0,-1436.3334,5242.4604,-7935.0,404443.5,773.0,0.0,0.0,0.35086352,-3165.0,0.94983524,0.0,7.0,18502.21,7818.795,744.0,1.75,2529.067,1661664.5,0.0,790197.0,8931.015,0.0,-5.0,0.01885,15.13074,0.71428573,0.6666667,1,-728.6427,307208.47,0.07275849,13.0,0.0,2,0.8679975,1,0.0082,0.0,0.0,0,12823.701,0.0,1.0,0.0,0.9881,0.058080807,0.0,0.0,12,0.0,0.0,0.0,0.0,1,1.0,0.0,1.0,0.0,0.0,0.06633385,0.0,0.0,0.0
0.5108563,0.48154855,0.5021294,0.032416057,-2384.1423,26388.0,0.0,0,12.0,-687.0,140290.2,0.5662409,12.061121,0.1466,-65,0,1.0,8.0,-21.0,0.0,-687.0,5242.4604,-10412.0,0.0,1139.0,0.0,0.0,0.22111909,-246.0,1.0,0.0,29.0,17536.275,17536.275,774.7538,15.625,2529.067,431962.28,0.0,472500.0,17536.275,0.0,-6.0,0.020713,15.13074,1.0,0.0,0,-728.6427,307208.47,0.07275849,10.0,0.0,3,0.8679975,1,0.1025479,0.0,0.0,0,12823.701,0.0,1.0,0.0,0.9777348,0.4571111,1.0,0.0,9,1.0,0.0,0.0,1.0,0,0.0,0.0,0.0,0.0,0.014199425,0.06633385,0.0,0.0,0.0
0.7463002,0.6458287,0.5021294,0.029351562,-3285.0,33813.0,4.340909,1,22.8,-125.0,2781956.0,0.5662409,12.061121,0.13417858,-29,1,0.8863636,44.0,-231.0,0.0,-1366.2222,4210.375,-7603.0,106095.5,824.0,9000.0,0.0,0.21875,-2268.0,1.0123873,3715.197,28.0,63226.273,2.565,-87.0,4.4545455,0.0,800709.9,0.0,162535.97,26300.367,0.4,-349.5,0.022625,15.13074,0.8863636,0.7777778,1,-728.6427,245700.5,0.0054038744,14.4,54967.5,2,0.8679975,0,0.063,0.0,0.0,0,2250.0,0.0,0.4,0.2,0.9702,0.38015872,0.2,0.0,12,0.0,0.0,0.11111111,0.2,1,0.4,0.2,0.2,0.0,0.007936508,0.1219,0.022727273,0.2,0.2
0.79813725,0.39260343,0.102200896,0.04842222,-3768.0,19611.0,0.0,0,9.5,-848.0,313471.84,0.5662409,12.061121,0.2179,-16,0,1.0,33.0,-163.0,0.0,-1842.5,0.0,-9248.0,42610.59,250.0,9000.0,0.0,0.22222222,0.0,0.9490746,0.0,31.0,10449.062,4008.105,12729.0,13.4,0.0,431962.28,0.0,165994.89,7767.6074,0.4,-31.0,0.018209,15.13074,0.93939394,0.5,1,-728.6427,307208.47,0.011237874,7.4,0.0,3,0.8679975,0,0.1025479,0.0,0.0,0,0.0,0.0,0.2,0.6,0.9777348,0.31155014,0.0,0.0,10,0.2,0.0,0.5,0.4,1,0.4,0.2,0.0,0.0,0.0,0.06633385,0.0,0.0,0.0
0.5108563,0.24245813,0.5021294,0.06712,-215.0,30204.0,0.7647059,0,0.0,-416.0,471384.6,0.17142858,14.0,0.13424,-112,0,0.98039216,29.516104,-38.0,0.0,-640.8,24459.0,-484.0,0.0,5065.0,11083.136,0.21486607,0.5,0.0,0.0,142.74265,19.0,9242.835,4.32,1491.0,1.6862745,36688.5,2439.0,0.0,1740060.9,6750.0,0.0,-173.0,0.0228,85.42353,0.90468615,0.6,1,-728.6427,17112.5,0.07275849,14.0,7275.555,2,0.8679975,1,0.0303,0.0,0.0,0,12823.701,1.0,1.0,0.0,0.9985,0.4571111,0.0,0.0,7,1.0,0.2,0.4,0.0,0,0.0,0.0,0.0,0.0,0.014199425,0.0836,0.010587371,0.0,0.0
0.6801388,0.6029799,0.5021294,0.035429884,-2699.0,38200.5,0.0,0,4.0,-505.0,115045.695,0.5662409,5.0,0.099870585,-13,0,1.0,6.0,-747.0,0.0,-680.0,0.0,-6702.0,0.0,-140.0,26991.0,0.0,0.35475793,-882.0,1.25,0.0,20.0,28761.424,28744.65,-53.0,14.75,0.0,32002.334,0.0,154764.69,28767.016,0.0,-504.5,0.010147,15.13074,0.6666667,0.6,0,-728.6427,0.0,0.07275849,18.0,0.0,2,0.8679975,1,0.1025479,0.0,0.0,0,0.0,0.0,1.0,0.0,0.9777348,0.4571111,0.0,0.0,15,1.0,0.0,0.2,0.0,1,1.0,1.0,0.0,0.0,0.014199425,0.06633385,0.16666667,0.0,0.0
0.5108563,0.57757425,0.39408305,0.054243594,-3667.0,16011.0,1.7894737,1,24.0,-416.93738,200888.23,0.5662409,12.061121,0.1186,95,0,0.6315789,25.0,-279.0,0.6666667,-1083.0499,5242.4604,-8696.0,160390.22,1011.9233,14557.5,0.0,0.45736587,-1007.0,0.896446,3082.2666,32.0,5286.5327,37.17,774.7538,9.578947,2529.067,431962.28,0.0042077564,378081.47,8376.21,0.6666667,-132.19705,0.009549,15.13074,0.96,0.58311266,1,-1007.0,307208.47,0.00032883536,14.333333,8326.62,2,0.88597643,1,0.0037,0.0,0.0,0,12823.701,0.0,0.0,0.0,0.9528,0.4571111,0.33333334,49.54514,9,1.0,0.014233142,0.23965093,0.0,1,0.0,0.0,0.0,0.0,0.014199425,0.0227,0.0,0.0,0.0
0.17044613,0.41085938,0.5021294,0.07901,-2384.1423,35554.5,0.7916667,1,24.0,-1040.0,216139.72,0.5662409,12.061121,0.0987625,-81,0,0.7916667,19.0,-24.0,0.5,-1448.6666,4827.105,-2947.0,135680.08,780.0,0.0,0.21052632,0.8,-596.0,0.95117974,2369.9531,59.0,9005.822,462.6,-540.0,12.583333,4827.105,431962.28,0.0,181500.0,11375.775,0.0,-23.5,0.01452,15.13074,1.0,0.33333334,0,-115.0,187272.0,0.007150251,10.5,10913.175,2,1.0,1,0.1025479,0.25,0.0,0,2250.0,0.0,0.5,0.5,0.9777348,0.32380953,0.0,0.0,12,0.25,0.0,1.0,0.25,0,0.0,0.0,0.0,0.0,0.00952381,0.06633385,0.0,0.0,0.0
0.31703177,0.28383085,0.7822028,0.054404397,-1743.0,45252.0,0.0,1,10.5,-326.0,960130.75,0.5662409,12.061121,0.22346666,-53,0,1.3343129,20.0,-128.0,0.16666667,-326.0,5242.4604,-2310.0,132291.0,691.0,0.0,0.0,0.24345644,0.0,0.9504411,-14062.5,25.0,60008.17,8978.265,774.7538,9.6875,2529.067,431962.28,0.0,166500.0,15367.961,0.0,-17.0,0.006207,0.0,0.85,0.0,1,-327.0,307208.47,0.0058790343,16.666666,0.0,2,1.0,0,0.0789,0.0,0.0,0,0.0,0.0,0.5,0.16666667,0.9776,0.1,0.33333334,0.0,11,0.16666667,0.0,1.0,0.0,1,0.16666667,0.16666667,0.33333334,0.0,0.0,0.106,0.0,0.0,0.16666667
0.5108563,0.65252703,0.75236094,0.027596857,-2384.1423,36265.5,0.5813953,1,12.666667,-416.93738,221156.6,0.5662409,32.0,0.13431667,-119,1,0.9302326,45.0,-9.0,0.0,-1083.0499,5242.4604,-9641.0,160390.22,1011.9233,8527.5,0.0,0.20546116,-2850.0,0.77083135,295.83838,54.0,5143.177,0.135,774.7538,23.32558,2529.067,431962.28,0.0042077564,378081.47,5843.0776,0.0,-132.19705,0.011657,0.0,0.95555556,0.58311266,0,-728.6427,307208.47,0.15145858,14.857142,4567.095,1,0.8679975,0,0.1025479,0.2857143,0.0,0,12823.701,0.0,0.2857143,0.5714286,0.9777348,0.4571111,0.42857143,49.54514,16,0.0,0.014233142,0.23965093,0.14285715,0,0.0,0.0,0.14285715,0.0,0.014199425,0.06633385,0.0,0.0,0.0
0.5620605,0.26219913,0.5021294,0.05,-1667.0,13500.0,0.0,0,9.0,-145.0,58341.96,0.5662409,9.0,0.06,-27,0,1.0,11.0,-526.0,0.33333334,-760.0,0.0,-6124.0,719515.94,-519.0,6750.0,0.0,0.8333333,-1793.0,1.0875537,0.0,25.0,7292.745,3480.795,-501.0,15.75,0.0,1860.5,0.0,756675.0,3725.9775,0.0,-221.6,0.026392,15.13074,0.72727275,0.2857143,0,-1793.0,33245.0,0.04808875,18.0,0.0,2,0.8573976,1,0.1025479,0.0,0.0,1,30981.016,0.33333334,0.33333334,0.0,0.9777348,0.4571111,0.6666667,0.0,16,0.33333334,0.0,0.5714286,0.0,1,0.33333334,0.33333334,0.6666667,0.0,0.014199425,0.06633385,0.09090909,0.0,0.0
0.32331124,0.63610667,0.14557156,0.0795053,-1600.0,20250.0,0.056338027,0,15.2,-159.0,823391.06,0.5662409,12.061121,0.18,52,0,1.064191,74.0,-133.0,0.41666666,-741.75,2070.0,-3414.0,16473.375,206.0,9850.5,0.0,0.4416961,-1252.0,0.9254965,-317.22464,37.0,11597.057,121.275,-260.0,12.774648,2529.067,72541.0,0.0,65884.59,10187.622,0.16666667,-32.0,0.014464,15.13074,0.9189189,0.75,1,-176.0,307208.47,0.009165063,5.8333335,4355.775,2,0.82562596,0,0.1025479,0.0,0.0,0,0.0,0.0,0.5,0.5,0.9777348,0.62632275,0.16666667,0.0,14,0.083333336,0.0,0.0,0.0,1,0.25,0.083333336,0.25,0.083333336,0.011904762,0.06633385,0.0,0.0,0.25
0.6738301,0.37815365,0.5135792,0.05,-971.0,9000.0,3.8333333,1,12.0,-127.0,153537.3,0.5662409,12.061121,0.057142857,-55,0,0.6666667,17.0,-363.0,0.0,-1417.8334,0.0,-7102.0,33745.5,245.0,5233.5,0.7647059,0.875,0.0,1.05875,3556.1755,41.0,6397.3877,3.6,-1250.0,11.541667,0.0,66124.0,0.0,69094.5,6528.0376,0.5,-24.0,0.010643,15.13074,0.88235295,0.6666667,0,-728.6427,259920.5,0.006903125,12.0,10677.6,2,0.8679975,1,0.1025479,0.0,1.0,1,0.0,0.5,0.5,0.5,0.9777348,0.4571111,0.0,0.0,11,0.5,0.0,0.16666667,0.0,1,0.5,1.0,0.0,0.0,0.014199425,0.06633385,0.0,0.0,0.0
0.5108563,0.46028128,0.42807424,0.10265487,-2596.0,72036.0,0.3265306,1,10.4,-416.93738,1090038.2,0.45833334,12.061121,0.29105455,12,0,0.96938777,52.0,-30.0,0.0,-1083.0499,5242.4604,-10345.0,160390.22,1011.9233,0.0,0.0,0.35269976,-1659.0,0.9430606,138.88608,31.0,11122.84,7.47,774.7538,6.612245,2529.067,431962.28,0.0042077564,378081.47,15535.809,0.2,-132.19705,0.018634,27.023333,0.9230769,0.58311266,1,-728.6427,307208.47,0.002795535,14.0,4050.9,2,0.8679975,1,0.1025479,0.2,0.0,0,12823.701,0.2,0.6,0.2,0.9777348,0.4571111,0.0,49.54514,10,0.2,0.014233142,0.23965093,0.0,0,0.4,0.0,0.0,0.2,0.014199425,0.06633385,0.0,0.0,0.6
0.3539876,0.5092672,0.3404697,0.079241216,-2354.0,43366.5,0.25,1,18.0,-107.0,552175.6,0.5662409,12.061121,0.12355128,-104,1,0.9375,15.0,-230.0,0.5,-766.8,0.0,-1116.0,925796.0,-44.0,11083.136,0.0,0.64136297,-677.0,0.9505076,1952.3363,29.0,34510.977,264.24,-156.0,3.9375,0.0,274655.2,0.0,1000443.06,31237.38,0.25,-33.0,0.016612,15.13074,0.93333334,0.5,1,-377.0,204632.3,0.0018378476,17.0,30973.14,2,0.9266123,1,0.2982,0.0,0.0,0,0.0,0.75,0.75,0.25,0.997,0.5867626,0.25,0.0,18,0.5,0.1,0.4,0.0,1,0.0,0.0,0.0,0.0,0.0,0.06633385,0.0,0.0,0.5
0.6801388,0.59187275,0.5021294,0.042364404,-691.0,32206.5,0.0,1,6.0,-813.0,17508.465,0.5662409,12.061121,0.178925,71,0,1.0,5.0,-576.0,0.0,-1419.2858,5242.4604,-9245.0,47709.645,282.0,3636.0,0.0,0.23677185,-650.0,1.1877023,0.0,56.0,5836.155,3077.01,31053.0,35.333332,2529.067,91026.914,0.0,172225.28,3077.01,1.0,-20.0,0.007274,15.13074,0.8,0.5714286,1,-728.6427,476008.34,0.07275849,17.0,0.0,2,0.8679975,0,0.072,0.0,0.0,0,0.0,0.0,1.0,0.0,0.9826,0.4571111,0.0,0.0,13,1.0,0.0,0.42857143,1.0,1,0.0,0.0,0.0,0.0,0.014199425,0.0377,0.0,0.0,0.0
0.81061804,0.54900783,0.45189717,0.029356,-660.0,33025.5,0.0,1,8.0,-2889.0,293853.75,0.5662409,12.0,0.0917375,22,1,1.0,15.0,-238.0,0.0,-2239.6667,0.0,-4826.0,0.0,-1787.0,57022.47,0.0,0.32,-2395.0,1.1347888,0.0,30.0,24487.81,16460.73,373.0,16.5,0.0,1866312.0,0.0,97005.0,19136.07,0.0,-637.0,0.026392,15.13074,0.8,0.6666667,1,-728.6427,307208.47,0.06841438,13.5,0.0,2,0.8679975,1,0.1025479,0.5,0.0,0,0.0,0.0,0.5,0.0,0.9777348,0.4571111,0.0,0.0,11,0.0,0.0,0.6666667,0.0,1,0.5,0.0,0.0,0.0,0.014199425,0.06633385,0.06666667,0.0,0.0
0.11175637,0.21316229,0.6970156,0.057870675,-2384.1423,15835.5,1.0654914,0,13.592881,-20.0,678578.9,0.5662409,32.0,0.10054286,-26,1,1.3829919,29.516104,-327.7884,0.1108971,-822.63635,5242.4604,-4728.0,336804.66,10.0,11083.136,0.21486607,0.57558215,-563.0,0.96875226,-363.87296,37.84903,18754.361,5198.1606,31034.0,12.26564,2529.067,1153322.8,0.0,517786.78,13925.762,0.23777755,-19.083334,0.00702,15.13074,0.90468615,0.4090909,0,-728.6427,101500.57,0.07275849,12.661583,6724.2266,2,0.8679975,0,0.1025479,0.068525076,0.0,0,4643.735,0.080552734,0.47940668,0.2845134,0.9777348,0.4571111,0.21002875,0.0,12,0.35041127,0.0,0.36363637,0.14514303,0,0.25491133,0.2090302,0.14553413,0.027647203,0.014199425,0.06633385,0.010587371,0.053136926,0.14762497
0.56560796,0.7679703,0.5021294,0.07900687,-668.0,39307.5,0.0,0,10.0,-2174.0,160328.44,0.5662409,12.061121,0.39704546,3,0,1.0,8.0,-38.0,0.0,-2174.0,5242.4604,-8201.0,160390.22,-1080.0,0.0,0.0,0.19898698,-272.0,1.0,0.0,51.0,20041.055,16145.955,774.7538,27.75,2529.067,431962.28,0.0,360000.0,16145.955,0.0,-1081.0,0.035792,15.13074,1.0,0.0,0,-728.6427,307208.47,0.07275849,16.0,0.0,2,0.8679975,1,0.1025479,0.0,0.0,0,12823.701,0.0,1.0,0.0,0.9777348,0.375,1.0,0.0,12,1.0,0.0,0.0,0.0,1,0.0,1.0,0.0,0.0,0.027777778,0.06633385,0.0,0.0,0.0
0.45074728,0.12845664,0.5021294,0.044421054,-3896.0,15192.0,3.5531914,0,7.6666665,-103.0,612782.25,0.5662409,5.0,0.0844,99,0,1.9289439,36.0,-252.0,0.0,-917.0,6504.2437,-3072.0,154144.64,267.0,4635.0,1.6111112,0.5263158,0.0,0.7770819,2147.5024,37.0,13037.921,0.855,-18.0,10.297873,4420.035,455422.9,0.0,547238.4,14875.215,0.16666667,-20.25,0.015221,0.0,0.8611111,0.73333335,0,-728.6427,81693.664,0.1535129,11.166667,13258.71,2,0.8679975,1,0.0374,0.0,0.0,0,61384.453,0.0,0.5,0.16666667,0.9796,0.4571111,0.33333334,0.0,14,0.0,0.0,0.2,0.6666667,1,0.33333334,0.16666667,0.0,0.16666667,0.014199425,0.06633385,0.0,0.0,0.16666667
0.5108563,0.27498183,0.5695491,0.11357424,-361.0,30663.0,0.0,1,6.0,-416.93738,125756.01,0.5662409,12.061121,0.425875,110,0,1.0,12.0,-4.0,0.0,-1083.0499,5242.4604,-1612.0,160390.22,1011.9233,0.0,0.0,0.26668444,-390.0,0.921831,0.0,34.0,11432.364,6209.55,774.7538,16.727272,2529.067,431962.28,0.0042077564,378081.47,10520.798,0.0,-132.19705,0.008068,15.13074,0.9166667,0.58311266,1,-728.6427,307208.47,0.01222079,9.5,0.0,3,0.8679975,1,0.0644,0.0,0.0,0,12823.701,0.0,0.0,1.0,0.9866,0.4571111,0.5,49.54514,5,0.5,0.014233142,0.23965093,0.0,0,0.5,0.0,0.5,0.0,0.014199425,0.06633385,0.0,0.0,0.0
0.47764915,0.72431433,0.5021294,0.0939761,-2384.1423,36063.0,0.0,1,6.0,-31.0,269372.38,0.083333336,12.061121,0.32056,37,0,1.0,8.0,-13.0,0.0,-1185.0,0.0,-46.0,66112.336,23.0,2772.0,0.0,0.2931623,-378.0,1.0556056,0.0,72.0,7482.5664,52.38,-24.0,7.3055553,0.0,386122.66,0.05882353,159244.67,2402.685,0.0,-36.2,0.00712,20.47436,0.875,0.64705884,1,-728.6427,73234.3,0.006183989,14.75,0.0,2,0.8679975,1,0.0176,0.0,0.0,0,0.0,0.25,1.0,0.0,0.9826,0.4571111,0.0,0.0,14,0.0,0.0,0.1764706,0.25,0,0.25,0.0,0.5,0.0,0.014199425,0.0,0.0,0.0,0.0
0.5797274,0.44683036,0.3425808,0.05,-285.0,13500.0,0.4,0,10.0,-29.0,39657.914,0.5662409,3.0,0.08571429,-47,1,0.9,10.0,-1076.0,0.0,-1014.7692,4729.6914,-5545.0,16085.7,121.0,3672.0,0.0,0.5833333,-1483.0,1.0264184,397.4085,34.0,3965.7915,75.915,-63.0,8.1,1107.0,999091.2,0.0,197583.94,3974.085,0.0,-37.5,0.020246,15.13074,0.9,0.6923077,0,-728.6427,24077.584,0.07275849,12.0,3898.17,3,0.8679975,1,0.0685,0.0,0.0,1,0.0,0.0,0.0,1.0,0.9911,0.4571111,1.0,0.0,10,1.0,0.0,0.15384616,1.0,1,0.0,0.0,0.0,0.0,0.014199425,0.0768,0.0,0.0,0.0
0.60927564,0.6481262,0.5021294,0.029397782,-5723.0,23931.0,11.519481,1,13.25,-184.0,451375.28,0.5662409,12.061121,0.28745946,101,0,0.64935064,71.0,-603.0,0.0,-567.5,5242.4604,-4252.0,196745.62,426.0,2101.05,0.16901408,0.10226758,-882.0,0.95748454,2592.9526,58.0,5862.0166,0.225,661.0,9.987013,2529.067,431962.28,0.0,389925.0,6304.7026,0.5,-18.333334,0.0105,15.13074,0.943662,0.25,1,-728.6427,46128.0,0.0092683835,12.25,14663.565,3,0.8679975,1,0.0121,0.0,0.0,0,0.0,0.0,0.25,0.25,0.9796,0.91655844,0.25,0.0,9,0.25,0.0,0.5,0.0,1,0.25,0.25,0.0,0.0,0.0,0.06633385,0.014084507,0.0,0.0
0.5108563,0.7539237,0.5971021,0.02807896,-2357.0,49761.0,0.2962963,0,10.8,-416.93738,1886100.9,0.5662409,6.0,0.138225,93,1,0.9259259,29.0,-339.0,0.16666667,-1083.0499,5242.4604,-390.0,160390.22,1011.9233,38187.0,0.0,0.20313953,-1742.0,1.0732353,5261.6133,38.0,69855.586,12.915,774.7538,7.037037,2529.067,431962.28,0.0042077564,378081.47,31343.318,0.0,-132.19705,0.04622,0.0,0.86206895,0.58311266,0,-779.0,307208.47,0.040395573,15.833333,71018.87,1,0.9334628,1,0.0413,0.16666667,0.0,0,12823.701,0.33333334,0.5,0.33333334,0.9836,0.4571111,0.16666667,49.54514,16,0.16666667,0.014233142,0.23965093,0.0,0,0.5,0.0,0.33333334,0.0,0.014199425,0.0197,0.03448276,0.16666667,0.16666667
0.7151031,0.40972182,0.5021294,0.05,-2384.1423,14625.0,0.44444445,0,9.0,-939.0,159948.0,0.5662409,12.061121,0.21666667,102,1,0.9444444,19.0,-81.0,0.0,-1551.1666,270.0,-7529.0,0.0,822.0,3105.0,0.0,0.23076923,-251.0,0.9771779,190.5575,14.0,8886.0,54.675,-634.0,7.611111,0.0,387718.3,0.0,65867.39,11633.22,0.25,-605.0,0.025164,15.13074,0.8947368,0.8333333,0,-728.6427,307208.47,0.0014923456,13.25,3375.36,2,0.8679975,0,0.0688,0.0,0.0,1,0.0,0.0,1.0,0.0,0.9697,0.4571111,0.25,0.0,15,0.25,0.0,0.33333334,0.0,0,0.0,0.25,0.25,0.0,0.014199425,0.0,0.0,0.0,0.0
0.45789954,0.5668851,0.29339817,0.05,-1221.0,9000.0,1.862069,0,9.333333,-416.93738,318364.28,0.5662409,12.061121,0.06666667,-11,0,0.82758623,28.0,-21.0,0.16666667,-1025.4,0.0,-3083.0,0.0,1011.9233,9000.0,0.39285713,0.75,-252.0,0.73950344,767.8474,34.0,10978.079,271.485,-92.0,11.655172,2529.067,550538.8,0.0,80012.7,13787.295,0.16666667,-132.19705,0.014464,15.13074,0.89285713,1.0,1,-2068.0,307208.47,0.25670698,6.8333335,4182.03,2,0.0,0,0.1025479,0.0,0.0,1,12823.701,0.0,0.5,0.33333334,0.9777348,0.4571111,0.33333334,0.0,6,0.16666667,0.0,0.2,0.0,0,0.0,0.16666667,0.0,0.0,0.014199425,0.06633385,0.0,0.16666667,0.16666667
0.7675231,0.7528918,0.5021294,0.029389475,-311.0,25128.0,0.0,1,27.0,-416.93738,1450473.2,0.5662409,13.0,0.09306667,-95,0,1.2561295,31.0,-30.0,0.16666667,-1083.0499,5242.4604,-9928.0,160390.22,1011.9233,11083.136,0.0,0.31578946,-638.0,0.9033649,-6532.2583,54.0,46789.457,10731.015,774.7538,15.548388,2529.067,431962.28,0.0042077564,378081.47,23617.8,0.16666667,-132.19705,0.04622,0.0,0.9354839,0.58311266,1,-794.0,307208.47,0.017255109,15.083333,0.0,1,1.0,0,0.0243,0.0,0.0,0,12823.701,0.25,0.8333333,0.0,0.9578,0.4571111,0.083333336,49.54514,16,0.083333336,0.014233142,0.23965093,0.25,0,0.0,0.0,0.0,0.083333336,0.014199425,0.06633385,0.0,0.083333336,0.083333336
0.68793285,0.6706871,0.24602458,0.02941875,-1260.0,21181.5,0.0,0,8.75,-1463.0,258387.34,0.5662409,28.0,0.13448572,-71,0,1.0,38.0,-643.0,0.0,-1749.3334,5242.4604,-1349.0,61690.5,-109.0,1665.0,0.0,0.21875,-2294.0,0.9688319,0.0,32.0,7382.4956,3323.97,5578.0,17.428572,2529.067,562860.5,0.0,1185000.0,8304.514,0.75,-14.0,0.018634,15.13074,0.92105263,0.6666667,1,-728.6427,307208.47,0.009406071,14.25,0.0,2,0.8679975,1,0.0679,0.0,0.0,0,0.0,0.0,0.0,0.0,0.9757,0.4571111,0.0,0.0,16,0.25,0.33333334,0.33333334,0.25,1,0.25,0.0,0.25,0.0,0.014199425,0.06633385,0.02631579,0.0,0.0
0.45253357,0.2858711,0.29074982,0.11321918,-2956.0,37192.5,0.045454547,0,7.3333335,-238.0,338227.12,0.5662409,12.061121,0.2755,104,0,1.0,24.0,-16.0,0.2,-566.2,0.0,-834.0,1022449.5,7.0,18000.0,0.0,0.41095892,0.0,0.94163346,0.0,10.0,15373.96,10327.455,-22.0,4.7727275,0.0,54194.332,0.0,1392745.8,10719.72,0.0,-16.5,0.015221,0.0,0.9583333,0.6,0,-380.0,676284.5,0.007931406,12.8,0.0,2,0.93326885,1,0.1025479,0.0,0.0,0,0.0,0.2,0.6,0.0,0.9777348,0.91506493,0.0,0.0,11,0.2,0.2,0.0,0.0,0,0.6,0.2,0.4,0.0,0.0,0.06633385,0.0,0.0,0.2
0.5567274,0.09235075,0.5021294,0.044049505,-2384.1423,20020.5,0.0,1,34.5,-252.0,1388904.9,0.5662409,12.061121,0.12711428,30,0,1.0,50.0,-16.0,0.0,-931.3333,5242.4604,-10397.0,54049.5,986.0,0.0,0.0,0.34653464,-1560.0,0.8935438,0.0,56.0,31566.02,12496.41,-1180.0,13.227273,2529.067,0.0,0.0,38964.0,18881.168,0.33333334,-98.0,0.028663,15.13074,0.9,0.6666667,1,-728.6427,307208.47,0.0050470917,9.666667,0.0,2,0.8679975,0,0.1025479,0.0,0.0,0,0.0,0.16666667,0.5,0.16666667,0.9777348,0.5132275,0.16666667,0.0,8,0.16666667,0.0,0.33333334,0.0,0,0.16666667,0.0,0.5,0.0,0.0,0.06633385,0.04,0.16666667,0.0
0.48124933,0.6576359,0.5021294,0.026813995,-107.0,29866.5,0.95408165,1,9.666667,-89.0,972822.0,0.0,12.061121,0.4148125,110,0,0.97959185,126.0,-15.0,0.07692308,-1513.4,0.0,-490.0,0.0,111.0,45000.0,0.03968254,0.064641245,-1596.0,1.0457437,99.96681,40.0,4963.3774,3.33,-1173.0,4.0969386,2529.067,13333.333,0.0,111889.98,7795.6914,0.46153846,-4.0,0.031329,0.0125,0.9206349,0.6,1,-2476.0,12960.5,0.044577256,12.769231,5098.545,2,1.2423655,1,0.1025479,0.0,0.0,0,12823.701,0.07692308,0.15384616,0.3846154,0.9777348,0.4571111,0.23076923,0.0,16,0.0,0.0,0.2,0.15384616,0,0.23076923,0.30769232,0.15384616,0.0,0.014199425,0.06633385,0.0,0.0,0.15384616
0.34090644,0.29852384,0.5021294,0.108236395,-1552.0,25960.5,0.7692308,1,12.0,-109.0,107919.99,0.5662409,12.061121,0.21366666,45,0,0.9230769,13.0,-1263.0,0.0,-1501.0,0.0,-821.0,67887.96,-1729.0,0.0,0.46153846,0.5065666,-17.0,1.0,691.8646,41.0,8301.538,5.76,-2207.0,12.769231,0.0,431962.28,0.0,101988.016,8994.24,0.0,-77.0,0.018209,15.13074,0.9230769,0.33333334,1,-728.6427,1571764.5,0.07275849,12.0,8988.48,3,0.8679975,1,0.1025479,0.0,1.0,0,0.0,0.0,1.0,0.0,0.9777348,0.4571111,0.0,0.0,15,0.5,0.0,0.0,0.0,1,0.5,0.0,0.0,0.0,0.014199425,0.06633385,0.0,0.0,0.5
0.27356467,0.40007967,0.5021294,0.054233335,-2384.1423,7321.5,2.142857,0,18.666666,-118.0,104095.62,1.0,12.061121,0.054233335,-110,0,1.0,17.0,-7.0,0.0,-1159.0,0.0,-831.0,131764.5,289.0,3712.5,1.7058823,1.0,-239.0,0.98921585,0.0,96.0,3717.7007,70.875,-923.0,13.25,0.0,169841.58,0.0,166985.0,4723.185,0.1,-19.0,0.009657,5.0,0.9411765,0.44444445,0,-728.6427,83013.3,0.03721456,12.5,0.0,2,0.8679975,1,0.1025479,0.0,0.0,0,330.0,0.0,0.7,0.0,0.9777348,0.4571111,0.1,0.0,9,0.1,0.0,0.44444445,0.0,0,0.0,0.1,0.0,0.0,0.014199425,0.06633385,0.0,0.1,0.0
0.8555236,0.565725,0.5021294,0.029357262,-2384.1423,31653.0,0.0,0,33.0,-416.93738,2415747.5,0.5662409,13.0,0.46893334,7,0,1.0,81.0,-46.0,0.33333334,-1762.0,5242.4604,-2987.0,0.0,1011.9233,0.0,0.0,0.06260434,-1552.0,0.9293572,0.0,28.0,30971.121,16145.955,-1581.0,11.269231,2529.067,0.0,0.0,90000.0,24232.814,0.16666667,-132.19705,0.0228,15.13074,0.9506173,1.0,0,-2190.0,307208.47,0.003448859,12.833333,0.0,2,1.0,1,0.1025479,0.0,0.0,0,12823.701,0.0,0.6666667,0.0,0.9777348,0.4571111,0.0,0.0,7,0.0,0.0,0.0,0.16666667,0,0.8333333,0.0,0.0,0.0,0.014199425,0.06633385,0.012345679,0.0,0.6666667
0.47225335,0.668762,0.65242404,0.042366337,-2567.0,19255.5,2.4285715,1,12.0,-31.0,22569.346,0.5662409,12.061121,0.23772222,-3,1,0.85714287,13.0,-1657.0,0.0,-1143.0,0.0,-3337.0,49425.0,1065.0,720.0,0.15384616,0.17821783,-2020.0,0.95637,267.94608,30.0,1612.0961,0.81,31127.0,4.071429,0.0,485789.66,0.0,101615.914,1881.81,1.0,-475.75,0.01885,15.13074,0.9230769,0.6363636,0,-728.6427,630559.0,0.07275849,14.0,1881.0,2,0.8679975,1,0.0766,0.0,0.0,0,0.0,0.0,0.0,0.0,0.9916,0.4571111,0.0,0.0,14,1.0,0.0,0.54545456,0.0,0,0.0,0.0,0.0,0.0,0.014199425,0.06633385,0.0,0.0,0.0
0.45432106,0.5083436,0.7400417,0.05445883,-2245.0,32971.5,0.16666667,1,22.666666,-235.0,2383502.2,0.5662409,8.0,0.0915875,-92,1,1.3722161,41.0,-5.0,0.0,-395.75,5242.4604,-605.0,790090.8,102.0,21942.0,0.0,0.59460986,0.0,1.0393897,-18754.312,32.0,56750.055,5650.92,-294.0,9.547619,2529.067,431962.28,0.0,995625.0,30523.035,0.0,-17.0,0.04622,15.13074,0.9512195,0.25,0,-728.6427,10639.0,0.015435659,15.0,16667.955,1,0.8679975,1,0.0582,0.0,0.0,0,25503.75,0.0,0.75,0.25,0.9767,0.17878787,0.5,0.0,17,0.25,0.0,0.25,0.0,0,0.25,0.0,0.0,0.0,0.0,0.06633385,0.0,0.0,0.25
0.5108563,0.24016413,0.5021294,0.04833988,-2384.1423,26527.5,0.0,0,15.2,-416.93738,2763281.2,0.5662409,2.0,0.090692304,-125,0,1.1215416,55.0,-57.0,0.09090909,-1083.0499,5242.4604,-11353.0,160390.22,1011.9233,18000.0,0.0,0.5330097,-1750.0,0.93788147,-6744.616,56.0,50241.477,14966.82,774.7538,15.254545,2529.067,431962.28,0.0042077564,378081.47,23950.863,0.09090909,-132.19705,0.010006,0.0,0.94545454,0.58311266,1,-164.0,307208.47,0.02310754,9.818182,0.0,2,0.75941676,1,0.2332,0.09090909,0.0,0,12823.701,0.09090909,0.36363637,0.54545456,0.9846,0.4571111,0.36363637,49.54514,15,0.09090909,0.014233142,0.23965093,0.09090909,0,0.0,0.0,0.45454547,0.0,0.014199425,0.0645,0.0,0.18181819,0.09090909
0.61782616,0.52212834,0.5021294,0.02924,-2601.0,26316.0,0.0,1,6.0,-839.0,135973.39,0.5662409,12.0,0.5848,-83,0,1.1564171,20.0,-123.0,0.0,-1652.8334,0.0,-7462.0,27520.5,987.0,2745.0,0.0,0.05,-1824.0,0.9933097,-963.2368,14.0,7156.4946,3215.655,928.0,7.631579,2529.067,1089752.2,0.0,242471.3,6232.71,0.33333334,-55.0,0.025164,0.0,0.9,0.8333333,1,-728.6427,307208.47,0.00051363313,13.333333,0.0,2,0.8679975,1,0.1025479,0.0,0.0,0,0.0,0.33333334,0.0,0.0,0.9777348,0.4571111,0.0,0.0,15,0.33333334,0.0,0.0,0.0,1,0.33333334,0.33333334,0.0,0.0,0.014199425,0.06633385,0.0,0.0,0.0
0.43296167,0.66585886,0.5021294,0.042366665,-2384.1423,11439.0,0.13065326,1,17.23077,-210.0,5451995.5,0.23076923,12.061121,0.18157142,6,1,0.9798995,130.0,-54.0,0.1875,-1347.6,0.0,-8687.0,35702.438,1011.9233,14850.0,0.092307694,0.23333333,-1918.0,0.97906435,1341.7534,34.0,27396.963,131.22,1195.0,8.266332,0.0,751564.75,0.0,241232.42,14017.648,0.25,-16.0,0.006233,1.2256078,0.9153846,0.9,1,-785.0,307208.47,0.094812855,13.25,66533.58,2,0.8603239,1,0.0892,0.0,0.0,0,24880.32,0.0,0.1875,0.3125,0.9886,0.4571111,0.375,0.0,11,0.0,0.0,0.3,0.125,0,0.25,0.5625,0.375,0.0,0.014199425,0.06633385,0.0,0.25,0.0
0.7267112,0.051414557,0.5021294,0.1004856,-2384.1423,8194.5,0.0,0,6.0,-91.0,101996.87,0.5662409,12.061121,0.1214,-116,0,1.0,7.0,-63.0,0.0,-929.5,0.0,-9618.0,139367.97,640.0,9886.5,0.0,0.8277232,-233.0,1.0553874,0.0,11.0,16999.477,16994.79,-1057.0,10.166667,0.0,431962.28,0.0,299012.56,17000.414,0.0,-29.0,0.020246,15.13074,0.85714287,0.5,0,-728.6427,307208.47,0.07275849,15.0,0.0,3,0.8679975,1,0.1025479,0.0,0.0,0,0.0,0.0,0.0,1.0,0.9777348,0.4571111,1.0,0.0,9,1.0,0.0,0.0,0.0,0,0.0,0.0,0.0,0.0,0.014199425,0.06633385,0.0,0.0,1.0
0.5108563,0.52255934,0.4545543,0.05793715,-3081.0,14170.5,0.0,1,14.0,-416.93738,279949.88,0.5662409,12.061121,0.26241666,33,0,1.0,31.0,-187.0,0.0,-1083.0499,5242.4604,-5039.0,160390.22,1011.9233,18000.0,0.0,0.22078304,0.0,1.0071325,0.0,26.0,9998.209,6077.925,774.7538,12.642858,2529.067,431962.28,0.0042077564,378081.47,9146.025,0.0,-132.19705,0.008068,15.13074,0.9354839,0.58311266,1,-728.6427,307208.47,0.00074555544,8.0,0.0,3,0.8679975,1,0.0699,0.0,0.0,0,12823.701,0.0,0.0,0.5,0.9786,0.4571111,1.0,49.54514,5,0.5,0.014233142,0.23965093,0.5,0,0.0,0.0,0.0,0.0,0.014199425,0.06633385,0.0,0.0,0.0
0.59892625,0.74875164,0.5021294,0.051322274,-5503.0,24880.5,0.0,1,12.0,-197.0,1015883.06,1.882353,12.061121,0.11058,-97,0,0.96907216,24.0,-13.0,0.33333334,-765.6667,5242.4604,-5168.0,309916.5,3.0,17640.0,0.0,0.46411896,-1689.0,0.648046,485.09073,42.0,10473.021,33.48,-273.0,7.886598,2529.067,431962.28,0.0,568500.0,15499.89,0.0,-31.0,0.04622,21.11943,0.9583333,0.33333334,1,-1644.0,405000.0,0.31575283,18.0,18000.0,1,1.0,1,0.1025479,0.33333334,1.0,0,0.0,0.0,0.6666667,0.0,0.9777348,0.6545377,0.0,0.0,17,0.33333334,0.0,0.33333334,0.33333334,0,0.0,0.33333334,0.33333334,0.0,0.0,0.06633385,0.0,0.0,0.0
0.5108563,0.25462297,0.5021294,0.058244996,-2384.1423,8901.0,0.071428575,0,15.333333,-416.93738,666557.25,4.25,12.061121,0.123625,-46,0,1.0,16.0,-32.0,0.0,-1083.0499,5242.4604,-8645.0,160390.22,1011.9233,0.0,0.0,0.47114253,-689.0,0.8986972,0.0,10.0,47611.23,15056.775,774.7538,5.285714,2529.067,431962.28,0.0042077564,378081.47,12316.23,0.0,-132.19705,0.022625,72.25,0.9375,0.58311266,0,-728.6427,307208.47,0.0008344111,12.666667,0.0,2,0.8679975,1,0.1025479,0.0,0.0,0,12823.701,0.33333334,0.0,0.6666667,0.9777348,0.4571111,0.33333334,49.54514,12,0.33333334,0.014233142,0.23965093,0.0,0,0.33333334,0.0,0.0,0.0,0.014199425,0.06633385,0.0,0.33333334,0.0
0.6594055,0.5526003,0.5021294,0.057585865,-2384.1423,41949.0,0.0,1,6.0,-66.0,159187.45,0.5662409,11.0,0.23305,20,0,1.0,7.0,-534.0,0.0,-583.0,0.0,-6664.0,340680.7,573.0,0.0,0.0,0.24709661,-714.0,0.95885897,0.0,9.0,26531.242,26527.23,-798.0,4.3333335,2529.067,431962.28,0.0,461397.75,26532.045,0.0,-14.0,0.010966,15.13074,0.85714287,0.33333334,0,-728.6427,3872.0,0.07275849,17.0,0.0,2,0.8679975,0,0.1025479,0.0,0.0,0,0.0,0.0,1.0,0.0,0.9777348,0.45751634,1.0,0.0,12,1.0,0.0,0.0,0.0,0,0.0,0.0,0.0,0.0,0.019607844,0.06633385,0.0,0.0,0.0
0.8128226,0.7885553,0.87705964,0.097402826,-780.0,24808.5,0.79310346,0,10.8,-508.0,963159.0,0.5662409,27.0,0.19689286,2,0,0.9137931,57.0,-251.0,0.0,-1140.5,0.0,-5565.0,160390.22,10420.0,20430.0,0.0,0.49469966,-2217.0,1.0001869,1435.1803,40.0,16606.19,150.525,-1595.0,10.25862,0.0,431962.28,0.0,45796.5,17869.031,0.4,-507.0,0.04622,15.13074,0.9298246,0.5,1,-728.6427,307208.47,0.0058245366,12.8,22151.744,1,0.8679975,1,0.1025479,0.0,0.0,0,12823.701,0.0,0.2,0.0,0.9777348,0.4571111,0.2,0.0,11,0.2,0.0,0.5,0.2,1,0.4,0.2,0.0,0.0,0.014199425,0.06633385,0.0,0.0,0.2
0.28961125,0.37906423,0.5021294,0.05,-2384.1423,6750.0,0.0,1,10.0,-330.0,43422.48,0.5662409,6.0,0.083333336,-27,0,1.0,8.0,-30.0,0.0,-401.0,5242.4604,-11827.0,158384.25,1354.0,0.0,0.0,0.6,-246.0,0.9099503,0.0,30.0,5427.81,5427.81,774.7538,24.125,2529.067,431962.28,0.0,249750.0,5427.81,0.0,-36.0,0.010556,15.13074,1.0,0.0,0,-728.6427,10082.0,0.07275849,17.0,0.0,3,0.8679975,0,0.1025479,0.0,2.0,1,0.0,0.0,0.0,0.0,0.9777348,0.4571111,0.0,24.75,11,1.0,0.0,0.0,0.0,0,1.0,0.0,0.0,0.0,0.014199425,0.06633385,0.0,0.0,0.0
0.5108563,0.7348702,0.5021294,0.05,-2384.1423,10125.0,0.032258064,1,17.0,-416.93738,271547.0,0.5662409,12.061121,0.1125,17,0,1.0,32.0,-30.0,0.0,-1083.0499,5242.4604,-12313.0,160390.22,1011.9233,7155.0,0.0,0.44444445,-1440.0,0.978093,0.0,13.0,8759.581,7682.985,774.7538,6.096774,2529.067,431962.28,0.0042077564,378081.47,9584.168,0.0,-132.19705,0.009549,15.13074,0.96875,0.58311266,0,-728.6427,307208.47,0.006961008,14.5,0.0,2,0.8679975,1,0.0327,0.0,0.0,1,12823.701,0.0,0.0,0.5,0.9717,0.4571111,0.0,49.54514,15,0.5,0.014233142,0.23965093,0.5,0,1.0,0.0,0.0,0.0,0.014199425,0.0583,0.0,0.0,0.0
0.5602843,0.6176913,0.55944014,0.026564136,-2719.0,18265.5,0.53846157,1,25.2,-196.0,2494344.5,0.5662409,12.061121,0.0863617,0,1,1.0386636,51.0,-488.0,0.14285715,-477.0,5242.4604,-145.0,2013518.8,2353.0,4320.0,0.13725491,0.30759162,-1321.0,0.95049655,756.9121,73.0,47968.164,22.635,-196.0,11.538462,2529.067,149058.0,0.0,2520000.0,23446.188,0.14285715,-13.666667,0.010006,15.13074,0.92156863,0.4,1,-200.0,63262.332,0.00798667,10.142858,27860.13,2,0.9266123,0,0.1972,0.0,0.0,0,0.0,0.14285715,0.42857143,0.42857143,0.9995,0.4571111,0.5714286,0.0,7,0.14285715,0.0,0.2,0.0,1,0.14285715,0.0,0.0,0.0,0.014199425,0.0631,0.0,0.2857143,0.2857143
0.7091891,0.5637577,0.5021294,0.07204602,-2384.1423,9976.5,0.048780486,1,11.6,-102.0,471908.88,0.5662409,12.061121,0.13041176,5,0,1.0,45.0,-45.0,0.11111111,-1174.0,0.0,-12707.0,45025.086,127.0,0.0,0.0,0.5524503,0.0,0.90693897,0.0,47.0,11509.973,6319.89,-102.0,15.04878,0.0,760900.94,0.0,145127.73,9140.67,0.11111111,-15.5,0.025164,15.13074,0.9111111,0.8181818,0,-773.0,13778.0,0.00022289003,9.666667,0.0,2,0.91910446,0,0.1025479,0.0,0.0,0,0.0,0.0,0.44444445,0.44444445,0.9777348,0.75185895,0.11111111,0.0,11,0.11111111,0.0,0.0,0.22222222,0,0.44444445,0.0,0.11111111,0.0,0.005050505,0.06633385,0.022222223,0.11111111,0.11111111
0.62630427,0.36303166,0.1899043,0.05135,-693.0,23107.5,0.0,1,12.0,-259.0,287108.25,0.5662409,12.061121,0.14671429,44,1,1.0,5.0,-363.0,0.0,-259.0,5242.4604,-623.0,298737.0,837.0,0.0,0.0,0.35,-468.0,1.0,0.0,27.0,71777.06,25201.8,774.7538,21.0,2529.067,431962.28,0.0,360000.0,25201.8,0.0,-12.0,0.01452,15.13074,0.8,0.0,1,-728.6427,307208.47,0.07275849,14.5,0.0,2,0.8679975,1,0.1025479,0.0,0.0,0,0.0,0.0,0.5,0.5,0.9777348,0.7777778,0.5,0.0,12,0.5,0.0,0.0,0.0,1,0.0,0.0,0.0,0.0,0.0,0.06633385,0.0,0.0,0.0
0.5108563,0.50821245,0.5021294,0.09270588,-2384.1423,70920.0,8.2,1,13.592881,-416.93738,12924.405,0.5662409,12.061121,0.52533334,-69,0,0.6,4.0,-2843.0,0.1108971,-1083.0499,5242.4604,-9023.0,160390.22,1011.9233,11083.136,4.5,0.1764706,-12.0,0.96875226,1729.98,32.0,2584.881,39.6,774.7538,10.2,2529.067,431962.28,0.0042077564,378081.47,13925.762,0.23777755,-132.19705,0.028663,15.13074,0.75,0.58311266,1,-728.6427,307208.47,0.07275849,12.661583,4285.35,2,0.8679975,1,0.0157,0.068525076,0.0,0,12823.701,0.080552734,0.47940668,0.2845134,0.9801,0.4571111,0.21002875,49.54514,12,0.35041127,0.014233142,0.23965093,0.14514303,0,0.25491133,0.2090302,0.14553413,0.027647203,0.014199425,0.06633385,0.0,0.053136926,0.14762497
0.8939761,0.6039271,0.5021294,0.099412166,-2384.1423,24961.5,0.0,1,8.0,-416.93738,121284.67,0.5662409,12.061121,0.27735,-35,0,1.0,10.0,-2292.0,0.0,-1334.0,5242.4604,-8940.0,0.0,1011.9233,9103.5,0.0,0.35843578,0.0,1.0196854,0.0,22.0,15160.584,15084.315,-694.0,8.75,2529.067,431962.28,0.0,128205.0,15171.48,0.0,-132.19705,0.006852,15.13074,0.9,1.0,1,-728.6427,307208.47,0.07275849,9.0,0.0,3,0.8679975,1,0.0869,0.0,0.0,0,12823.701,0.0,0.0,0.0,0.9876,0.4571111,1.0,0.0,8,1.0,0.0,0.0,0.0,0,0.0,0.0,0.0,0.0,0.014199425,0.0338,0.0,0.0,0.0
0.6161217,0.5092945,0.6330534,0.055946622,-5613.0,66595.5,0.0,1,6.0,-1164.0,787390.75,0.5662409,12.061121,0.369975,73,0,2.1740122,6.0,-399.0,0.0,-1164.0,5242.4604,-1975.0,0.0,-104.0,90000.0,0.0,0.1512173,-508.0,1.159926,-41250.0,19.0,131231.8,87308.59,774.7538,15.666667,2529.067,431962.28,0.0,225000.0,91827.49,0.0,-7.0,0.020713,15.13074,0.8333333,0.0,1,-728.6427,307208.47,0.07275849,8.0,0.0,1,0.8679975,1,0.0766,0.0,0.0,0,0.0,0.0,1.0,0.0,0.9767,0.4571111,0.0,0.0,12,0.0,0.0,1.0,0.0,1,1.0,0.0,0.0,0.0,0.014199425,0.0497,0.0,0.0,0.0
0.7738957,0.59953547,0.5021294,0.04685436,-6563.0,25537.5,36.0,1,6.0,-416.93738,50445.45,0.5662409,12.061121,0.227,93,0,0.85714287,15.0,-1494.0,0.5,-1835.5,5242.4604,-7911.0,0.0,1011.9233,4365.0,0.0,0.20640688,-1934.0,0.52936363,1202.4321,31.0,7206.4927,11.34,-1539.0,15.428572,2529.067,84.5,0.0,74790.0,8405.685,0.5,-132.19705,0.019101,15.13074,0.93333334,1.0,1,-1141.0,307208.47,0.5604516,17.0,8405.685,2,0.0,0,0.1025479,0.0,0.0,0,12823.701,0.0,0.5,0.0,0.9777348,0.4571111,0.0,0.0,9,0.5,0.0,0.0,0.5,1,0.0,0.0,0.0,0.0,0.014199425,0.06633385,0.0,0.0,0.0
0.6577838,0.70160294,0.465735,0.028059686,-2099.0,23440.5,0.8333333,1,8.0,-416.93738,93662.91,0.5662409,12.061121,0.130225,-115,0,0.7777778,16.0,-1703.0,0.0,-2692.0,5242.4604,-1708.0,0.0,1011.9233,36000.0,0.0,0.2154708,0.0,2.050773,1503.42,34.0,5203.495,28.395,-1596.0,13.055555,2529.067,431962.28,0.0,225000.0,5588.5273,0.5,-132.19705,0.02461,15.13074,0.9375,1.0,1,-728.6427,307208.47,0.36920658,14.5,6736.995,2,0.8679975,0,0.1351,0.0,0.0,0,12823.701,0.0,0.5,0.0,0.9831,0.4571111,0.0,0.0,13,0.0,0.0,0.0,0.0,0,0.5,0.5,0.5,0.0,0.014199425,0.0699,0.0,0.0,0.0
0.5726825,0.51475275,0.5021294,0.029235898,-551.0,25654.5,0.19130434,1,15.0,-416.93738,414477.2,0.25263157,9.0,0.22804,83,1,0.9652174,13.0,-33.0,0.0,-1498.4,1832.445,-7021.0,0.0,1011.9233,9450.0,0.0,0.12820514,-13.0,1.0076274,266.88797,34.0,3604.1494,10.98,-177.0,3.1304348,2529.067,891730.8,0.0,316885.5,13551.683,0.33333334,-132.19705,0.035792,0.40358344,0.9230769,1.0,1,-728.6427,307208.47,0.010350537,16.0,9751.545,2,0.8679975,1,0.0992,0.0,0.0,0,12823.701,0.0,0.6666667,0.33333334,0.9906,0.4571111,0.33333334,0.0,13,0.0,0.0,0.0,0.0,0,0.0,0.6666667,0.0,0.0,0.014199425,0.0627,0.0,0.33333334,0.6666667
0.5316861,0.13794641,0.71880955,0.03560625,-651.0,25636.5,0.12903225,1,11.333333,-142.0,562918.3,0.5662409,17.0,0.1266,103,0,0.9677419,31.0,-7.0,0.2,-1019.0,0.0,-3493.0,67345.65,407.0,0.0,0.0,0.28125,-2303.0,0.95034915,1197.5792,48.0,18158.656,6499.305,-139.0,18.838709,0.0,555855.9,0.0,118794.43,15794.4,0.0,-327.25,0.018209,0.0,0.9677419,0.6,1,-625.0,276643.6,0.0047701676,14.6,30625.65,3,1.0,0,0.1025479,0.2,0.0,0,1264.5,0.2,0.4,0.4,0.9777348,0.4571111,0.2,0.0,14,0.2,0.0,0.3,0.4,0,0.2,0.0,0.0,0.0,0.014199425,0.06633385,0.0,0.0,0.2
0.77515525,0.3392822,0.4404042,0.103,-1182.0,24565.5,0.31666666,0,8.0,-642.0,986693.25,0.5662409,36.0,0.07278667,58,0,0.93333334,64.0,-1156.0,0.125,-1628.6666,0.0,-7431.0,256012.5,27277.0,14125.5,0.0,1.4150944,-54.0,0.88087815,1789.224,30.0,16444.889,202.635,-2417.0,9.283334,2529.067,431962.28,0.0,585977.5,13531.738,0.375,-263.5,0.028663,0.0,0.90625,0.33333334,1,-2785.0,335380.5,0.13631164,11.5,26635.275,2,1.1111212,1,0.1025479,0.0,0.0,0,0.0,0.125,0.25,0.125,0.9777348,0.47576025,0.25,0.0,9,0.25,0.0,0.33333334,0.0,1,0.25,0.25,0.375,0.0,0.0,0.06633385,0.0,0.125,0.125
0.35069585,0.5102126,0.32901403,0.05148831,-3032.0,15381.0,0.3409091,1,20.0,-120.0,531450.75,0.5662409,12.061121,0.11393333,-110,0,0.97727275,46.0,-40.0,0.2,-580.5,0.0,-2653.0,68178.6,240.0,6750.0,0.0,0.45191613,-1823.0,1.0049427,144.27512,32.0,12078.426,3.015,-344.0,6.909091,0.0,366368.0,0.0,112846.5,8270.295,0.4,-136.5,0.00702,15.13074,0.95652175,0.33333334,1,-1068.0,28884.916,0.0022045802,13.6,6345.09,2,1.0,1,0.1025479,0.0,0.0,0,0.0,0.2,0.4,0.2,0.9777348,0.57827383,0.0,0.0,11,0.2,0.0,0.33333334,0.0,0,0.2,0.0,0.2,0.2,0.0,0.06633385,0.0,0.0,0.0
0.51729655,0.66483635,0.5021294,0.0988905,-2384.1423,14760.0,0.4489796,1,11.75,-159.0,1118129.2,0.5662409,12.061121,0.10933334,-28,0,0.90816325,97.0,-27.0,0.06666667,-967.0909,2078.0774,-2999.0,7603.65,23.0,0.0,0.0,0.90448624,-1348.0,0.97936213,1119.251,30.0,11409.482,10.935,-53.0,3.1734693,2529.067,151039.84,0.0,93364.16,12654.112,0.0,-9.5,0.00733,15.13074,0.92783505,0.90909094,0,-167.0,828184.5,0.00095832645,13.0,14358.735,2,0.93808633,1,0.0346,0.0,0.0,0,0.0,0.06666667,0.53333336,0.4,0.9752,0.34686458,0.2,0.0,10,0.06666667,0.0,0.0,0.2,0,0.4,0.0,0.0,0.0,0.008507274,0.0211,0.010309278,0.06666667,0.0
0.6144144,0.27818897,0.5021294,0.054650392,-1444.0,17811.0,0.0,1,36.0,-783.0,329086.0,0.5662409,12.061121,0.15832,-20,0,1.0,17.0,-19.0,0.8,-974.3333,1013.895,-7922.0,0.0,-1475.0,11083.136,0.0,0.34518945,-557.0,0.9219924,0.0,20.0,18282.555,18282.555,-266.0,6.3333335,1093.23,163406.25,0.0,29577.75,18282.555,0.2,-21.0,0.018634,15.13074,1.0,0.6666667,1,-447.0,382812.5,0.021061325,12.4,0.0,2,0.943917,0,0.1025479,0.0,0.0,0,0.0,0.8,1.0,0.0,0.9777348,0.4571111,0.0,0.0,10,0.8,0.0,0.0,0.8,1,0.2,0.0,0.0,0.0,0.014199425,0.06633385,0.0,0.0,0.0
0.46686402,0.38350585,0.5021294,0.054763637,-2384.1423,13554.0,0.0,1,6.0,-293.0,23146.965,0.5662409,12.061121,0.22311111,-89,0,1.0,7.0,-1126.0,0.0,-664.3333,18.0,-8654.0,102443.516,551.0,0.0,0.0,0.24545455,-1.0,0.9527613,0.0,24.0,3857.8274,3851.865,-573.0,21.0,0.0,431962.28,0.0,111981.0,3859.02,1.0,-15.0,0.005002,15.13074,0.85714287,0.33333334,1,-728.6427,31752.0,0.07275849,12.0,0.0,3,0.8679975,0,0.0088,0.0,0.0,0,0.0,0.0,0.0,1.0,0.9826,0.5846154,0.0,0.0,14,1.0,0.0,0.33333334,0.0,0,0.0,0.0,0.0,0.0,0.0,0.0032,0.0,0.0,0.0
0.63303167,0.7135647,0.5021294,0.1061,-846.0,23872.5,0.36363637,1,10.0,-1774.0,240633.86,0.5662409,12.061121,0.26525,-47,0,0.90909094,10.0,-71.0,0.0,-2187.2,18429.367,-5009.0,-42.82875,-1060.0,0.0,0.0,0.4,0.0,1.0,2187.6135,54.0,21875.805,11.25,-1816.0,26.545454,15033.735,99912.336,0.0,106395.3,24063.75,0.0,-683.5,0.026392,15.13074,1.0,0.6,1,-728.6427,0.0,0.07275849,13.0,24052.5,2,0.8679975,1,0.031,0.0,0.0,0,159835.66,0.0,1.0,0.0,0.9906,0.4571111,0.0,0.0,13,1.0,0.0,0.4,0.0,1,1.0,0.0,0.0,0.0,0.014199425,0.0183,0.0,0.0,0.0
0.7688076,0.48919553,0.8058284,0.105464794,-2342.0,29979.0,0.0,1,12.0,-1281.0,1187809.1,0.5662409,0.0,0.09252778,119,1,1.0,32.0,-16.0,0.33333334,-1610.7858,0.0,-5367.0,19885.822,546.0,6021.0,0.0,1.1398176,-556.0,0.9959522,0.0,70.0,39593.637,11595.06,-85.0,10.133333,0.0,599349.8,0.0,161594.27,21197.373,0.11111111,-468.5,0.010032,15.13074,0.9375,0.85714287,1,-210.0,190962.0,0.0011968229,9.666667,0.0,2,0.9619084,1,0.0894,0.0,0.0,0,22950.0,0.0,0.7777778,0.11111111,0.9776,0.4571111,0.11111111,0.0,9,0.11111111,0.0,0.071428575,0.11111111,0,0.5555556,0.44444445,0.11111111,0.0,0.014199425,0.06633385,0.0,0.11111111,0.44444445
0.62630427,0.3892451,0.5021294,0.032420702,-1385.0,26217.0,0.0,0,21.0,-82.0,262340.9,0.5662409,12.061121,0.16645715,-5,0,1.0,10.0,-535.0,0.0,-293.5,5242.4604,-1859.0,0.0,1014.0,0.0,0.0,0.19476905,-833.0,0.84059274,0.0,19.0,32792.613,10941.03,560.0,9.375,2529.067,1922.0,0.0,229407.75,11535.997,1.0,-16.0,0.006305,15.13074,0.8,0.5,1,-728.6427,0.0,6.8872e-05,6.0,0.0,3,0.8679975,0,0.0075,0.0,0.0,0,12823.701,0.0,0.5,0.0,0.9588,0.4571111,0.0,0.0,5,0.5,0.0,0.25,0.0,1,0.0,0.0,0.5,0.5,0.014199425,0.06633385,0.0,0.0,0.0
0.5108563,0.63827544,0.5021294,0.06721566,-106.0,22405.5,0.0,1,16.0,-416.93738,416962.88,0.5662409,12.061121,0.33193332,-50,0,1.0,24.0,-36.0,0.18181819,-1083.0499,5242.4604,-2450.0,160390.22,1011.9233,0.0,0.0,0.20249747,-299.0,0.9122555,0.0,15.0,19855.375,7871.715,774.7538,9.0,2529.067,431962.28,0.0042077564,378081.47,15510.855,0.0,-132.19705,0.02461,15.13074,0.9166667,0.58311266,1,-182.0,307208.47,0.003452976,11.363636,0.0,2,0.83472455,1,0.0393,0.0,0.0,0,12823.701,0.0,0.54545456,0.36363637,0.9747,0.4571111,0.36363637,49.54514,11,0.09090909,0.014233142,0.23965093,0.0,1,0.09090909,0.0,0.09090909,0.0,0.014199425,0.0485,0.0,0.27272728,0.45454547
0.6195277,0.5962128,0.5021294,0.034346223,-2384.1423,26856.0,0.0,1,10.0,-462.0,57360.06,0.5662409,12.061121,0.23872,-11,0,1.0,11.0,-724.0,0.0,-658.5,0.0,-4678.0,366562.1,1364.0,4455.0,0.0,0.14387661,0.0,1.0219152,0.0,27.0,5736.006,5615.64,-2.0,21.5,0.0,431962.28,0.0,675153.94,5749.38,1.0,-7.0,0.072508,15.13074,0.90909094,0.5,0,-728.6427,307208.47,0.07275849,11.0,0.0,1,0.8679975,0,0.0421,0.0,1.0,0,0.0,0.0,0.0,1.0,0.9732,0.4571111,0.0,0.0,16,1.0,0.0,0.0,0.0,0,0.0,0.0,0.0,0.0,0.014199425,0.0,0.0,0.0,0.0
0.5108563,0.69635314,0.5021294,0.029471561,-3866.0,16047.0,0.85507244,1,9.2,-416.93738,437845.78,0.64285713,12.061121,0.14264,56,0,0.95652175,46.0,-23.0,0.0,-1083.0499,5242.4604,-3592.0,160390.22,1011.9233,9891.0,0.06521739,0.20661499,-790.0,1.0012811,446.18542,49.0,6345.591,384.84,774.7538,8.492754,2529.067,431962.28,0.0042077564,378081.47,6231.555,0.33333334,-132.19705,0.028663,7.3333335,0.95652175,0.58311266,1,-728.6427,307208.47,0.0030997153,13.166667,9617.85,2,0.8679975,1,0.0088,0.0,0.0,0,12823.701,0.16666667,0.5,0.16666667,0.9752,0.4571111,0.16666667,49.54514,13,0.16666667,0.014233142,0.23965093,0.33333334,1,0.16666667,0.33333334,0.16666667,0.0,0.014199425,0.0157,0.0,0.0,0.0
0.6212263,0.71257144,0.5021294,0.08084904,-2384.1423,15255.0,0.0,1,12.0,-260.0,134755.02,0.5662409,12.061121,0.18833333,-22,0,1.0,11.0,-50.0,0.33333334,-665.75,0.0,-602.0,80860.39,296.0,11083.136,0.0,0.4292869,-334.0,0.9212959,0.0,33.0,13475.502,11386.17,-702.0,13.5,0.0,882.0,0.0,114858.46,11386.17,0.33333334,-102.5,0.004849,15.13074,0.90909094,0.5,0,-260.0,54120.5,0.0005638356,14.333333,0.0,2,0.9045055,0,0.0038,0.0,0.0,0,0.0,0.33333334,0.6666667,0.33333334,0.9583,0.4571111,0.0,0.0,14,0.6666667,0.0,0.0,0.0,0,0.33333334,0.0,0.0,0.0,0.014199425,0.06633385,0.0,0.0,0.0
0.5108563,0.38242587,0.5021294,0.05,-2384.1423,6750.0,24.925926,1,26.0,-416.93738,2148039.8,0.5662409,12.061121,0.023076924,73,0,2.1215038,45.0,-58.0,0.0,-1083.0499,5242.4604,-14503.0,160390.22,1011.9233,5400.0,0.08888889,2.1666667,-1278.0,0.87131304,-34177.406,66.0,79557.02,11.7,774.7538,16.444445,2529.067,431962.28,0.0042077564,378081.47,19697.865,0.2,-132.19705,0.006629,15.13074,0.51111114,0.58311266,0,-728.6427,307208.47,0.019977298,7.0,11801.7,2,0.8679975,1,0.021,0.0,0.14340623,1,12823.701,0.0,0.4,0.2,0.9791,0.4571111,0.2,49.54514,9,0.2,0.014233142,0.23965093,0.2,0,0.2,0.0,0.0,0.0,0.014199425,0.0111,0.0,0.2,0.0
0.3217353,0.31686375,0.5021294,0.06713686,-101.0,28057.5,0.0,0,12.666667,-432.0,137431.75,0.5662409,31.0,0.2494,122,0,1.0,17.0,-166.0,0.25,-327.0,0.0,-6448.0,0.0,-66.0,11250.0,0.0,0.2691935,-166.0,0.97742045,0.0,78.0,9816.554,4871.16,-36.0,34.714287,0.0,431962.28,0.0,22477.5,6306.06,0.125,-430.0,0.009549,15.13074,0.8235294,0.5,1,-166.0,307208.47,0.04126644,12.25,0.0,2,0.75941676,0,0.0334,0.0,0.0,0,0.0,0.0,0.5,0.375,0.9742,0.4571111,0.125,0.0,11,0.125,0.0,0.5,0.0,1,0.25,0.125,0.0,0.0,0.014199425,0.0582,0.05882353,0.0,0.0
0.5108563,0.35702088,0.37611562,0.05,-229.0,13500.0,0.1904762,1,36.0,-416.93738,176994.19,0.5662409,12.061121,0.15789473,-89,0,4.191869,19.0,-30.0,0.0,-2361.0,13601.79,-663.0,0.0,1011.9233,0.0,0.0,0.31666666,-599.0,0.6967418,-6.1885715,30.0,8428.294,1286.64,-1812.0,3.5714285,2529.067,431962.28,0.0,216855.0,8839.17,0.0,-132.19705,0.020246,15.13074,1.0,1.0,0,-728.6427,307208.47,0.07275849,11.0,7552.53,3,0.8679975,0,0.0043,0.0,0.0,1,12823.701,0.0,0.0,1.0,0.9742,0.4571111,1.0,0.0,9,1.0,0.0,0.0,1.0,1,0.0,0.0,0.0,0.0,0.014199425,0.0067,0.0,0.0,0.0
0.6577838,0.75829893,0.24250327,0.03894,-2384.1423,26284.5,0.0,0,12.0,-1026.0,32927.49,0.5662409,4.0,0.23364,65,1,1.0,8.0,-299.0,0.0,-1026.0,5242.4604,-1656.0,0.0,352.0,3212.55,0.0,0.16666667,-512.0,1.1109402,0.0,33.0,4703.9272,2938.905,774.7538,12.571428,2529.067,431962.28,0.0,135000.0,2938.905,0.0,-381.0,0.0228,15.13074,0.875,0.0,0,-728.6427,307208.47,0.07275849,11.0,0.0,2,0.8679975,1,0.1025479,0.0,0.0,0,0.0,0.0,1.0,0.0,0.9777348,0.3888889,0.0,0.0,8,1.0,0.0,1.0,0.0,0,1.0,1.0,0.0,0.0,0.0,0.06633385,0.0,0.0,0.0
0.6817059,0.08815889,0.29572722,0.079289764,-2913.0,35869.5,0.5797101,1,16.0,-29.0,759166.5,0.5662409,12.061121,0.17713334,1,0,0.884058,65.0,-25.0,0.125,-825.0,5242.4604,-2684.0,28350.0,-13.0,4095.0,0.0,0.44762757,-1684.0,0.9590495,1854.7252,31.0,11002.413,65.52,-1152.0,4.927536,2529.067,95922.0,0.0,110899.125,12643.148,0.75,-10.5,0.009657,15.13074,0.95384616,0.5,1,-1684.0,49298.0,0.008485006,11.375,17431.516,2,1.0,0,0.0444,0.125,1.0,0,0.0,0.0,0.375,0.5,0.9911,0.15356417,0.125,0.0,13,0.125,0.0,0.25,0.0,1,0.0,0.25,0.25,0.5,0.026785715,0.0474,0.0,0.0,0.25
0.20559815,0.68419415,0.5021294,0.07946203,-2361.0,22599.0,5.279412,0,22.5,-72.0,2490185.5,0.5662409,9.0,0.14348571,-75,0,0.8600915,46.0,-15.0,0.2857143,-72.0,5242.4604,-4234.0,8469.0,1055.0,0.0,0.5217391,0.5537975,-1054.0,0.872997,2176.0273,48.0,36620.375,0.09,774.7538,8.867647,2529.067,431962.28,0.0,81000.0,23974.818,0.2857143,-3.0,0.025164,15.13074,0.9130435,0.0,0,-931.0,307208.47,0.004087355,11.714286,36668.023,2,0.77532905,1,0.1025479,0.0,0.0,0,0.0,0.42857143,0.42857143,0.14285715,0.9777348,0.4571111,0.2857143,0.0,8,0.14285715,0.0,1.0,0.0,0,0.2857143,0.0,0.42857143,0.2857143,0.014199425,0.06633385,0.02173913,0.0,0.14285715
0.7801436,0.6948066,0.5021294,0.029340975,-4849.0,36864.0,0.58928573,1,10.666667,-416.93738,1389157.6,0.5662409,7.0,0.16384,-25,0,0.85714287,51.0,-22.0,0.0,-2157.0,9925.357,-7465.0,0.0,1011.9233,22500.0,0.0,0.1790831,-1523.0,1.0482411,5948.1836,104.0,24806.387,1.89,-1693.0,17.392857,2529.067,115903.336,0.0,1222067.9,22712.744,0.14285715,-132.19705,0.032561,0.0,0.9411765,1.0,0,-728.6427,307208.47,0.015623482,14.571428,41635.395,1,0.8679975,0,0.0433,0.0,0.0,0,12823.701,0.0,0.2857143,0.5714286,0.9732,0.4571111,0.14285715,0.0,16,0.14285715,0.0,0.0,0.0,0,0.42857143,0.14285715,0.0,0.0,0.014199425,0.0245,0.0,0.0,0.14285715
0.61782616,0.24786034,0.5021294,0.04698953,-2871.0,16155.0,0.44444445,1,4.0,-416.93738,49281.344,0.5662409,12.061121,0.27615383,-8,0,0.8888889,9.0,-452.0,0.2,-672.0,5242.4604,-4549.0,160390.22,1011.9233,4045.5,0.0,0.17015707,0.0,0.8909001,684.685,34.0,5475.705,137.835,-125.0,7.0,2529.067,431962.28,0.0,85941.0,4206.0825,0.0,-132.19705,0.035792,0.0,0.8888889,1.0,1,-674.0,307208.47,0.017799865,9.4,6024.33,2,0.7421547,1,0.1025479,0.2,0.0,0,12823.701,0.2,0.4,0.4,0.9777348,0.4571111,0.2,0.0,17,0.2,0.0,0.0,0.0,0,0.0,0.0,0.0,0.0,0.014199425,0.06633385,0.0,0.0,0.0
0.5108563,0.42483747,0.5021294,0.05,-348.0,9000.0,0.0,0,12.0,-416.93738,120255.7,0.5662409,12.061121,0.06666667,-99,1,1.3163698,10.0,-32.0,0.0,-1083.0499,5242.4604,-8648.0,160390.22,1011.9233,8325.0,0.0,0.75,0.0,0.8838685,-1236.8823,20.0,10932.337,10338.255,774.7538,10.818182,2529.067,431962.28,0.0042077564,378081.47,10338.255,1.0,-132.19705,0.018634,15.13074,1.0,0.58311266,0,-728.6427,307208.47,0.07275849,16.0,0.0,2,0.8679975,1,0.0866,0.0,0.0,1,12823.701,0.0,1.0,0.0,0.9801,0.4571111,0.0,49.54514,10,1.0,0.014233142,0.23965093,0.0,1,0.0,1.0,0.0,0.0,0.014199425,0.0631,0.0,0.0,0.0
0.34252888,0.6709913,0.5021294,0.030384734,-1999.0,59890.5,0.0,0,48.0,-273.0,1192919.5,0.5662409,5.0,0.24198182,127,1,2.3656328,3.0,-40.0,0.33333334,-966.0,0.0,-3881.0,107578.5,830.0,11083.136,0.0,0.12556618,-124.0,0.9566043,-45000.0,9.0,238583.89,90000.0,-1421.0,2.6,2529.067,431962.28,0.0,221400.0,28966.5,0.0,-9.0,0.008625,15.13074,1.0,0.33333334,0,-123.0,14280.5,0.0037663693,15.333333,0.0,2,0.91320866,1,0.1025479,0.0,0.0,0,0.0,0.6666667,0.33333334,0.6666667,0.9777348,0.4571111,0.6666667,0.0,18,1.0,0.0,1.0,0.0,0,0.0,0.0,0.0,0.0,0.014199425,0.06633385,0.0,0.0,0.0
0.072496675,0.30612946,0.5021294,0.05,-1289.0,13500.0,0.8888889,1,9.0,-402.0,63973.8,0.5662409,12.061121,0.1,-22,1,0.8888889,18.0,-171.0,0.4,-1302.25,8481.082,-1311.0,5602.5,-702.0,7641.0,0.0,0.5,-661.0,1.0076988,725.36,154.0,3554.1,507.78,-825.0,36.72222,2529.067,1692800.0,0.0,159004.12,4504.4326,0.0,-212.5,0.010006,15.13074,0.9444444,0.5,0,-245.0,223780.5,0.0126487315,15.0,6020.46,2,0.8535336,0,0.1025479,0.0,0.0,1,0.0,0.2,0.6,0.4,0.9777348,0.4571111,0.2,0.0,13,0.4,0.0,0.25,0.2,1,0.4,0.2,0.4,0.0,0.014199425,0.06633385,0.0,0.2,0.0
0.43296167,0.512289,0.33439672,0.073008336,-3137.0,39424.5,0.0,1,12.0,-289.0,40809.195,0.5662409,12.061121,0.29203334,-50,0,1.0,7.0,-39.0,0.0,-1296.3334,16978.068,-3299.0,207461.34,260.0,11250.0,0.0,0.25,0.0,1.0882925,0.0,15.0,5829.885,5829.885,-534.0,12.142858,42445.17,1211232.4,0.0,292848.0,5829.885,0.0,-622.0,0.018209,15.13074,1.0,0.5,1,-728.6427,902008.3,0.07275849,8.0,0.0,3,0.8679975,1,0.2435,0.0,0.0,0,0.0,0.0,0.0,1.0,0.9777348,0.1773526,0.0,0.0,8,1.0,0.0,0.33333334,0.0,0,1.0,0.0,0.0,0.0,0.0,0.1311,0.0,0.0,0.0
0.5814837,0.5498848,0.5021294,0.039775055,-1405.0,44559.0,0.0,1,12.0,-638.0,126792.9,0.5662409,12.061121,0.26057896,-112,1,1.0,13.0,-47.0,0.0,-1880.5,0.0,-7592.0,95623.875,-1589.0,0.0,0.0,0.15264109,-422.0,1.0,0.0,21.0,9753.3,9753.3,-2639.0,14.384615,0.0,431962.28,0.0,211347.5,6001.65,0.0,-199.66667,0.003122,0.0,1.0,0.25,1,-728.6427,1089721.0,0.0,13.6,0.0,3,0.8679975,1,0.1025479,0.2,0.0,0,0.0,0.2,0.8,0.2,0.9777348,0.4571111,0.0,0.0,12,0.2,0.0,0.5,0.2,1,0.0,0.0,0.2,0.0,0.014199425,0.06633385,0.0,0.0,0.0
0.33125088,0.32408285,0.1321238,0.07926918,-1981.0,39438.0,0.3243243,1,11.666667,-109.0,707935.5,0.5662409,12.061121,0.19475555,29,0,0.9459459,39.0,-8.0,0.42857143,-109.0,0.0,-3138.0,128461.5,256.0,3150.0,0.025641026,0.4070188,-36.0,0.8540855,918.6981,150.0,19133.393,1.215,774.7538,28.594595,0.0,431962.28,0.0,167421.6,13844.61,0.42857143,-17.0,0.010147,0.0,0.8974359,0.0,1,-930.0,307208.47,0.077959046,11.642858,19607.85,2,0.8833922,1,0.1025479,0.0,0.0,0,0.0,0.5714286,0.71428573,0.071428575,0.9777348,0.75,0.0,0.0,11,0.071428575,0.0,0.0,0.0,1,0.071428575,0.14285715,0.5,0.0,0.0,0.06633385,0.0,0.0,0.071428575
0.24988507,0.6619113,0.44915313,0.029238561,-2187.0,37669.5,4.162791,0,8.75,-215.0,371572.2,0.5662409,13.0,0.16742,5,0,0.81395346,37.0,-1084.0,0.0,-1692.0625,7146.982,-5241.0,45801.83,-1032.0,33030.0,1.6486486,0.17464198,-1818.0,1.0235531,1371.6973,36.0,8641.214,2.52,-927.0,7.023256,2914.083,325669.88,0.0,137777.88,11131.2,0.75,-439.5,0.035792,15.13074,0.9459459,0.625,1,-728.6427,342669.88,0.0070436844,14.0,7881.255,2,0.8679975,0,0.1025479,0.0,0.0,0,82128.99,0.0,0.0,0.5,0.9777348,0.4571111,0.0,0.0,11,0.25,0.0,0.375,0.25,1,0.25,0.5,0.0,0.0,0.014199425,0.06633385,0.0,0.0,0.25
0.5108563,0.22976062,0.5021294,0.051058248,-263.0,25402.5,0.0,1,10.0,-416.93738,60537.15,0.5662409,13.0,0.16128571,37,1,1.5259498,4.0,-83.0,0.0,-1083.0499,5242.4604,-4341.0,160390.22,1011.9233,0.0,0.0,0.3165702,-11.0,1.0,-4500.0,68.0,12107.43,5179.05,774.7538,39.8,2529.067,431962.28,0.0042077564,378081.47,7100.865,0.0,-132.19705,0.006008,15.13074,1.0,0.58311266,1,-728.6427,307208.47,0.07275849,12.0,0.0,2,0.8679975,1,0.046,0.0,0.0,0,12823.701,0.0,1.0,0.0,0.9776,0.4571111,1.0,49.54514,16,1.0,0.014233142,0.23965093,0.0,1,0.0,1.0,0.0,0.0,0.014199425,0.0093,0.0,0.0,0.0
0.53348166,0.72942835,0.5021294,0.057863925,-7087.0,16456.5,0.0,1,12.0,-8.0,139789.39,0.5662409,12.061121,0.10448571,-80,1,1.0,12.0,-19.0,0.0,-301.83334,0.0,-6101.0,20320.5,-16.0,11083.136,0.0,0.5537975,-375.0,0.8710003,0.0,6.0,11649.116,11639.34,-1365.0,4.0833335,0.0,431962.28,0.0,66275.07,11650.005,1.0,-13.8,0.006207,15.13074,1.0,0.16666667,1,-728.6427,1395.2,0.07275849,17.0,0.0,2,0.8679975,1,0.0819,0.0,0.0,0,0.0,1.0,1.0,0.0,0.9791,1.0,0.0,0.0,14,1.0,0.0,0.33333334,0.0,0,0.0,1.0,0.0,0.0,0.0,0.06633385,0.0,0.0,0.0
0.27933532,0.4392546,0.6722835,0.05106,-1180.0,11488.5,0.0,1,26.0,-139.0,249737.17,0.5662409,16.0,0.07294286,0,0,1.0,19.0,-973.0,0.0,-929.5,0.0,-205.0,917618.5,272.0,7146.0,0.0,0.7,-1487.0,0.91450036,0.0,22.0,14690.422,13055.76,1446.0,12.588235,2529.067,408083.28,0.0,825957.6,20218.244,0.0,-11.0,0.007114,15.13074,0.84210527,0.78571427,1,-728.6427,26581.0,0.015731039,14.6,0.0,2,0.8679975,0,0.0648,0.0,0.0,0,0.0,0.0,0.4,0.6,0.9767,0.36139935,0.4,0.0,13,0.2,0.071428575,0.071428575,0.2,1,0.2,0.0,0.4,0.0,0.004736842,0.0366,0.05263158,0.2,0.2
0.5064842,0.6559797,0.7819617,0.055965126,-3653.0,58347.0,0.0,0,18.0,-977.0,4698715.0,1.5714285,12.061121,0.12966,33,1,0.9852941,46.0,-18.0,0.0,-1668.75,5242.4604,-7692.0,159563.25,-94.0,0.0,0.0,0.43162984,-1098.0,0.93981236,686.7708,47.0,69098.75,41.805,-1537.0,14.426471,2529.067,117870.336,0.0,977032.7,48697.74,0.0,-71.25,0.04622,188.37363,1.0,0.5,1,-728.6427,138966.67,0.0032806993,11.5,45000.0,1,0.8679975,1,0.1654,0.25,0.0,0,0.0,0.25,0.5,0.5,0.9796,0.58803093,0.25,0.0,14,0.25,0.0,0.375,0.0,0,0.0,0.0,0.5,0.0,0.0,0.1562,0.0,0.0,0.0
0.4920601,0.14847378,0.44535074,0.103175,-2384.1423,18571.5,1.15625,0,24.0,-243.0,267686.0,0.5662409,12.061121,0.18759091,52,0,0.75,25.0,-124.0,0.0,-1132.5,0.0,-3914.0,89423.336,-1235.0,0.0,0.32,0.55,0.0,0.85354173,2790.3657,33.0,8365.1875,0.225,-426.0,8.09375,0.0,307840.34,0.0,127351.5,11177.775,0.0,-593.3333,0.015221,15.13074,0.96,0.5,1,-728.6427,984720.3,0.07275849,7.0,11047.05,2,0.8679975,1,0.1025479,0.0,0.0,0,3.54,0.0,0.0,0.0,0.9777348,0.29676265,0.0,0.0,12,0.0,0.0,0.33333334,0.0,0,1.0,0.0,0.0,0.0,0.0,0.06633385,0.0,0.0,0.0
0.3217353,0.3460003,0.42830366,0.05,-5431.0,31500.0,0.0,1,8.0,-296.0,223154.14,0.5662409,5.0,0.1,32,1,1.0,13.0,-303.0,0.4,-1442.4286,5091.645,-301.0,2078.76,-2556.0,0.0,0.0,0.5,-694.0,0.97111285,0.0,16.0,20286.74,13380.885,175.0,12.181818,3281.4675,541771.7,0.0,663582.2,16160.445,0.0,-60.0,0.025164,15.13074,0.84615386,0.5714286,0,-479.0,1644444.4,0.0041723438,11.2,0.0,2,1.0,1,0.1016,0.4,1.0,1,0.0,0.2,0.4,0.0,0.999,0.4554503,0.4,0.0,9,0.4,0.0,0.14285715,0.0,0,0.0,0.0,0.0,0.0,0.021680672,0.0134,0.0,0.0,0.0
0.5108563,0.21094082,0.5021294,0.05629747,-2384.1423,16011.0,0.0,0,12.0,-416.93738,130081.86,0.5662409,12.061121,0.41858822,84,0,1.0,24.0,-10.0,0.0,-1083.0499,5242.4604,-11528.0,160390.22,1011.9233,11083.136,0.0,0.13449366,0.0,0.93808633,0.0,47.0,5655.733,5045.985,774.7538,17.347826,2529.067,431962.28,0.0042077564,378081.47,5434.5376,0.33333334,-132.19705,0.006008,15.13074,0.9583333,0.58311266,1,-728.6427,307208.47,0.0,15.333333,0.0,2,0.8679975,1,0.0588,0.0,0.0,0,12823.701,0.33333334,0.6666667,0.0,0.9786,0.4571111,0.0,49.54514,12,0.33333334,0.014233142,0.23965093,0.0,0,0.33333334,0.0,0.33333334,0.0,0.014199425,0.0457,0.0,0.0,0.0
0.7992968,0.51476365,0.62225795,0.029369628,-999.0,29520.0,2.3333333,1,8.0,-315.0,174570.34,0.5662409,13.0,0.328,-19,0,0.8888889,16.0,-1769.0,0.0,-1597.2222,2333.5715,-7398.0,14931.415,-452.0,9450.0,0.0,0.08954155,-2225.0,1.0426154,962.115,16.0,9698.353,22.635,-386.0,6.7222223,0.0,356308.28,0.0,160494.23,10463.692,0.5,-401.0,0.006852,15.13074,1.0,0.7777778,1,-728.6427,346944.5,0.00051809073,9.0,8636.4,3,0.8679975,1,0.0401,0.0,0.0,0,299.7675,0.0,0.5,0.0,0.9742,0.4571111,0.0,0.0,6,0.5,0.0,0.22222222,0.0,0,0.5,0.5,0.0,0.0,0.014199425,0.0124,0.0,0.0,0.5
0.62630427,0.47746623,0.815121,0.0671,-1811.0,48312.0,0.15151516,1,18.0,-416.93738,680049.94,0.5662409,12.061121,0.2684,83,1,0.969697,36.0,-4.0,0.16666667,-436.0,0.0,-8222.0,0.0,1011.9233,6797.7,0.0,0.25,-1661.0,0.97788036,1045.1522,34.0,20607.574,703.305,-71.0,8.606061,2529.067,431962.28,0.0,77568.57,15410.64,0.16666667,-132.19705,0.072508,15.13074,0.9166667,1.0,0,-483.0,307208.47,0.010381593,17.333334,33786.72,1,1.0,0,0.1624,0.0,0.0,0,12823.701,0.16666667,1.0,0.0,0.9806,0.4571111,0.0,0.0,12,0.16666667,0.0,0.0,0.0,0,0.33333334,0.33333334,0.0,0.0,0.014199425,0.0127,0.027777778,0.0,0.0
0.5108563,0.55762273,0.5021294,0.06729378,-244.0,18414.0,0.0,1,12.0,-416.93738,89194.05,0.5662409,4.0,0.16368,-70,1,1.0,12.0,-2436.0,0.0,-1083.0499,5242.4604,-695.0,160390.22,1011.9233,0.0,0.0,0.4111301,0.0,0.90992385,0.0,67.0,8108.55,7450.83,774.7538,10.636364,2529.067,431962.28,0.0042077564,378081.47,7450.83,1.0,-132.19705,0.031329,15.13074,0.9166667,0.58311266,1,-728.6427,307208.47,0.07275849,10.0,0.0,2,0.8679975,1,0.0084,0.0,0.0,0,12823.701,0.0,0.0,1.0,0.9717,0.4571111,0.0,49.54514,10,1.0,0.014233142,0.23965093,0.0,1,0.0,0.0,0.0,0.0,0.014199425,0.06633385,0.0,0.0,0.0
0.6690567,0.70011747,0.76971644,0.029231887,-2384.1423,15916.5,1.768116,1,6.0,-1823.0,556781.56,0.42857143,12.061121,0.14148,-23,0,0.98550725,18.0,-21.0,0.0,-2059.5,0.0,-3972.0,175671.0,373.0,36000.0,0.0,0.20661499,-1799.0,0.5179043,235.095,31.0,8069.298,67.635,-1201.0,5.4927535,2529.067,431962.28,0.0,227434.5,11451.96,0.0,-5.0,0.007114,0.8042328,0.8888889,0.5,1,-728.6427,307208.47,0.5364497,16.5,16153.92,2,0.8679975,1,0.1085,0.0,0.0,0,0.0,0.0,0.5,0.5,0.9846,0.4571111,0.0,0.0,16,0.5,0.0,0.5,0.5,0,0.5,0.5,0.5,0.0,0.014199425,0.1087,0.055555556,0.0,0.0
0.6212263,0.56234276,0.5021294,0.04258283,-1011.0,25726.5,0.0,0,14.666667,-66.0,718360.3,2.6666667,12.061121,0.24856521,-46,0,1.0696305,36.0,-17.0,0.25,-989.6,5242.4604,-6622.0,96678.0,1036.0,15862.5,0.0,0.17131451,-2033.0,0.9783106,-1040.8289,101.0,22448.76,3045.78,-680.0,23.3125,2529.067,183427.0,0.0,395650.8,10429.595,0.25,-10.0,0.018634,21.333334,0.8611111,0.6,1,-230.0,262088.0,0.0027159937,10.5,0.0,2,0.93808633,1,0.1025479,0.083333336,1.0,0,0.0,0.16666667,0.25,0.25,0.9777348,0.4571111,0.41666666,0.0,10,0.083333336,0.0,0.2,0.083333336,1,0.16666667,0.33333334,0.25,0.0,0.014199425,0.06633385,0.027777778,0.41666666,0.0
0.62630427,0.5534544,0.1576558,0.05454,-1681.0,24543.0,12.318182,1,7.0,-206.0,94762.62,0.5662409,12.061121,0.14352632,69,0,0.8636364,16.0,-25.0,0.0,-815.75,0.0,-3551.0,7534.95,97.0,9175.5,1.625,0.38,-1004.0,1.1250306,1332.8632,44.0,4307.3916,348.165,-290.0,5.318182,0.0,224407.0,0.0,41181.66,7559.37,0.0,-21.0,0.015221,15.13074,0.9375,0.75,1,-728.6427,307208.47,0.031265333,14.5,9428.67,2,0.8679975,0,0.1025479,0.0,0.0,0,0.0,0.0,1.0,0.0,0.9777348,0.63616073,0.5,0.0,9,0.5,0.0,0.0,0.0,1,0.5,1.0,0.5,0.0,0.0,0.06633385,0.0,0.0,0.0
0.6817059,0.58658004,0.5021294,0.05130742,-3746.0,13068.0,0.0,0,12.0,-232.0,30925.664,0.5662409,12.061121,0.09075,-38,0,1.0,6.0,-2026.0,0.0,-1095.375,0.0,-258.0,173347.88,-1998.0,9000.0,0.0,0.56537104,-2214.0,1.285956,0.0,31.0,5154.2773,2829.195,10340.0,21.166666,0.0,397297.66,0.0,387986.8,2829.195,1.0,-519.0,0.031329,15.13074,1.0,0.5,1,-728.6427,931804.25,0.07275849,15.0,0.0,2,0.8679975,1,0.0217,0.0,0.0,0,131250.0,0.0,0.0,0.0,0.9856,0.34876147,0.0,0.0,13,1.0,0.0,0.25,0.0,1,0.0,1.0,0.0,0.0,0.0,0.06633385,0.0,0.0,0.0
0.48845518,0.38164115,0.5021294,0.05,-2043.0,9000.0,0.0,1,10.0,-231.0,25833.06,0.5662409,12.061121,0.05,79,1,1.0,4.0,-48.0,0.0,-589.6667,5242.4604,-2378.0,1877380.5,878.0,0.0,0.0,1.0,-392.0,0.9191187,0.0,36.0,6458.265,6458.265,-737.0,30.75,2529.067,431962.28,0.0,1951800.0,6458.265,0.0,-7.0,0.006852,15.13074,1.0,0.33333334,0,-728.6427,20808.0,0.07275849,9.0,0.0,3,0.8679975,1,0.1025479,0.0,0.0,1,0.0,0.0,1.0,0.0,0.9777348,0.4571111,1.0,0.0,9,1.0,0.33333334,0.33333334,0.0,1,0.0,1.0,0.0,0.0,0.014199425,0.06633385,0.0,0.0,0.0
0.5108563,0.7655378,0.5021294,0.09507675,-10993.0,94828.5,0.0,0,4.5,-416.93738,618339.44,0.5662409,9.0,0.21073,-94,0,1.0,6.0,-16.0,0.0,-1083.0499,5242.4604,-11778.0,160390.22,1011.9233,0.0,0.0,0.451178,-195.0,1.0,0.0,12.0,103056.57,103056.57,774.7538,5.1666665,2529.067,431962.28,0.0042077564,378081.47,52653.285,0.0,-132.19705,0.072508,0.0,1.0,0.58311266,0,-728.6427,307208.47,0.0,12.0,0.0,1,0.8679975,1,0.1744,0.0,0.0,0,12823.701,0.5,0.0,0.0,0.9806,0.4571111,0.5,49.54514,14,1.0,0.014233142,0.23965093,0.0,0,0.0,0.0,0.0,0.0,0.014199425,0.06633385,0.0,0.0,1.0
0.5478105,0.5345957,0.78173256,0.07899525,-2384.1423,17973.0,0.27272728,1,20.0,-283.0,303065.62,0.083333336,12.061121,0.15976,-86,0,0.95454544,36.0,-17.0,0.46153846,-569.8,5242.4604,-10738.0,134847.0,448.0,0.0,0.0,0.494462,-8.0,0.93326646,320.84863,71.0,4591.904,4.41,1028.0,13.106061,2529.067,35378.0,0.0,174861.0,6293.505,0.3846154,-54.333332,0.019689,10.810606,0.9722222,0.4,0,-14.0,6348.0,0.006128181,9.923077,6975.225,2,0.83472455,1,0.1025479,0.0,0.0,0,0.0,0.0,0.3846154,0.30769232,0.9777348,0.70666665,0.15384616,0.0,14,0.23076923,0.0,0.4,0.15384616,0,0.07692308,0.23076923,0.30769232,0.15384616,0.0,0.06633385,0.0,0.15384616,0.07692308
0.70018387,0.6551551,0.5021294,0.052779157,-2313.0,16263.0,0.0,0,13.592881,-307.0,4205.385,0.5662409,12.0,0.120466664,-31,0,1.0,2.0,-2904.0,0.1108971,-641.0,0.0,-1830.0,9604.245,68.0,11083.136,0.0,0.4381225,-3209.0,0.96875226,0.0,0.0,4205.385,4205.385,969.0,0.0,0.0,4802.0,0.0,131157.0,13925.762,0.23777755,-4.0,0.035792,15.13074,0.5,0.6666667,1,-728.6427,307208.47,0.07275849,12.661583,0.0,2,0.8679975,1,0.1025479,0.068525076,0.0,0,0.0,0.080552734,0.47940668,0.2845134,0.9777348,0.4571111,0.21002875,0.0,14,0.35041127,0.0,0.0,0.14514303,1,0.25491133,0.2090302,0.14553413,0.027647203,0.014199425,0.06633385,0.0,0.053136926,0.14762497
0.8193177,0.6741456,0.8317041,0.029336667,-14081.0,39604.5,0.0,1,10.0,-416.93738,260108.78,0.5662409,4.0,0.22566667,-119,0,1.0,11.0,-366.0,0.0,-1067.5,23805.0,-2038.0,0.0,1011.9233,26064.0,0.0,0.13,-627.0,1.1111112,0.0,43.0,28900.975,26066.07,-52.0,20.11111,2529.067,795113.7,0.0,369009.72,26066.07,0.0,-132.19705,0.026392,15.13074,0.90909094,1.0,1,-728.6427,307208.47,0.07275849,14.0,0.0,2,0.8679975,1,0.1025479,0.0,0.0,0,12823.701,0.0,0.0,0.0,0.9777348,0.4571111,1.0,0.0,10,1.0,0.0,0.0,0.0,1,0.0,0.0,0.0,0.0,0.014199425,0.06633385,0.0,0.0,0.0
0.5108563,0.22772752,0.60511786,0.032458335,-5163.0,21033.0,4.4545455,1,23.333334,-416.93738,646637.06,0.5662409,8.0,0.19475,-106,0,0.7719881,43.0,-39.0,0.45454547,-1083.0499,5242.4604,-6110.0,160390.22,1011.9233,4500.0,2.7441862,0.16666667,-1354.0,0.9915937,4453.367,37.0,12200.7,20.565,774.7538,7.981818,2529.067,431962.28,0.0042077564,378081.47,13225.59,0.09090909,-132.19705,0.020246,15.13074,0.9767442,0.58311266,0,-8.0,307208.47,0.0018728322,13.636364,29528.596,3,1.0,0,0.0579,0.0,0.0,0,12823.701,0.0,0.8181818,0.09090909,0.9791,0.4571111,0.6363636,49.54514,12,0.09090909,0.014233142,0.23965093,0.0,1,0.09090909,0.18181819,0.09090909,0.0,0.014199425,0.0585,0.0,0.45454547,0.0
0.5531647,0.6527451,0.5021294,0.05,-2384.1423,20250.0,0.06666667,1,12.0,-70.0,113815.89,0.5662409,12.061121,0.18,-3,1,1.0,15.0,-30.0,0.0,-2113.4,16175.25,-8071.0,155602.5,-2362.0,18000.0,0.0,0.2777778,-164.0,1.2575463,0.0,16.0,7587.726,5268.78,-535.0,6.266667,2529.067,45050.332,0.0,493094.7,5268.78,0.0,-1179.5,0.026392,15.13074,0.93333334,0.6,0,-728.6427,3432200.0,0.07275849,18.0,0.0,2,0.8679975,1,0.0021,0.0,0.0,1,0.0,0.0,0.0,1.0,0.9697,0.4571111,0.0,0.0,15,0.0,0.0,0.0,0.0,0,1.0,0.0,0.0,0.0,0.014199425,0.06633385,0.0,0.0,0.0
0.24054141,0.17568882,0.5021294,0.04536875,-258.0,32665.5,0.0,0,16.0,-360.0,125114.04,0.5662409,12.061121,0.2135,-64,0,1.0,18.0,-171.0,0.0,-692.5,5242.4604,-703.0,65904.75,369.0,13500.0,0.0,0.2125,0.0,0.92081356,0.0,41.0,7359.6494,6965.505,-660.0,22.411764,2529.067,431962.28,0.0,225000.0,11910.24,0.5,-25.0,0.026392,15.13074,0.9444444,0.5,0,-728.6427,307208.47,0.0066248984,11.0,0.0,2,0.8679975,0,0.1025479,0.0,0.0,0,12823.701,0.0,1.0,0.0,0.9777348,0.4571111,0.5,0.0,9,0.5,0.0,0.0,0.5,0,0.0,0.5,0.0,0.0,0.014199425,0.06633385,0.0,0.0,0.0
0.67065173,0.68386805,0.5021294,0.03304746,-1366.0,48136.5,0.6666667,0,17.333334,-204.0,2333409.2,0.9166667,12.061121,0.23771112,45,0,0.97333336,29.0,-14.0,0.0,-2021.4445,1439.3475,-6888.0,114588.0,586.0,3375.0,0.2413793,0.13902362,-1847.0,0.6455389,3.48,36.0,31112.125,2.295,-622.0,6.693333,2529.067,360851.7,0.0,265353.8,25892.926,0.25,-27.0,0.030755,1.5199275,0.8965517,0.8888889,1,-728.6427,307208.47,0.3162093,15.0,128.205,2,0.8679975,1,0.1025479,0.0,1.0,0,0.0,0.0,0.5,0.25,0.9777348,0.4571111,0.0,0.0,18,0.25,0.0,0.11111111,0.5,1,0.25,0.25,0.25,0.0,0.014199425,0.06633385,0.03448276,0.0,0.0
0.6986675,0.5425297,0.5021294,0.103298,-2384.1423,15786.0,0.0,1,14.5,-93.0,761493.6,0.5662409,12.061121,0.11693333,-83,0,1.0,70.0,-23.0,0.0,-788.8,0.0,-10008.0,1762.0,-2.0,73125.0,0.0,0.8833922,-1843.0,1.1283103,0.0,32.0,11898.338,2474.73,684.0,17.75,0.0,300915.88,0.0,84886.65,10440.709,0.0,-24.0,0.022625,15.13074,0.94285715,0.9,0,-728.6427,307208.47,0.124158986,12.7,0.0,2,0.8679975,1,0.1522,0.4,0.0,0,0.0,0.0,0.2,0.4,0.9861,0.34497836,0.3,0.0,9,0.1,0.0,0.1,0.1,0,0.1,0.0,0.2,0.0,0.0,0.1165,0.0,0.1,0.1
0.75440615,0.2802045,0.5021294,0.029236227,-1371.0,31522.5,0.0,0,12.0,-416.93738,373405.53,0.5662409,12.061121,0.467,-14,0,1.0,38.0,-75.0,0.0,-2077.0,5242.4604,-3140.0,0.0,1011.9233,0.0,0.0,0.06260434,-418.0,0.96816134,0.0,41.0,10372.376,8628.885,-1895.0,23.916666,2529.067,431962.28,0.0,28368.0,10374.36,0.0,-132.19705,0.003069,15.13074,0.94736844,1.0,1,-728.6427,307208.47,0.0030411046,13.0,0.0,3,0.8679975,1,0.1025479,0.33333334,0.0,0,12823.701,0.0,0.6666667,0.0,0.9777348,0.4571111,0.33333334,0.0,9,0.33333334,0.0,0.0,0.6666667,1,0.33333334,0.0,0.0,0.0,0.014199425,0.06633385,0.0,0.0,0.0
0.5108563,0.41693854,0.24873678,0.046571907,-256.0,25389.0,0.0,1,9.0,-695.0,54834.39,0.5662409,17.0,0.1612,20,0,1.0,11.0,-51.0,0.0,-695.0,5242.4604,-5751.0,0.0,16.0,19003.5,0.0,0.2889076,-1.0,1.1000594,0.0,16.0,6092.71,1557.27,774.7538,12.555555,2529.067,431962.28,0.0,0.0,4614.2324,0.25,-17.0,0.018634,15.13074,0.90909094,0.0,1,-728.6427,307208.47,0.044982146,17.5,0.0,2,0.8679975,0,0.0579,0.0,0.0,0,0.0,0.0,1.0,0.0,0.9791,0.4571111,0.0,0.0,18,0.25,0.0,1.0,0.5,1,0.25,0.5,0.0,0.0,0.014199425,0.0,0.0,0.0,0.25
0.46865967,0.5098738,0.5021294,0.04883999,-689.0,31261.5,0.0,0,12.0,-245.0,351672.94,0.5662409,5.0,0.18775676,88,1,1.0,15.0,-456.0,0.0,-347.0,0.0,-3479.0,325897.78,1581.0,31455.0,0.0,0.26012373,0.0,1.0580329,0.0,71.0,29306.078,5238.81,-245.0,22.0,0.0,431962.28,0.0,543009.3,17129.25,0.5,-35.5,0.003122,15.13074,0.8666667,0.33333334,1,-728.6427,4232.0,0.005637217,12.0,0.0,3,0.8679975,0,0.1025479,0.0,0.0,0,22513.95,0.0,0.5,0.0,0.9777348,0.4571111,0.0,0.0,9,0.5,0.0,0.33333334,0.0,0,0.5,0.0,0.5,0.0,0.014199425,0.06633385,0.0,0.0,0.0
0.8117228,0.6700541,0.5021294,0.05,-2384.1423,24750.0,1.0654914,1,13.592881,-295.0,678578.9,0.5662409,4.0,0.11,-107,0,1.3829919,29.516104,-327.7884,0.1108971,-1245.0,0.0,-5880.0,0.0,752.0,11083.136,0.21486607,0.45454547,-150.0,0.96875226,-363.87296,37.84903,18754.361,5198.1606,774.7538,12.26564,0.0,431962.28,0.0,202500.0,13925.762,0.23777755,-60.0,0.006305,15.13074,0.90468615,0.0,0,-728.6427,1805000.0,0.07275849,12.661583,6724.2266,3,0.8679975,0,0.0933,0.068525076,0.0,1,135000.0,0.080552734,0.47940668,0.2845134,0.9911,0.4571111,0.21002875,0.0,5,0.35041127,0.0,1.0,0.14514303,0,0.25491133,0.2090302,0.14553413,0.027647203,0.014199425,0.0716,0.010587371,0.053136926,0.14762497
0.4650692,0.63189,0.5021294,0.042368934,-1224.0,19638.0,2.4676259,0,6.0,-108.0,637758.0,0.13186814,14.0,0.08728,-61,0,0.971223,37.0,-5.0,0.0,-602.25,7762.5,-7304.0,163219.5,988.0,4629.735,0.0,0.4854369,-2764.0,0.8168013,79.648384,36.0,4588.187,1.71,-108.0,3.3165467,0.0,90351.0,0.0,370467.0,4228.5825,0.25,-32.0,0.018801,0.24908425,0.8918919,0.75,0,-728.6427,307208.47,0.30254525,11.75,3666.51,2,0.8679975,0,0.1025479,0.0,0.0,0,0.0,0.0,0.25,0.25,0.9777348,0.6246157,0.5,0.0,9,0.0,0.0,0.0,0.0,0,0.0,0.0,0.0,0.0,0.03409091,0.06633385,0.0,0.0,0.25
0.3392877,0.5422855,0.5021294,0.051396847,-8376.0,19372.5,3.25,1,7.714286,-166.0,446931.38,0.5662409,12.061121,0.123,95,0,0.7777778,66.0,-102.0,0.125,-925.6,3946.3088,-743.0,76737.1,-165.0,22869.0,0.0,0.41786057,-487.0,1.201959,1585.2081,33.0,6207.38,6.705,48.0,4.0833335,7892.6177,174084.3,0.0,281210.4,7063.509,0.375,-27.2,0.031329,15.13074,0.8939394,0.5,1,-462.0,70153.7,0.13143249,11.5,15341.13,2,0.93808633,0,0.0854,0.0,0.0,0,9000.0,0.0,0.125,0.5,0.9777348,0.2626984,0.125,0.0,9,0.0,0.0,0.2,0.125,1,0.5,0.75,0.125,0.0,0.0,0.06633385,0.015151516,0.0,0.125
0.5108563,0.6954739,0.7353483,0.08627888,-8725.0,24736.5,1.7142857,0,9.333333,-416.93738,591801.94,0.4117647,12.061121,0.18323334,-1,1,0.7922078,30.0,-33.0,0.0,-1589.0,5242.4604,-9145.0,0.0,1011.9233,11083.136,0.0,0.47086892,-802.0,0.5982284,4330.5464,40.0,7685.7393,36.315,-1256.0,5.6753244,2529.067,29282.0,0.0,24886.8,12496.5,0.0,-132.19705,0.022625,0.2846154,0.9,1.0,1,-728.6427,307208.47,0.27894646,11.333333,21582.0,2,0.8679975,0,0.1501,0.0,0.0,0,12823.701,0.0,0.6666667,0.33333334,0.9811,0.4571111,0.0,0.0,14,0.33333334,0.0,0.0,0.6666667,1,0.6666667,0.0,0.0,0.0,0.014199425,0.1367,0.033333335,0.0,0.33333334
0.56737924,0.6461788,0.5021294,0.029236227,-3340.0,31522.5,2.0,1,12.0,-344.0,153320.84,0.5662409,12.061121,0.3184091,49,0,0.8888889,26.0,-262.0,0.25,-344.0,5242.4604,-336.0,5317969.5,6596.0,0.0,0.96153843,0.091819696,-1896.0,0.9699636,815.6067,28.0,5678.55,25.47,774.7538,11.851851,2529.067,431962.28,0.0,7200000.0,6389.01,0.75,-22.0,0.008625,15.13074,0.9230769,0.0,1,-1896.0,307208.47,0.0027065573,15.75,7309.53,2,1.0,1,0.3556,0.0,0.0,0,0.0,0.0,0.5,0.0,0.9871,0.4571111,0.0,0.0,13,0.25,1.0,0.0,0.0,1,0.0,0.0,0.5,0.0,0.014199425,0.0585,0.0,0.0,0.0
0.47225335,0.52281034,0.19943143,0.05,-726.0,12375.0,0.4117647,1,8.0,-525.0,300168.4,0.5662409,12.061121,0.10185185,103,1,0.9117647,35.0,-339.0,0.0,-578.0,24139.08,-1718.0,0.0,21.0,22500.0,0.14285715,0.4909091,-2234.0,1.2315024,628.5322,41.0,8828.482,0.27,-18.0,12.3529415,2529.067,156240.5,0.0,230916.0,9707.254,0.75,-4.0,0.0228,15.13074,0.9142857,0.6666667,0,-728.6427,307208.47,0.05328029,13.75,7123.095,2,0.8679975,1,0.0621,0.0,0.0,1,0.0,0.0,0.25,0.25,0.9811,0.6104377,0.25,0.0,11,0.25,0.0,0.0,0.25,1,0.0,1.0,0.0,0.0,0.048148148,0.044,0.028571429,0.0,0.0
0.5108563,0.60346144,0.5021294,0.029397782,-353.0,23931.0,0.33333334,1,11.333333,-416.93738,231025.55,0.5,12.061121,0.2659,-95,0,0.962963,15.0,-5.0,0.0,-1083.0499,5242.4604,-2422.0,160390.22,1011.9233,5805.0,0.0,0.110559545,-767.0,0.90329665,331.885,78.0,8556.502,119.61,774.7538,9.666667,2529.067,431962.28,0.0042077564,378081.47,9221.37,0.25,-132.19705,0.035792,0.61904764,0.93333334,0.58311266,1,-728.6427,307208.47,0.019725861,15.25,5360.895,2,0.8679975,1,0.1025479,0.25,0.0,0,12823.701,0.0,0.5,0.25,0.9777348,0.4571111,0.0,49.54514,15,0.25,0.014233142,0.23965093,0.0,1,0.0,0.0,0.0,0.0,0.014199425,0.06633385,0.0,0.0,0.0
0.48845518,0.6440511,0.5021294,0.038946856,-616.0,25195.5,0.0,1,0.0,-416.93738,151362.1,1.3,24.0,0.32935295,61,1,0.96153843,29.516104,-50.0,0.0,-218.0,0.0,-564.0,0.0,1011.9233,11083.136,0.21486607,0.11825264,-357.0,1.0,143.69365,19.0,5821.6187,291.69,147.0,5.1153846,2529.067,431962.28,0.0,129825.0,2250.0,0.0,-132.19705,0.008068,128.85454,0.90468615,1.0,1,-728.6427,307208.47,0.07275849,8.5,2877.39,3,0.8679975,1,0.1056,0.0,0.0,0,12823.701,0.5,1.0,0.0,0.9901,0.4571111,0.0,0.0,6,0.5,0.0,0.0,0.0,1,0.0,0.0,0.0,0.0,0.014199425,0.06633385,0.010587371,0.0,0.0
0.57620883,0.62748957,0.5021294,0.029346189,-2384.1423,35419.5,0.24390244,1,18.0,-895.0,2477844.2,1.75,12.061121,0.31484,-53,1,1.1701729,28.0,-32.0,0.44444445,-1152.0,0.0,-6733.0,18377.438,197.0,0.0,0.0,0.09320985,-263.0,0.9067435,-9880.571,71.0,60435.223,1566.0,-112.0,14.829268,0.0,342972.28,0.0,102388.05,28846.725,0.22222222,-27.0,0.035792,4.410714,0.89285713,0.8,1,-258.0,40612.5,0.0020152312,12.0,0.0,2,0.8732099,1,0.0412,0.33333334,0.0,0,36712.305,0.0,0.33333334,0.44444445,0.9841,0.4571111,0.11111111,0.0,14,0.22222222,0.0,0.2,0.33333334,0,0.0,0.0,0.0,0.0,0.014199425,0.0037,0.035714287,0.44444445,0.0
0.6041126,0.4666923,0.50056416,0.032397326,-3906.0,30528.0,0.0952381,1,11.0,-126.0,73526.17,0.5662409,12.061121,0.27136,112,0,0.95238096,22.0,-1004.0,0.0,-1215.7,1632.8572,-7413.0,19206.45,765.0,6750.0,0.0,0.11938873,-1722.0,1.0437676,161.38286,31.0,3501.2463,1269.45,-8.0,6.6666665,0.0,1210338.4,0.0,135252.31,3381.885,1.0,-285.5,0.020246,15.13074,0.90909094,0.6,1,-728.6427,157224.25,0.05146971,13.5,2119.59,3,0.8679975,1,0.0767,0.0,0.0,0,0.0,0.0,0.0,0.5,0.9831,0.4571111,0.0,0.0,13,0.5,0.0,0.4,0.5,1,0.0,1.0,0.0,0.0,0.014199425,0.0229,0.0,0.0,0.0
0.5108563,0.605772,0.78557056,0.04827792,-2384.1423,36459.0,0.0,1,6.0,-416.93738,40542.977,0.5662409,12.061121,0.17238298,41,1,1.0,5.0,-27.0,0.0,-1083.0499,5242.4604,-4352.0,160390.22,1011.9233,13500.0,0.0,0.28006196,-168.0,1.266992,0.0,15.0,8108.595,8108.595,774.7538,12.8,2529.067,431962.28,0.0042077564,378081.47,8108.595,1.0,-132.19705,0.001276,15.13074,1.0,0.58311266,0,-728.6427,307208.47,0.07275849,7.0,0.0,2,0.8679975,0,0.0304,0.0,0.0,0,12823.701,0.0,0.0,0.0,0.9771,0.4571111,0.0,49.54514,11,1.0,0.014233142,0.23965093,0.0,0,0.0,1.0,1.0,0.0,0.014199425,0.0168,0.0,0.0,0.0
0.6496203,0.46616983,0.5021294,0.07145339,-2841.0,27760.5,0.0,1,9.5,-337.0,275586.47,0.5662409,12.061121,0.1623421,106,0,1.0,36.0,-28.0,0.0,-337.5,0.0,-2035.0,14871.397,27.0,5125.5,0.0,0.44014084,-771.0,1.0519419,0.0,28.0,8351.105,5645.43,774.7538,14.818182,0.0,431962.28,0.0,74092.5,7817.9624,0.25,-19.5,0.006296,15.13074,0.9444444,0.0,1,-728.6427,0.5,0.010791823,12.5,0.0,3,0.8679975,0,0.1025479,0.0,0.0,0,0.0,0.0,0.25,0.0,0.9777348,0.4571111,0.25,0.0,14,0.25,0.0,0.0,0.25,1,0.5,0.75,0.25,0.25,0.014199425,0.06633385,0.0,0.0,0.0
0.5108563,0.523994,0.5021294,0.08065108,-504.0,21739.5,0.0,1,0.0,-1259.0,392535.1,0.0,12.061121,0.4831,-123,0,1.0,29.516104,-3.0,0.0,-1259.0,5242.4604,-5890.0,0.0,568.0,11083.136,0.21486607,0.1669449,-788.0,1.0,0.0,19.0,7548.752,23.985,774.7538,7.25,2529.067,431962.28,0.0,0.0,7875.0,0.0,-7.0,0.019101,0.24153847,0.90468615,0.0,1,-728.6427,307208.47,0.07275849,11.5,0.0,2,0.8679975,1,0.1025479,0.0,0.0,0,0.0,0.5,1.0,0.0,0.9777348,0.0,0.0,0.0,10,0.5,0.0,1.0,0.0,0,0.0,0.0,0.0,0.0,0.0,0.06633385,0.010587371,0.0,0.0
0.47225335,0.6885765,0.5021294,0.03615825,-2384.1423,19791.0,0.22727273,1,30.0,-226.0,679745.25,0.5662409,12.061121,0.1466,-68,0,0.9318182,41.0,-30.0,0.0,-484.2,714.21,-10982.0,57877.48,-281.0,0.0,0.0,0.24664561,-858.0,0.9469074,2094.16,29.0,15448.756,3099.375,-121.0,7.5454545,0.0,54450.0,0.0,113185.41,18642.398,0.0,-252.0,0.005084,15.13074,0.9756098,0.4,1,-728.6427,54806.332,0.005637648,15.0,27614.97,2,0.8679975,1,0.1025479,0.0,0.0,0,0.0,0.0,0.5,0.0,0.9777348,0.4571111,0.5,0.0,17,0.5,0.0,0.0,0.0,0,0.5,0.0,0.0,0.0,0.014199425,0.06633385,0.0,0.0,0.5
0.8633634,0.13551758,0.5021294,0.05642,-2384.1423,12694.5,0.0,1,18.0,-416.93738,151208.95,0.5662409,12.061121,0.18806666,-57,0,1.0,21.0,-822.0,0.0,-2422.3333,1327.5,-9778.0,0.0,1011.9233,0.0,0.0,0.3,0.0,0.8707018,0.0,103.0,9450.56,8485.92,-1806.0,84.9375,2529.067,232600.33,0.0,18381.18,8485.92,1.0,-132.19705,0.0228,15.13074,0.7619048,1.0,0,-728.6427,307208.47,0.07275849,12.0,0.0,2,0.8679975,1,0.1025479,0.0,0.0,0,12823.701,0.0,0.0,1.0,0.9777348,0.4571111,0.0,0.0,9,1.0,0.0,0.0,1.0,0,0.0,0.0,0.0,0.0,0.014199425,0.06633385,0.1904762,0.0,0.0
0.30010775,0.6296746,0.5021294,0.10300188,-1709.0,24705.0,0.0,0,11.25,-374.0,752675.8,0.5662409,9.0,0.183,60,0,1.0284544,80.0,-373.0,0.07692308,-700.5,0.0,-5085.0,91139.4,666.0,10485.0,0.0,0.5628518,-475.0,1.0079895,-316.9014,99.0,10601.067,4744.44,71.0,34.0,2529.067,498310.9,0.0,127490.25,8402.012,0.15384616,-24.5,0.010643,15.13074,0.875,0.6666667,1,-473.0,37538.0,0.009158354,15.153846,0.0,2,0.8732085,1,0.0359,0.23076923,0.0,0,0.0,0.0,0.61538464,0.30769232,0.9901,0.36316258,0.23076923,0.0,13,0.07692308,0.0,0.16666667,0.30769232,1,0.07692308,0.23076923,0.23076923,0.07692308,0.0,0.0318,0.025,0.07692308,0.07692308
0.6910212,0.5744821,0.5021294,0.035572108,-332.0,32409.0,0.36585367,0,24.0,-416.93738,502182.0,0.5662409,34.0,0.2250625,13,1,1.3616718,36.0,-21.0,0.0,-1356.8572,0.0,-2819.0,0.0,1011.9233,5580.0,0.0,0.15805435,0.0,0.94857717,-218.88768,66.0,12248.342,742.545,303.0,17.975609,2529.067,472312.8,0.0,71463.21,11052.945,0.6666667,-132.19705,0.019101,15.13074,0.9722222,1.0,1,-728.6427,307208.47,0.009752102,12.666667,14265.99,2,0.8679975,1,0.1025479,0.0,0.0,0,12823.701,0.0,0.33333334,0.33333334,0.9777348,0.4571111,0.0,0.0,12,0.33333334,0.0,0.0,0.33333334,0,0.0,0.33333334,0.0,0.33333334,0.014199425,0.06633385,0.0,0.0,0.0
0.33285058,0.74275225,0.86548275,0.03324,-3057.0,22437.0,0.09467456,1,10.0,-86.0,622185.9,0.6891892,12.061121,0.18466666,-47,0,0.98224854,56.0,-26.0,0.0,-1266.0,1452.2677,-3303.0,39585.008,-1628.0,16767.0,0.071428575,0.18,-1599.0,0.93093866,156.58322,50.0,3681.5732,225.0,-55.0,10.538462,360.0,868446.0,0.0,91317.266,4581.045,0.5,-222.375,0.035792,0.6007034,0.91071427,0.6923077,1,-728.6427,793991.44,0.24386199,14.333333,10708.965,2,0.8679975,0,0.0291,0.0,0.0,0,6435.315,0.0,0.6666667,0.33333334,0.9861,0.4571111,0.0,0.0,12,0.16666667,0.0,0.23076923,0.0,1,0.33333334,0.33333334,0.0,0.0,0.014199425,0.06633385,0.0,0.0,0.0
0.5424451,0.6005641,0.5021294,0.0275,-4037.0,59301.0,1.0654914,0,13.592881,-971.0,678578.9,0.5662409,9.0,0.32945,55,0,1.3829919,29.516104,-327.7884,0.1108971,-755.3333,0.0,-8043.0,0.0,-324.0,11083.136,0.21486607,0.08347245,-2.0,0.96875226,-363.87296,37.84903,18754.361,5198.1606,772.0,12.26564,0.0,209304.5,0.0,505318.9,13925.762,0.23777755,-606.0,0.0105,15.13074,0.90468615,0.6666667,1,-728.6427,307208.47,0.07275849,12.661583,6724.2266,3,0.8679975,1,0.085,0.068525076,0.0,0,0.0,0.080552734,0.47940668,0.2845134,0.9891,0.4571111,0.21002875,0.0,17,0.35041127,0.0,0.33333334,0.14514303,0,0.25491133,0.2090302,0.14553413,0.027647203,0.014199425,0.0331,0.010587371,0.053136926,0.14762497
0.5108563,0.75042224,0.5021294,0.033190373,-4608.0,30681.0,1.326087,1,20.5,-416.93738,3908022.8,0.041666668,12.061121,0.13636,110,0,0.97282606,77.0,-11.0,0.0,-1083.0499,5242.4604,-9971.0,160390.22,1011.9233,20542.5,0.0,0.24340257,-806.0,0.91887605,395.17825,30.0,21239.254,1.035,774.7538,2.4945652,2529.067,431962.28,0.0042077564,378081.47,47133.508,0.25,-132.19705,0.032561,0.16666667,0.9480519,0.58311266,1,-728.6427,307208.47,0.020851731,15.25,14398.515,1,0.8679975,0,0.0234,0.0,0.0,0,12823.701,0.25,0.25,0.5,0.9513,0.4571111,0.5,49.54514,16,0.0,0.014233142,0.23965093,0.25,0,0.25,0.0,0.25,0.0,0.014199425,0.06633385,0.0,0.25,0.0
0.63303167,0.70504785,0.6004426,0.039765038,-460.0,49045.5,0.0,0,11.5,-442.0,871616.3,0.8,12.061121,0.10899,35,0,0.9814815,13.0,-27.0,0.0,-796.6667,0.0,-8746.0,218973.0,654.0,6750.0,0.0,0.3648503,-831.0,0.9843239,24.916666,61.0,16141.043,1.26,-551.0,7.0555553,0.0,130050.0,0.0,349247.1,20935.158,0.16666667,-16.0,0.032561,2.3532763,0.7692308,0.6666667,1,-728.6427,307208.47,0.015723892,13.166667,1342.35,1,0.8679975,0,0.5616,0.0,0.0,0,0.0,0.16666667,0.8333333,0.16666667,0.9826,0.14085366,0.0,0.0,13,0.16666667,0.0,0.0,0.16666667,1,0.33333334,0.16666667,0.0,0.0,0.0,0.1851,0.07692308,0.0,0.16666667
0.7992968,0.46113428,0.5021294,0.09795497,-2384.1423,23494.5,0.0,1,13.333333,-416.93738,856683.1,0.5662409,12.061121,0.20884,12,0,1.0,41.0,-1357.0,0.0,-2883.0,5242.4604,-1783.0,0.0,1011.9233,74344.5,0.0,0.46904317,-1893.0,1.0998933,0.0,24.0,21417.078,17381.25,31176.0,7.625,2529.067,0.0,0.0,45000.0,20714.46,0.33333334,-132.19705,0.072508,15.13074,0.9512195,1.0,1,-728.6427,307208.47,0.08118483,12.666667,0.0,1,0.8679975,1,0.5595,0.0,0.0,0,12823.701,0.0,0.6666667,0.0,0.9965,0.4571111,0.33333334,0.0,13,0.0,0.0,1.0,0.33333334,0,0.33333334,0.0,0.0,0.33333334,0.014199425,0.06633385,0.024390243,0.0,0.0
0.5108563,0.32207426,0.5021294,0.08065108,-3334.0,21739.5,0.0,1,11.0,-416.93738,120925.305,0.5662409,12.061121,0.13802858,-115,0,1.0,15.0,-42.0,0.0,-1083.0499,5242.4604,-8384.0,160390.22,1011.9233,0.0,0.0,0.5843072,0.0,0.95495194,0.0,18.0,8637.521,6592.86,774.7538,5.5,2529.067,431962.28,0.0042077564,378081.47,7785.09,1.0,-132.19705,0.010147,15.13074,0.93333334,0.58311266,1,-728.6427,307208.47,0.0040586567,13.5,0.0,2,0.8679975,1,0.1025479,0.0,0.0,0,12823.701,0.0,0.5,0.0,0.9777348,0.4571111,0.0,49.54514,16,0.5,0.014233142,0.23965093,0.0,1,0.0,0.5,0.0,0.0,0.014199425,0.06633385,0.0,0.0,0.5
0.5108563,0.32177353,0.5021294,0.06509261,-562.0,19341.0,1.0654914,0,13.592881,-416.93738,678578.9,0.5662409,12.061121,0.1228,84,1,1.3829919,29.516104,-327.7884,0.1108971,-1083.0499,5242.4604,-64.0,160390.22,1011.9233,11083.136,0.21486607,0.5300701,-431.0,0.96875226,-363.87296,37.84903,18754.361,5198.1606,774.7538,12.26564,2529.067,431962.28,0.0042077564,378081.47,13925.762,0.23777755,-132.19705,0.022625,15.13074,0.90468615,0.58311266,1,-728.6427,307208.47,0.07275849,12.661583,6724.2266,2,0.8679975,0,0.1025479,0.068525076,0.0,0,12823.701,0.080552734,0.47940668,0.2845134,0.9777348,0.4571111,0.21002875,49.54514,19,0.35041127,0.014233142,0.23965093,0.14514303,0,0.25491133,0.2090302,0.14553413,0.027647203,0.014199425,0.06633385,0.010587371,0.053136926,0.14762497
0.62799084,0.55493474,0.5021294,0.05,-1282.0,15750.0,0.0,0,6.0,-903.0,231060.38,0.5662409,11.0,0.11666667,30,0,1.0,9.0,-735.0,0.33333334,-1821.0,5242.4604,-10797.0,45738.645,421.0,0.0,0.0,0.42857143,-1202.0,0.93959135,0.0,38.0,33008.625,18484.426,30981.0,11.285714,2529.067,559159.6,0.0,210896.36,19795.568,0.0,-108.0,0.00702,15.13074,0.7777778,0.85714287,0,-1198.0,307208.47,0.0003149289,13.666667,0.0,2,0.91909975,1,0.0734,0.0,0.0,1,0.0,0.0,0.0,0.0,0.9777348,0.4571111,0.0,0.0,11,0.33333334,0.0,0.42857143,0.33333334,0,1.0,0.0,0.0,0.0,0.014199425,0.0779,0.0,0.0,0.0
0.63303167,0.64278173,0.5021294,0.09498233,-206.0,24192.0,0.0,0,11.0,-416.93738,102352.23,0.5662409,12.061121,0.14147368,-14,0,1.0,15.0,-12.0,0.0,-1899.75,5242.4604,-4689.0,0.0,1011.9233,0.0,0.0,0.6713781,-371.0,1.0,0.0,20.0,7310.8735,7097.58,31145.0,5.357143,2529.067,596056.25,0.0,142177.5,7842.8926,0.0,-132.19705,0.032561,15.13074,0.93333334,1.0,1,-728.6427,307208.47,0.0,17.0,0.0,1,0.8679975,0,0.0658,0.5,0.0,0,12823.701,0.0,1.0,0.0,0.9737,0.4571111,0.5,0.0,19,0.5,0.0,0.25,0.0,1,0.0,1.0,0.0,0.0,0.014199425,0.1074,0.06666667,0.0,0.5
0.6006575,0.4504924,0.5021294,0.029364731,-1509.0,30078.0,0.0,0,6.0,-825.0,938607.2,1.75,8.0,0.19097143,113,0,1.0,8.0,-6.0,0.0,-921.3333,5242.4604,-3215.0,23886.75,408.0,0.0,0.0,0.15376505,-748.0,0.9522356,0.0,20.0,44695.582,40.68,-407.0,6.6190476,2529.067,174132.0,0.0,539735.25,21508.672,0.0,-295.0,0.002042,2.9444444,0.875,0.5,1,-728.6427,10257.333,0.0045628813,13.5,0.0,3,0.8679975,1,0.1025479,0.0,0.0,0,0.0,0.0,0.5,0.0,0.9777348,0.4571111,0.0,0.0,11,0.5,0.16666667,0.33333334,0.0,0,0.5,0.0,0.0,0.0,0.014199425,0.06633385,0.0,0.0,0.0
0.5108563,0.6002178,0.5021294,0.026625339,-389.0,14148.0,0.025641026,1,6.0,-308.0,266537.66,0.0,12.061121,0.12576,-45,0,0.974359,11.0,-19.0,0.0,-651.0,4668.75,-3885.0,95277.0,-5.0,17527.5,0.0,0.21171549,-338.0,1.011666,74.85231,19.0,6834.299,45.0,31082.0,3.1794872,6225.0,13778.0,0.0,233708.25,9904.072,0.0,-22.25,0.025164,38.872726,0.90909094,0.33333334,1,-728.6427,250308.67,0.00027219567,14.0,2874.24,2,0.8679975,1,0.0501,0.0,0.0,0,181.125,0.5,0.0,0.0,0.9762,0.49050656,0.0,0.0,15,1.0,0.0,0.6666667,0.0,0,0.5,0.0,0.0,0.0,0.007936508,0.0129,0.0,0.0,0.0
0.7801436,0.61708695,0.5021294,0.039774563,-1004.0,44302.5,0.17948718,0,7.6666665,-416.93738,1448481.8,0.5662409,7.0,0.1969,54,1,1.4138154,40.0,-43.0,0.0,-1539.6666,5242.4604,-5618.0,0.0,1011.9233,21064.5,0.0,0.20200388,-1681.0,0.8750933,-4615.385,28.0,37140.555,8502.345,-125.0,10.179487,2529.067,644257.3,0.0,1207788.0,39169.94,0.0,-132.19705,0.007274,0.0,0.95,1.0,1,-728.6427,307208.47,0.19402708,12.285714,0.0,2,0.8679975,1,0.0498,0.2857143,0.0,0,12823.701,0.0,0.2857143,0.5714286,0.9767,0.4571111,0.2857143,0.0,16,0.14285715,0.0,0.0,0.14285715,1,0.14285715,0.0,0.0,0.0,0.014199425,0.0,0.0,0.2857143,0.42857143
0.7958031,0.44517702,0.5021294,0.067386135,-2384.1423,30627.0,0.64117646,1,28.0,-416.93738,1743667.4,0.021052632,12.061121,0.15124445,13,0,0.9352941,94.0,-30.0,0.0,-1083.0499,5242.4604,-14133.0,160390.22,1011.9233,0.0,0.0,0.44554454,-1359.0,0.9156886,700.4687,35.0,10256.867,6.93,774.7538,6.3235292,2529.067,431962.28,0.0042077564,378081.47,16250.715,0.14285715,-132.19705,0.028663,0.39708847,0.9680851,0.58311266,1,-728.6427,307208.47,0.003049756,11.0,16780.275,2,0.8679975,0,0.1957,0.0,0.0,0,12823.701,0.0,0.2857143,0.5714286,0.9856,0.4571111,0.42857143,49.54514,14,0.0,0.014233142,0.23965093,0.2857143,0,0.2857143,0.0,0.42857143,0.0,0.014199425,0.0,0.0,0.42857143,0.2857143
0.723837,0.5689618,0.6408229,0.04826546,-3444.0,40320.0,0.0,0,6.0,-566.0,175114.03,0.5662409,15.0,0.1792,7,0,1.0,13.0,-142.0,0.0,-1709.0834,0.0,-8620.0,78334.875,-1617.0,0.0,0.0,0.26933852,-477.0,0.96049565,0.0,26.0,14592.836,14589.99,-218.0,14.666667,2529.067,845954.25,0.0,361903.84,8421.548,0.0,-579.3333,0.005144,0.0,0.9230769,0.5,1,-728.6427,763192.3,0.003121189,15.0,0.0,2,0.8679975,1,0.021,0.0,0.0,0,65550.0,0.5,1.0,0.0,0.9851,0.4571111,0.5,0.0,14,1.0,0.083333336,0.5,0.0,1,0.0,0.0,0.0,0.0,0.014199425,0.0255,0.0,0.0,1.0
0.48124933,0.67501926,0.5021294,0.054528847,-705.0,25254.0,1.5,1,13.592881,-123.0,36388.17,0.5662409,4.0,0.22448,-18,0,1.0,8.0,-2678.0,0.1108971,-1176.1818,3105.572,-839.0,159150.6,1543.0,11083.136,0.875,0.24291183,-3055.0,0.96875226,0.0,6.0,4548.5215,4509.54,890.0,1.875,0.0,619502.25,0.0,475817.72,13925.762,0.23777755,-53.5,0.031329,15.13074,1.0,0.6363636,0,-728.6427,297548.0,0.07275849,12.661583,0.0,2,0.8679975,1,0.0577,0.068525076,0.0,0,0.0,0.080552734,0.47940668,0.2845134,0.9811,0.23342384,0.21002875,0.0,9,0.35041127,0.0,0.0,0.14514303,1,0.25491133,0.2090302,0.14553413,0.027647203,0.0029325513,0.0737,0.0,0.053136926,0.14762497
0.7223929,0.76341164,0.81698924,0.042492483,-6510.0,44901.0,0.0,1,22.5,-454.0,3108907.5,0.5662409,12.061121,0.19956,120,1,1.3149936,38.0,-87.0,0.46666667,-1616.6666,5242.4604,-3232.0,167773.5,1372.0,38250.0,0.0,0.21293087,-1457.0,0.9677222,-17683.783,128.0,84024.53,11108.43,-99.0,43.10811,2529.067,149058.0,0.0,428221.5,43033.703,0.0,-16.0,0.003069,15.13074,0.92105263,0.6666667,1,-317.0,307208.47,0.008883646,15.0,0.0,3,0.87929267,1,0.0448,0.0,0.0,0,0.0,0.0,0.46666667,0.4,0.9836,0.33678862,0.46666667,0.0,13,0.06666667,0.0,0.0,0.0,0,0.26666668,0.0,0.06666667,0.0,0.0,0.06633385,0.0,0.46666667,0.06666667
0.8072739,0.7257182,0.41365302,0.11911991,-1464.0,34425.0,13.710843,1,10.0,-416.93738,2174688.8,0.73333335,12.061121,0.21857142,94,1,0.9885057,92.0,-8.0,0.22222222,-1521.0,5242.4604,-1027.0,0.0,1011.9233,9000.0,0.032608695,0.54499304,-674.0,1.0115752,-4996.0864,37.0,26201.068,22.455,-985.0,6.0361447,2529.067,75716.664,0.0,69328.125,24217.084,0.44444445,-132.19705,0.019101,5.312253,0.9456522,1.0,1,-220.0,307208.47,0.023360562,14.444445,11196.405,2,1.0,1,0.1025479,0.11111111,0.0,0,12823.701,0.0,0.44444445,0.11111111,0.9777348,0.4526515,0.11111111,0.0,11,0.11111111,0.0,0.0,0.11111111,1,0.11111111,0.22222222,0.33333334,0.22222222,0.010416667,0.06633385,0.0,0.0,0.33333334
0.5108563,0.64362484,0.5021294,0.029461538,-3015.0,17235.0,0.65384614,0,8.0,-416.93738,79318.484,7.0,12.061121,0.1740909,61,0,1.0,25.0,-23.0,0.0,-1083.0499,5242.4604,-10761.0,160390.22,1011.9233,1800.0,0.0,0.16923077,-736.0,0.9205772,0.0,6.0,3050.711,11.97,774.7538,2.1538463,2529.067,431962.28,0.0042077564,378081.47,5051.655,0.5,-132.19705,0.028663,15.13074,0.96,0.58311266,1,-728.6427,307208.47,0.005572794,10.5,0.0,2,0.8679975,1,0.1025479,0.0,0.0,0,12823.701,0.0,0.25,0.5,0.9777348,0.4571111,0.0,49.54514,9,0.25,0.014233142,0.23965093,0.25,1,0.0,0.5,0.0,0.0,0.014199425,0.06633385,0.0,0.0,0.0
0.6785677,0.5954229,0.7961855,0.05328,-1661.0,59940.0,0.0,1,9.75,-289.0,358590.1,0.5662409,12.061121,0.38057142,-57,0,1.0,31.0,-461.0,0.0,-1604.3846,0.0,-7168.0,0.0,-79.0,25501.5,0.0,0.14,-567.0,1.0870346,0.0,112.0,13791.927,3047.4,-1009.0,38.076923,2529.067,150980.9,0.0,81905.87,11584.991,0.5,-180.0,0.010032,15.13074,0.83870965,0.9230769,1,-728.6427,307208.47,0.013299579,10.0,0.0,2,0.8679975,0,0.1377,0.0,0.0,0,0.0,0.0,0.5,0.0,0.9896,0.11088931,0.25,0.0,15,0.25,0.0,0.15384616,0.5,1,0.25,0.75,0.0,0.0,0.0,0.0126,0.032258064,0.0,0.0
0.45789954,0.65028256,0.5021294,0.05,-2384.1423,9000.0,0.0,1,12.0,-617.0,58043.34,0.5662409,12.061121,0.06666667,35,0,1.0,7.0,-506.0,0.33333334,-902.0,5242.4604,-14960.0,274029.75,695.0,0.0,0.0,0.75,-645.0,0.91547257,0.0,73.0,11608.668,5763.51,-1185.0,42.8,2529.067,431962.28,0.0,386707.5,5763.51,0.0,-23.0,0.011703,15.13074,0.85714287,0.25,0,-203.0,26257.0,0.0053586634,14.333333,0.0,2,0.8732085,1,0.0537,0.0,0.0,1,0.0,0.0,0.8333333,0.16666667,0.9732,0.4571111,0.33333334,0.0,11,0.16666667,0.0,0.25,0.0,0,0.16666667,0.0,0.0,0.0,0.014199425,0.042,0.0,0.33333334,0.16666667
0.77008706,0.43258172,0.5021294,0.027608208,-1260.0,33295.5,2.3333333,0,26.0,-416.93738,80482.23,0.5662409,23.0,0.15742554,-93,0,0.6666667,19.0,-891.0,0.0,-1531.1111,0.0,-1676.0,0.0,1011.9233,4054.5,1.7368422,0.17537314,-3.0,1.0213156,1458.405,46.0,3353.4263,124.785,-120.0,15.75,2529.067,529532.1,0.0,181458.9,14133.51,0.33333334,-132.19705,0.010032,15.13074,0.84210527,1.0,1,-728.6427,307208.47,0.00660355,5.3333335,4250.43,2,0.8679975,1,0.4065,0.0,0.0,0,12823.701,0.16666667,0.6666667,0.33333334,0.9821,0.4571111,0.16666667,0.0,4,0.16666667,0.0,0.11111111,0.0,1,0.0,0.33333334,0.16666667,0.0,0.014199425,0.4443,0.05263158,0.0,0.0
0.5108563,0.43140128,0.47628212,0.027729431,-528.0,15772.5,0.0,1,6.0,-416.93738,72782.28,0.5662409,12.061121,0.106212124,-117,1,1.0,6.0,-425.0,0.0,-990.0,0.0,-2064.0,160390.22,1011.9233,0.0,0.0,0.26107594,-565.0,0.9498565,0.0,11.0,14556.456,12252.69,-553.0,10.2,2529.067,431962.28,0.0,324225.0,12252.69,1.0,-132.19705,0.025164,15.13074,0.8333333,1.0,1,-728.6427,307208.47,0.07275849,17.0,0.0,2,0.8679975,0,0.4262,0.0,0.0,0,12823.701,0.0,1.0,0.0,0.9841,0.4571111,0.0,0.0,16,1.0,0.0,0.0,0.0,0,0.0,1.0,0.0,0.0,0.014199425,0.0,0.0,0.0,0.0
0.45969045,0.30927375,0.49318796,0.028760042,-258.0,37053.0,1.0654914,1,13.592881,-324.0,678578.9,0.5662409,12.061121,0.20585,-60,0,1.3829919,29.516104,-327.7884,0.1108971,-584.0,0.0,-6147.0,0.0,1011.9233,11083.136,0.21486607,0.13971359,0.0,0.96875226,-363.87296,37.84903,18754.361,5198.1606,-690.0,12.26564,0.0,431962.28,0.0,192307.5,13925.762,0.23777755,-12.0,0.020246,15.13074,0.90468615,0.5,1,-728.6427,307208.47,0.07275849,12.661583,6724.2266,3,0.8679975,0,0.1025479,0.068525076,0.0,0,315000.0,0.080552734,0.47940668,0.2845134,0.9777348,0.4571111,0.21002875,0.0,12,0.35041127,0.0,0.5,0.14514303,0,0.25491133,0.2090302,0.14553413,0.027647203,0.014199425,0.06633385,0.010587371,0.053136926,0.14762497
0.5424451,0.58738583,0.20822816,0.079,-2384.1423,17775.0,0.0,0,9.333333,-605.0,166540.4,0.5662409,12.061121,0.158,12,0,1.0,17.0,-604.0,0.16666667,-378.5,5242.4604,-5056.0,209637.0,469.0,2250.0,0.0,0.5,-1491.0,1.0229357,0.0,36.0,12810.801,4000.5,-31.0,31.153847,2529.067,431962.28,0.0,127620.0,8462.925,0.33333334,-17.0,0.030755,15.13074,0.7647059,0.5,0,-236.0,307208.47,0.00263025,14.5,0.0,2,1.0,0,0.0239,0.0,0.0,0,0.0,0.0,0.8333333,0.16666667,0.9776,0.4571111,0.16666667,0.0,10,0.16666667,0.0,0.5,0.16666667,0,0.16666667,0.33333334,0.16666667,0.0,0.014199425,0.0369,0.05882353,0.0,0.33333334
0.47225335,0.08572014,0.75842524,0.03591772,-2384.1423,20430.0,0.0,1,6.0,-247.0,150655.77,0.5662409,12.061121,0.26705882,118,0,1.0,7.0,-414.0,0.0,-323.0,0.0,-2702.0,10284.75,-3.0,0.0,0.0,0.13449366,-578.0,0.94984776,0.0,17.0,25109.295,25106.22,-34.0,13.666667,0.0,431962.28,0.0,133850.25,25109.91,0.0,-30.0,0.002506,15.13074,0.85714287,0.5,1,-728.6427,307208.47,0.07275849,5.0,0.0,2,0.8679975,1,0.0597,0.0,0.0,0,0.0,0.0,1.0,0.0,0.9811,0.6666667,0.0,0.0,12,1.0,0.0,0.0,0.0,0,1.0,0.0,0.0,0.0,0.0,0.0681,0.0,0.0,0.0
0.5118918,0.18905279,0.5021294,0.04890326,-820.0,23476.5,1.5555556,1,18.0,-245.0,130570.65,0.5662409,12.061121,0.8695,-103,0,0.6666667,19.0,-52.0,0.5,-746.5,5242.4604,-994.0,36373.5,-699.0,11083.136,0.0,0.05624297,0.0,0.8440805,2417.845,36.0,4835.95,23.22,774.7538,8.0,2529.067,431962.28,0.0,78095.25,7254.315,1.0,-411.0,0.020246,15.13074,0.94736844,0.0,1,-584.0,503004.5,0.00017506878,9.5,7231.095,3,0.83472455,1,0.1025479,0.0,1.0,0,0.0,1.0,1.0,0.0,0.9777348,0.44444445,0.0,0.0,8,0.5,0.0,0.0,0.5,0,0.0,0.0,0.5,0.0,0.0,0.06633385,0.0,0.0,0.0
0.63637614,0.6129916,0.68614686,0.034759864,-3715.0,54540.0,1.0853659,1,8.0,-416.93738,434025.75,0.011627907,12.061121,0.2424,56,0,0.9728513,34.0,-1390.0,0.0,-1343.25,0.0,-3341.0,0.0,1011.9233,0.0,0.0,0.14339878,-1808.0,0.6492891,85.59854,59.0,5493.997,72.585,-18.0,10.146341,2529.067,484191.66,0.0,174058.31,8284.71,0.33333334,-132.19705,0.014464,0.022721197,0.9117647,1.0,1,-728.6427,307208.47,0.31686172,4.3333335,2250.0,2,0.8679975,0,0.1025479,0.0,0.0,0,12823.701,0.0,0.6666667,0.0,0.9777348,0.33432075,0.0,0.0,5,0.0,0.0,0.0,0.0,1,0.33333334,0.33333334,0.0,0.0,0.015625,0.06633385,0.029411765,0.0,0.33333334
0.5108563,0.6573897,0.48278362,0.03225729,-1115.0,18085.5,0.0,0,10.666667,-416.93738,170307.19,0.5662409,14.0,0.2029798,-91,0,1.0,32.0,-28.0,0.0,-1083.0499,5242.4604,-77.0,160390.22,1011.9233,10165.5,0.0,0.15891871,0.0,1.044066,0.0,26.0,5493.78,3127.635,774.7538,13.935484,2529.067,431962.28,0.0042077564,378081.47,5806.74,0.33333334,-132.19705,0.030755,15.13074,0.96875,0.58311266,1,-728.6427,307208.47,0.013497229,11.666667,0.0,2,0.8679975,0,0.1025479,0.0,0.0,0,12823.701,0.0,0.33333334,0.33333334,0.9777348,0.4571111,0.6666667,49.54514,15,0.33333334,0.014233142,0.23965093,0.33333334,1,0.0,0.0,0.0,0.0,0.014199425,0.06633385,0.0,0.0,0.0
0.5226973,0.6200227,0.52444005,0.039822858,-968.0,31360.5,0.0,1,19.333334,-276.0,144957.6,0.5662409,12.061121,0.25811112,-112,1,1.0,17.0,-276.0,0.0,-1167.125,0.0,-5569.0,35769.758,-117.0,2092.5,0.0,0.15428571,-1060.0,0.98255354,0.0,24.0,9059.85,2268.09,12821.0,8.5,0.0,262189.88,0.0,189099.0,16747.32,0.125,-261.0,0.028663,15.13074,0.9411765,0.75,1,-728.6427,446512.5,0.001815859,13.0,0.0,2,0.8679975,0,0.0341,0.0,0.0,0,0.0,0.0,0.75,0.25,0.9811,0.33903417,0.25,0.0,10,0.0,0.0,0.375,0.0,0,0.0,0.25,0.0,0.0,0.0,0.06633385,0.0,0.125,0.125
0.735221,0.40454912,0.5021294,0.051253334,-4896.0,34596.0,1.0654914,0,13.592881,-394.0,678578.9,0.5662409,8.0,0.13255173,-120,1,1.3829919,29.516104,-327.7884,0.1108971,-1736.3334,49.909092,-3258.0,130854.11,1180.0,11083.136,0.21486607,0.38666666,0.0,0.96875226,-363.87296,37.84903,18754.361,5198.1606,30989.0,12.26564,183.0,406612.88,0.0,271191.94,13925.762,0.23777755,-17.75,0.028663,0.0,0.90468615,0.8095238,1,-728.6427,277378.9,0.07275849,12.661583,6724.2266,2,0.8679975,1,0.0764,0.068525076,1.0,0,40500.0,0.080552734,0.47940668,0.2845134,0.9767,0.1814015,0.21002875,0.0,17,0.35041127,0.0,0.14285715,0.14514303,1,0.25491133,0.2090302,0.14553413,0.027647203,0.0,0.075,0.010587371,0.053136926,0.14762497
0.3996756,0.59713376,0.7408452,0.039824508,-198.0,30676.5,0.0,1,7.0,-416.0,248957.45,0.5662409,12.061121,0.15148889,96,0,1.1849597,13.0,-398.0,0.0,-537.0,5242.4604,-6501.0,433345.5,418.0,18000.0,0.0,0.26288733,0.0,1.0590996,-4090.9092,36.0,22632.496,11219.13,774.7538,22.272728,2529.067,431962.28,0.0,486000.0,15818.4,1.0,-18.5,0.025164,15.13074,0.7692308,0.0,0,-728.6427,29282.0,0.07670653,17.0,0.0,2,0.8679975,0,0.1982,0.0,1.0,0,0.0,0.0,1.0,0.0,0.9727,0.4571111,0.0,0.0,15,0.5,0.0,1.0,0.0,0,0.0,0.5,0.5,0.5,0.014199425,0.1381,0.07692308,0.0,0.0
0.24186149,0.67748004,0.6085555,0.052333333,-1565.0,3532.5,0.0,1,4.0,-233.0,53897.715,0.5662409,12.061121,0.04361111,50,1,1.0,6.0,-665.0,0.0,-970.5,2323.9126,-5902.0,189487.89,283.0,12645.0,0.0,1.2,-786.0,1.0423622,0.0,21.0,13474.429,13466.565,-441.0,8.25,4647.825,101880.7,0.0,311955.34,13477.05,0.0,-16.666666,0.011703,15.13074,0.8333333,0.625,1,-728.6427,590785.3,0.08622685,15.0,0.0,2,0.8679975,1,0.1025479,0.0,0.0,0,0.0,0.0,0.5,0.5,0.9777348,0.4571111,0.5,0.0,11,0.5,0.0,0.125,0.0,1,0.5,0.5,0.5,0.0,0.014199425,0.06633385,0.0,0.5,0.0
0.5108563,0.62022877,0.5021294,0.04826546,-3162.0,40320.0,0.0,0,6.0,-416.93738,65126.477,0.5662409,5.0,0.224,-46,0,1.0,7.0,-711.0,0.0,-1083.0499,5242.4604,-8797.0,160390.22,1011.9233,6115.5,0.0,0.2154708,-876.0,1.0553701,0.0,16.0,10854.412,10815.525,774.7538,12.833333,2529.067,431962.28,0.0042077564,378081.47,10862.19,0.0,-132.19705,0.011657,15.13074,0.85714287,0.58311266,1,-728.6427,307208.47,0.07275849,19.0,0.0,1,0.8679975,0,0.1025479,0.0,0.0,0,12823.701,0.0,0.0,1.0,0.9777348,0.4571111,0.0,49.54514,17,1.0,0.014233142,0.23965093,0.0,0,1.0,0.0,1.0,0.0,0.014199425,0.06633385,0.0,0.0,0.0
0.37740424,0.21201655,0.5021294,0.044461958,-1048.0,13963.5,0.5714286,1,12.0,-491.0,1431585.4,0.7941176,19.0,0.12412,-123,0,0.9285714,39.0,-31.0,0.2,-934.0,5242.4604,-7120.0,90234.0,571.0,0.0,0.102564104,0.3582175,-1440.0,0.6438444,1360.9491,31.0,12782.012,4.905,-1011.0,2.455357,2529.067,431962.28,0.0,186153.75,19029.72,0.2,-22.0,0.006233,1.9251337,0.94871795,0.5,1,-245.0,307208.47,0.18829717,16.0,19581.3,2,0.77101004,0,0.0379,0.2,0.0,0,0.0,0.2,0.4,0.6,0.9836,0.4571111,0.2,0.0,14,0.2,0.0,0.5,0.4,0,0.0,0.0,0.0,0.0,0.014199425,0.0007,0.0,0.2,0.0
0.344155,0.5774195,0.48926887,0.07918969,-526.0,55728.0,0.0,1,3.0,-115.0,252213.2,0.0,12.061121,0.2752,122,0,1.0,7.0,-28.0,0.0,-115.0,0.0,-536.0,39960.0,67.0,0.0,0.0,0.28775322,-386.0,0.9749174,0.0,19.0,10088.528,2.16,774.7538,3.32,0.0,431962.28,0.0,78390.0,14221.215,0.0,-21.0,0.04622,31.641026,0.85714287,0.0,1,-728.6427,307208.47,0.001258274,11.0,0.0,1,0.8679975,0,0.0477,0.0,0.0,0,0.0,0.5,0.0,1.0,0.9806,0.4571111,0.0,0.0,18,1.0,0.0,0.0,0.0,1,0.5,0.0,0.0,0.0,0.014199425,0.0738,0.0,0.0,0.0
0.5108563,0.5824164,0.5021294,0.032376,-2384.1423,36423.0,0.0,0,12.0,-416.93738,240712.33,0.5662409,12.061121,0.16188,-99,0,1.0,13.0,-30.0,0.0,-1083.0499,5242.4604,-887.0,160390.22,1011.9233,21735.0,0.0,0.2,-376.0,1.023305,0.0,17.0,20059.361,20039.355,774.7538,13.583333,2529.067,431962.28,0.0042077564,378081.47,20061.18,0.0,-132.19705,0.010006,15.13074,0.9230769,0.58311266,0,-728.6427,307208.47,0.07275849,9.0,0.0,2,0.8679975,1,0.1965,0.0,0.0,0,12823.701,0.0,1.0,0.0,0.9985,0.4571111,1.0,49.54514,8,1.0,0.014233142,0.23965093,0.0,0,0.0,0.0,0.0,0.0,0.014199425,0.1383,0.0,0.0,1.0
0.5814837,0.15014306,0.5021294,0.04913854,-5487.0,12577.5,1.0666667,1,12.0,-416.93738,135913.0,0.5662409,19.0,0.3992857,-12,0,0.8,13.0,-209.0,0.25,-483.0,0.0,-351.0,0.0,1011.9233,0.0,0.0,0.123066105,-572.0,0.8259457,2264.967,52.0,9060.867,67.5,-299.0,15.533334,2529.067,431962.28,0.0,89946.0,11326.5,0.25,-132.19705,0.002134,15.13074,0.9230769,1.0,1,-344.0,307208.47,0.0008268636,10.0,11259.0,3,0.84627867,0,0.1025479,0.0,1.0,0,12823.701,0.0,0.75,0.25,0.9777348,0.4571111,0.0,0.0,5,0.25,0.0,0.0,0.25,1,0.25,0.0,0.75,0.25,0.014199425,0.06633385,0.0,0.0,0.0
0.73240334,0.50316715,0.77093786,0.05,-2479.0,20250.0,0.0,0,12.8,-32.0,650328.94,0.5662409,3.0,0.15,-50,1,1.0,60.0,-16.0,0.16666667,-992.26086,0.0,-3542.0,3155.312,-271.0,19611.0,0.0,0.33333334,-325.0,1.0376524,0.0,73.0,11212.567,2086.92,209.0,14.051724,0.0,740310.44,0.0,104076.11,9980.433,0.33333334,-349.8889,0.02461,15.13074,0.98333335,0.6086956,0,-618.0,262817.94,0.008670696,15.166667,0.0,2,1.1111441,1,0.2058,0.16666667,0.0,1,76.585,0.0,0.33333334,0.16666667,0.9856,0.4571111,0.16666667,0.0,13,0.0,0.0,0.13043478,0.16666667,1,0.33333334,0.16666667,0.0,0.0,0.014199425,0.1343,0.0,0.0,0.5
0.3392877,0.3042885,0.1699087,0.03942,-479.0,17739.0,0.0,0,12.0,-795.0,79064.414,0.5662409,12.061121,0.07884,56,1,1.0,11.0,-29.0,0.6666667,-866.0,0.0,-4213.0,0.0,-1028.0,0.0,0.0,0.5,-338.0,1.0494293,0.0,23.0,7187.6743,6597.045,1037.0,11.181818,0.0,431962.28,0.0,114225.0,6597.045,0.0,-722.0,0.018209,15.13074,1.0,0.33333334,1,-3.0,450300.5,0.009011427,14.166667,0.0,3,1.0,1,0.2099,0.5,0.0,0,0.0,0.0,0.33333334,0.0,0.9866,0.4571111,0.33333334,0.0,11,0.16666667,0.0,0.6666667,0.0,0,0.0,0.0,0.0,0.0,0.014199425,0.0944,0.0,0.0,0.0
0.5208976,0.6259548,0.5021294,0.05,-1022.0,6750.0,0.0,0,6.0,-114.0,59954.895,0.5662409,17.0,0.05,110,0,1.0,7.0,-755.0,0.0,-1200.7142,3565.0913,-5665.0,132089.14,70.0,0.0,0.0,1.0,-912.0,0.9498316,0.0,24.0,9992.482,9973.395,-364.0,13.833333,2529.067,1089637.6,0.0,221928.61,9996.3,0.0,-17.333334,0.035792,15.13074,0.85714287,0.5714286,0,-728.6427,121658.336,0.07275849,10.0,0.0,2,0.8679975,0,0.1025479,0.0,1.0,1,0.0,0.0,0.0,1.0,0.9777348,0.4571111,0.0,0.0,14,1.0,0.0,0.2857143,0.0,1,1.0,0.0,0.0,0.0,0.014199425,0.06633385,0.0,0.0,0.0
0.5108563,0.2525039,0.5021294,0.060678523,-128.0,31630.5,0.0,0,6.0,-416.93738,117615.33,0.5662409,12.061121,0.2343,-31,0,1.0,7.0,-224.0,0.0,-88.0,5242.4604,-7952.0,0.0,1011.9233,24291.0,0.0,0.2589779,0.0,1.1873213,0.0,13.0,19602.555,19601.506,31010.0,9.666667,2529.067,431962.28,0.0,0.0,19602.766,0.0,-132.19705,0.010643,15.13074,0.85714287,1.0,1,-728.6427,307208.47,0.07275849,12.0,0.0,2,0.8679975,0,0.0304,0.0,0.0,0,12823.701,0.0,0.0,1.0,0.9781,0.4571111,0.0,0.0,13,1.0,0.0,1.0,0.0,1,1.0,0.0,0.0,0.0,0.014199425,0.0305,0.0,0.0,0.0
0.60927564,0.67845404,0.5021294,0.05,-2384.1423,7875.0,0.0,1,12.0,-155.0,9891.315,0.5662409,12.061121,0.14583333,-107,1,1.0,6.0,-243.0,0.6666667,-454.5,0.0,-10143.0,4059.0,1011.9233,1066.5,0.0,0.34285715,-349.0,0.9769567,0.0,49.0,2472.8289,984.06,774.7538,34.0,0.0,431962.28,0.0,66375.0,984.06,0.0,-24.0,0.015221,15.13074,0.6666667,0.5,0,-328.0,307208.47,0.013498051,11.0,0.0,2,0.9098795,1,0.1031,0.0,0.0,1,63881.1,0.0,1.0,0.0,0.9816,0.4571111,0.6666667,0.0,10,0.33333334,0.0,1.0,1.0,0,0.33333334,0.0,0.0,0.0,0.014199425,0.1178,0.0,0.0,0.0
0.44539624,0.62295485,0.5021294,0.09831145,-2384.1423,14148.0,0.0,1,12.0,-64.0,131115.69,0.5662409,12.061121,0.2096,-112,0,1.0,12.0,-1285.0,0.0,-959.5,0.0,-6099.0,24424.2,671.0,9000.0,0.0,0.46904317,-1626.0,1.0017911,0.0,21.0,10926.308,10925.1,220.0,14.083333,0.0,1101098.2,0.0,74750.25,10925.1,1.0,-29.0,0.028663,15.13074,1.0,0.8333333,1,-728.6427,307208.47,0.07275849,11.0,0.0,2,0.8679975,0,0.0124,0.0,1.0,0,0.0,0.0,0.0,0.0,0.9801,0.4571111,0.0,0.0,8,1.0,0.0,0.0,0.0,0,0.0,0.0,0.0,0.0,0.014199425,0.0318,0.0,0.0,0.0
0.6594055,0.47483718,0.5021294,0.08094136,-1496.0,13527.0,0.0,1,6.0,-416.93738,43124.85,0.5662409,12.061121,0.12024,-37,0,1.0,8.0,-547.0,0.5,-872.0,0.0,-2882.0,0.0,1011.9233,0.0,0.0,0.67316496,-710.0,0.8860653,0.0,25.0,7187.475,7180.875,-204.0,21.0,2529.067,177148.0,0.0,96324.0,7188.795,0.0,-132.19705,0.00496,15.13074,0.875,1.0,1,-201.0,307208.47,0.0066504152,12.75,0.0,2,0.7410016,0,0.0404,0.0,0.0,0,12823.701,0.0,0.41666666,0.5833333,0.9737,0.3929314,0.41666666,0.0,10,0.083333336,0.0,0.0,0.0,0,0.083333336,0.0,0.0,0.0,0.0,0.06633385,0.0,0.41666666,0.0
0.53348166,0.7070357,0.5021294,0.05,-3524.0,20250.0,0.0,1,12.0,-487.0,417361.62,0.5662409,14.0,0.15,80,0,1.2826878,10.0,-27.0,0.0,-1478.4286,0.0,-7980.0,170005.5,-330.0,11083.136,0.0,0.33333334,-320.0,0.94865584,-10227.272,15.0,37941.97,21373.516,-676.0,11.0,2529.067,438031.0,0.0,268512.44,30037.59,0.0,-70.0,0.010276,15.13074,1.0,0.5714286,0,-728.6427,301611.0,0.07275849,15.0,0.0,2,0.8679975,1,0.1025479,0.0,0.0,1,0.0,0.5,0.5,0.5,0.9777348,0.4571111,0.5,0.0,12,0.5,0.0,0.14285715,0.5,1,0.0,0.0,0.0,0.0,0.014199425,0.06633385,0.0,0.0,0.5
0.15008518,0.6826565,0.5021294,0.05,-1353.0,9000.0,0.0,0,9.0,-112.0,154429.52,0.5662409,6.0,0.057142857,59,1,1.0,12.0,-65.0,0.0,-206.8,0.0,-2914.0,90635.01,-3.0,25049.836,0.0,0.875,-530.0,1.0768512,0.0,46.0,14039.047,10111.5,774.7538,26.363636,0.0,431962.28,0.0,222882.3,12257.303,0.5,-21.0,0.04622,15.13074,0.9166667,0.0,0,-728.6427,12543.2,0.05998839,16.0,0.0,1,0.8679975,0,0.123,0.0,0.0,1,155.295,0.0,1.0,0.0,0.9945,0.4571111,0.0,0.0,16,0.5,0.0,0.6,0.0,0,0.5,1.0,0.0,0.0,0.014199425,0.06633385,0.0,0.0,0.0
0.5108563,0.6137798,0.5021294,0.0696,-2384.1423,17226.0,1.0851064,1,18.0,-416.93738,308896.03,0.5662409,12.061121,0.1914,-81,0,0.85106385,42.0,-624.0,0.25,-1083.0499,5242.4604,-5643.0,160390.22,1011.9233,6435.0,0.0,0.36363637,-1496.0,1.0054002,1334.454,67.0,6572.256,779.04,774.7538,9.25532,2529.067,431962.28,0.0042077564,378081.47,4917.51,0.5,-132.19705,0.028663,15.13074,0.95238096,0.58311266,1,-1882.0,307208.47,0.013107625,15.5,8180.865,2,1.0,0,0.0599,0.0,0.0,0,12823.701,0.0,0.0,0.25,0.9781,0.4571111,0.0,49.54514,14,0.75,0.014233142,0.23965093,0.0,0,0.25,0.75,0.25,0.0,0.014199425,0.0172,0.0,0.0,0.0
0.5118918,0.45475078,0.80312407,0.0615,-2384.1423,24907.5,0.0,0,32.0,-365.0,1346691.8,0.5662409,12.061121,0.079071425,-17,0,1.5747194,23.0,-73.0,0.0,-365.0,0.0,-6593.0,800941.5,368.0,26547.93,0.0,0.7777778,-2081.0,0.97358,-21196.762,50.0,58551.816,13328.55,774.7538,15.521739,0.0,431962.28,0.0,1327500.0,23416.186,0.25,-12.0,0.008625,15.13074,0.95652175,0.0,1,-728.6427,307208.47,0.020982271,17.0,0.0,2,0.8679975,1,0.1025479,0.0,0.0,0,0.0,0.0,0.25,0.25,0.9777348,0.4571111,0.25,0.0,13,0.25,0.0,0.0,0.5,0,0.25,0.0,0.0,0.0,0.014199425,0.06633385,0.0,0.25,0.25
0.3996756,0.6428018,0.5021294,0.027571704,-985.0,49972.5,0.0,1,12.0,-301.0,700843.94,0.5662409,12.061121,0.15864286,49,1,1.0,10.0,-35.0,0.0,-716.6667,5242.4604,-1017.0,50439.0,5.0,75816.0,0.0,0.17379732,-313.0,1.1111112,0.0,25.0,70084.4,70084.4,200.0,20.1,2529.067,1200.5,0.0,201612.0,70084.4,0.0,-8.0,0.032561,15.13074,1.0,0.6666667,1,-728.6427,307208.47,0.07275849,13.0,0.0,1,0.8679975,1,0.1985,0.0,0.0,0,0.0,0.0,0.0,0.0,0.997,0.32916668,0.0,0.0,13,1.0,0.0,0.6666667,0.0,0,1.0,0.0,0.0,0.0,0.0,0.0492,0.0,0.0,0.0
0.79813725,0.11735102,0.5021294,0.05,-2384.1423,9000.0,0.0,1,11.0,-233.0,352373.0,0.5662409,12.061121,0.13333334,-21,0,1.0,21.0,-102.0,0.0,-1294.25,0.0,-13351.0,5886.0,128.0,6750.0,0.0,0.375,-2285.0,0.9851151,0.0,19.0,17618.65,9090.135,193.0,12.2,2529.067,93350.164,0.0,98467.875,15500.947,0.16666667,-299.5,0.0105,15.13074,0.95238096,0.75,0,-728.6427,970224.5,0.004423415,10.333333,0.0,3,0.8679975,0,0.1025479,0.0,0.0,1,0.0,0.0,0.6666667,0.0,0.9777348,0.4571111,0.16666667,0.0,16,0.16666667,0.0,0.25,0.16666667,0,0.0,0.16666667,0.0,0.0,0.014199425,0.06633385,0.0,0.16666667,0.16666667
0.7713616,0.4591624,0.5021294,0.079241216,-1432.0,43366.5,1.4285715,1,27.0,-1053.0,39175.605,0.5662409,12.061121,0.240925,-118,0,0.85714287,7.0,-891.0,0.0,-1106.6666,5242.4604,-3424.0,0.0,1011.9233,0.0,0.0,0.3289041,0.0,0.8969549,933.04285,34.0,5596.515,874.8,-951.0,8.571428,2529.067,0.5,0.0,47065.5,13968.832,0.0,-977.0,0.030755,15.13074,0.85714287,0.6666667,1,-728.6427,307208.47,0.0056032985,14.0,5656.5,2,0.8679975,0,0.1025479,0.0,0.0,0,12823.701,0.0,0.33333334,0.33333334,0.9777348,0.16240601,0.0,0.0,13,0.33333334,0.0,0.33333334,1.0,0,0.6666667,0.0,0.0,0.0,0.0,0.06633385,0.0,0.0,0.0
0.5108563,0.60464346,0.5021294,0.029339854,-192.0,37044.0,0.0,1,24.0,-416.93738,238761.27,0.5662409,5.0,0.28386205,-8,0,1.0,22.0,-32.0,0.0,-1083.0499,5242.4604,-4882.0,160390.22,1011.9233,0.0,0.0,0.10335954,0.0,0.85353005,0.0,31.0,10852.785,10852.785,774.7538,16.90909,2529.067,431962.28,0.0042077564,378081.47,10852.785,0.0,-132.19705,0.04622,15.13074,1.0,0.58311266,1,-728.6427,307208.47,0.07275849,19.0,0.0,1,0.8679975,1,0.1025479,0.0,0.0,0,12823.701,0.0,0.0,0.0,0.9777348,0.4571111,0.0,49.54514,16,1.0,0.014233142,0.23965093,0.0,0,1.0,0.0,1.0,0.0,0.014199425,0.06633385,0.0,0.0,0.0
0.12373532,0.29626665,0.5021294,0.038748465,-1775.0,34078.5,1.5428572,0,9.0,-230.0,190578.83,0.5662409,17.0,0.189325,62,0,0.9142857,34.0,-802.0,0.2857143,-650.0,0.0,-1922.0,196790.53,289.0,9090.0,0.9411765,0.20466639,-23.0,1.0616008,770.65717,30.0,5445.1094,92.61,437.0,7.2,2529.067,401074.44,0.0,398258.66,4850.28,0.2857143,-187.25,0.0105,15.13074,0.88235295,0.6923077,0,-849.0,64522.0,0.010036194,12.857142,8898.39,3,1.0,1,0.1025479,0.0,0.0,0,0.0,0.14285715,0.2857143,0.71428573,0.9777348,0.30646992,0.0,0.0,15,0.14285715,0.0,0.15384616,0.0,0,0.42857143,0.0,0.0,0.0,0.025303643,0.06633385,0.0,0.0,0.2857143
0.5108563,0.77148193,0.5021294,0.053412683,-4303.0,51372.0,0.0,1,6.0,-416.93738,196616.16,0.5662409,12.061121,0.38053334,-105,0,1.2778605,11.0,-130.0,0.5,-1083.0499,5242.4604,-5554.0,160390.22,1011.9233,31500.0,0.0,0.1403627,0.0,1.252449,-1903.5,21.0,21846.24,13577.355,774.7538,15.666667,2529.067,431962.28,0.0042077564,378081.47,15253.02,0.25,-132.19705,0.006629,15.13074,0.8181818,0.58311266,1,-446.0,307208.47,0.2903572,8.0,0.0,2,1.0,1,0.0087,0.0,0.0,0,12823.701,0.0,0.75,0.0,0.9722,0.4571111,0.0,49.54514,5,0.25,0.014233142,0.23965093,0.0,0,0.25,0.75,0.0,0.0,0.014199425,0.06633385,0.0,0.0,0.5
0.5108563,0.19222435,0.5021294,0.06084542,-1224.0,19030.5,8.090909,0,18.0,-416.93738,391248.38,0.5662409,12.0,0.15103571,-105,0,1.0,23.0,-41.0,0.4,-1083.0499,5242.4604,-2854.0,160390.22,1011.9233,0.0,0.95652175,0.4028545,-341.0,0.9425316,0.0,27.0,17784.016,3287.385,774.7538,7.5,2529.067,431962.28,0.0042077564,378081.47,10194.907,0.2,-132.19705,0.028663,15.13074,0.9130435,0.58311266,0,-341.0,307208.47,0.00481511,13.8,0.0,2,1.0,1,0.1025479,0.0,1.0,0,12823.701,0.6,0.2,0.6,0.9777348,0.4571111,0.0,49.54514,13,0.2,0.014233142,0.23965093,0.0,1,0.2,0.2,0.0,0.0,0.014199425,0.06633385,0.04347826,0.0,0.0
0.5478105,0.14531153,0.45452142,0.04218307,-458.0,37494.0,0.5555556,1,23.142857,-310.0,770367.2,0.5662409,12.061121,0.27773333,68,0,0.93333334,45.0,-44.0,0.0,-1316.1538,0.0,-12830.0,26687.266,-342.0,4270.5,0.0,0.15188335,-6.0,0.919537,483.122,55.0,17119.271,0.63,31136.0,18.48889,0.0,757780.56,0.0,134718.05,16091.306,0.22222222,-260.6,0.016612,0.0,0.93333334,0.61538464,1,-728.6427,27423.5,0.006758356,13.888889,11559.42,2,0.8679975,1,0.1025479,0.0,0.0,0,0.0,0.11111111,0.44444445,0.44444445,0.9777348,0.4571111,0.11111111,0.0,10,0.11111111,0.0,0.30769232,0.33333334,1,0.33333334,0.11111111,0.0,0.11111111,0.014199425,0.06633385,0.0,0.0,0.22222222
0.5971924,0.46507075,0.3257595,0.05314413,-1093.0,8595.0,0.0,1,0.0,-504.0,726975.0,0.14285715,12.061121,0.0955,80,1,1.0,29.516104,-11.0,0.0,-330.5,0.0,-9838.0,319331.25,1322.0,11083.136,0.21486607,0.55648303,-155.0,1.0,0.0,14.0,13716.51,66.015,-95.0,3.0,2529.067,431962.28,0.0,442125.0,11250.0,0.0,-61.0,0.010643,15.179894,0.90468615,0.5,1,-728.6427,307208.47,0.07275849,17.5,0.0,2,0.8679975,1,0.0978,0.0,0.0,0,0.0,0.5,1.0,0.0,0.9841,0.4571111,0.0,0.0,11,0.5,0.0,0.0,0.5,1,0.0,0.0,0.0,0.0,0.014199425,0.0194,0.010587371,0.0,0.0
0.46865967,0.63506335,0.6239104,0.05,-2384.1423,13500.0,0.0,1,12.0,-158.0,84246.88,0.5662409,12.061121,0.15,-81,0,1.0,7.0,-373.0,0.0,-449.83334,5242.4604,-13934.0,108334.5,1303.0,0.0,0.0,0.33333334,-545.0,1.0,0.0,74.0,14041.147,8331.795,-286.0,34.0,2529.067,1512.5,0.0,142275.0,6803.415,0.0,-73.0,0.018634,15.13074,0.85714287,0.33333334,0,-728.6427,15608.333,0.0,9.0,0.0,2,0.8679975,1,0.1025479,0.0,0.14340623,1,0.0,0.0,0.5,0.0,0.9777348,0.4571111,0.0,0.0,10,0.5,0.0,0.0,0.5,0,1.0,0.0,0.0,0.0,0.014199425,0.06633385,0.0,0.0,0.0
0.18195911,0.6424302,0.3854506,0.054656163,-1356.0,17046.0,0.0,0,13.0,-53.0,118588.81,0.5662409,12.061121,0.04735,16,0,1.0,9.0,-581.0,0.0,-281.16666,0.0,-997.0,349392.75,220.0,9675.0,0.0,1.1543012,-781.0,1.0583713,0.0,81.0,16941.26,10568.52,-13.0,54.714287,2529.067,82.333336,0.5,360246.75,10048.253,1.0,-39.666668,0.004849,15.13074,0.7777778,0.5,1,-728.6427,159087.0,0.0056742877,16.5,0.0,2,0.8679975,0,0.1025479,0.0,0.0,0,0.0,0.0,1.0,0.0,0.9777348,0.4222408,0.0,0.0,15,0.5,0.0,0.33333334,0.0,1,0.0,1.0,0.0,0.0,0.0,0.06633385,0.11111111,0.0,0.0
0.22761291,0.58665955,0.23508051,0.05160237,-4026.0,12231.0,0.375,1,18.0,-242.0,277192.97,0.5662409,12.061121,0.0906,86,0,0.875,23.0,-877.0,0.0,-1147.125,16383.51,-5047.0,237255.75,-16.0,0.0,0.0,0.56956255,-2033.0,0.8677742,1434.0787,30.0,11549.707,70.56,-364.0,10.0,2529.067,691296.56,0.0,299177.44,8776.98,0.5,-11.5,0.02461,15.13074,0.9130435,0.75,1,-728.6427,0.0,0.003550906,19.0,11396.925,2,0.8679975,0,0.0018,0.5,0.0,0,0.0,0.0,0.0,0.5,0.9513,0.6376136,0.0,0.0,15,0.5,0.0,0.25,0.0,1,0.0,0.0,0.0,0.0,0.0,0.06633385,0.0,0.0,0.5
